200 200
813 588 842 83 497 781 268 38 1 150 679 601 482 989 778 753 383 328 789 23 280 501 822 203 748 894 424 933 552 553 699 97 198 577 567 717 825 747 272 679 823 625 703 91 865 435 344 96 371 820 420 825 257 456 717 97 774 202 718 651 816 299 100 975 47 603 925 206 848 672 935 370 499 956 853 932 199 528 590 661 994 715 914 825 516 1000 939 30 649 371 251 617 441 312 366 604 123 92 513 902 695 538 204 120 623 679 275 320 737 201 389 496 229 142 612 215 855 887 898 715 535 13 194 797 174 18 664 341 572 927 688 636 634 314 384 387 541 399 297 130 696 501 56 190 434 609 765 408 99 452 252 826 92 914 618 687 892 911 457 458 803 852 390 816 79 530 437 483 311 723 837 419 964 88 197 765 697 273 463 500 740 803 989 177 19 23 551 127 258 604 822 370 193 263 515 463 338 950 530 261
421 950 901 432 627 498 275 617 487 673 491 504 146 739 387 509 314 650 825 479 332 376 676 167 995 936 946 635 386 712 618 273 328 662 408 999 500 747 813 162 960 848 298 574 7 639 461 988 59 187 31 625 793 584 115 699 736 380 371 961 510 874 604 64 942 198 159 971 276 629 16 433 826 802 820 834 538 504 78 481 238 103 380 371 986 149 698 641 250 622 326 148 39 644 685 100 732 108 47 662 490 474 742 922 71 645 32 719 565 131 632 853 947 86 165 633 647 934 272 930 859 915 670 463 512 711 21 811 653 141 838 967 194 931 957 452 491 798 451 458 572 284 489 730 594 66 852 820 299 373 293 369 963 35 86 515 879 283 287 281 990 485 442 455 945 381 33 731 88 256 836 620 654 245 549 764 34 757 178 345 380 33 54 975 758 784 770 973 215 718 444 352 907 80 162 750 693 117 410 561
139 476 761 507 655 77 132 76 359 533 32 191 539 726 154 189 289 757 155 520 583 871 398 816 229 968 227 713 578 733 933 129 430 708 168 776 325 247 575 587 5 806 825 583 396 193 779 334 876 391 539 452 10 408 866 544 565 871 678 140 734 240 661 557 825 761 382 279 683 190 996 153 169 707 641 138 394 77 63 13 41 484 778 61 118 667 729 554 103 690 377 610 33 62 556 231 806 417 231 782 579 705 945 974 301 95 483 80 742 588 885 61 173 916 678 449 123 982 115 719 183 52 701 942 32 769 861 693 747 436 667 726 294 262 455 238 207 836 880 670 798 549 807 661 220 285 607 14 262 540 810 750 763 998 993 726 893 701 339 796 530 96 599 610 661 34 371 376 708 120 232 972 782 29 370 944 709 971 349 447 703 853 995 53 353 143 32 11 345 70 497 3 475 849 271 90 694 605 631 280
236 136 129 430 559 187 249 679 394 609 440 578 530 642 851 492 951 277 260 141 307 910 34 198 777 460 108 828 181 590 112 971 951 829 3 526 165 123 156 607 403 486 498 883 891 544 786 711 555 832 815 482 221 863 660 921 398 159 789 942 470 891 933 876 11 346 428 258 328 137 293 380 603 876 695 372 229 6 799 313 181 85 418 638 636 787 238 949 658 92 199 390 422 129 772 933 936 858 152 533 952 977 52 533 538 796 992 500 944 374 905 337 862 730 606 400 889 280 666 680 817 991 69 268 135 43 113 604 618 627 737 159 840 518 519 117 802 705 784 798 991 89 89 853 681 774 128 222 360 347 163 997 746 839 939 251 180 989 189 231 644 129 881 491 757 950 469 638 114 744 629 140 467 995 824 202 586 381 752 149 995 341 642 270 934 70 281 771 2 63 904 671 31 492 646 467 326 63 12 282
914 739 104 394 957 639 345 105 756 856 880 383 146 853 774 151 380 684 781 481 762 415 807 20 969 545 911 859 155 107 457 383 13 915 966 993 131 695 565 492 272 73 490 124 409 722 204 814 557 999 883 175 449 339 262 821 555 794 355 302 558 706 906 280 464 570 905 736 788 47 513 765 256 678 637 995 4 540 900 838 508 571 550 261 175 865 37 329 15 880 215 585 312 196 158 285 60 280 745 310 720 904 384 223 725 746 176 609 3 93 835 897 848 366 591 190 359 188 489 947 655 227 488 394 912 561 638 368 126 672 752 90 995 441 56 599 913 634 209 624 450 276 225 654 996 58 495 679 660 516 858 540 259 534 273 656 994 370 308 806 437 767 380 97 784 559 425 918 659 167 961 285 63 666 517 326 838 680 520 59 81 681 115 63 450 441 547 93 181 703 270 361 2 65 273 733 317 355 398 414
608 721 874 853 735 80 759 118 290 821 508 458 745 264 916 318 247 786 16 944 53 794 528 555 894 390 158 225 803 302 657 668 885 763 923 13 110 270 813 985 139 573 122 32 409 264 501 218 72 746 283 783 180 912 139 158 102 876 25 813 223 610 336 914 430 921 712 487 627 587 500 463 331 988 630 465 198 820 182 545 116 227 686 842 143 401 229 602 361 477 578 789 664 282 607 859 611 876 198 584 935 232 755 28 417 250 407 591 767 123 941 660 36 925 323 373 823 511 661 260 932 447 386 311 370 538 730 602 382 598 927 59 422 655 604 185 313 297 604 681 484 247 107 472 911 590 165 376 590 439 694 986 480 820 336 74 465 444 498 13 879 907 112 622 67 493 445 654 61 656 27 851 750 1000 846 528 540 360 372 165 933 184 492 545 73 416 601 614 118 31 356 837 667 239 628 753 550 258 850 946
624 535 994 897 831 946 271 852 801 396 370 728 968 4 635 353 429 308 180 506 869 805 362 39 17 556 823 210 7 794 46 842 32 487 661 106 576 426 496 335 958 898 482 208 211 384 148 113 217 51 957 229 889 1000 276 428 226 366 487 379 154 380 711 774 910 654 743 287 861 195 761 836 925 576 57 514 205 206 411 1000 938 542 955 941 48 691 436 655 982 25 943 937 967 876 655 79 750 84 122 692 622 684 810 198 518 776 102 531 583 583 494 997 339 906 685 191 452 216 786 877 790 992 10 226 335 220 556 581 304 154 615 8 30 300 108 415 525 902 221 681 213 747 423 571 609 557 670 770 613 947 511 92 444 888 891 609 885 553 920 175 966 142 688 622 205 646 719 870 290 432 308 714 411 675 34 993 449 221 202 305 239 756 442 372 774 49 668 940 323 372 741 367 416 442 367 543 419 856 293 802
158 620 992 669 611 264 672 203 625 478 514 178 645 566 8 154 67 230 548 262 476 619 13 992 217 559 313 60 991 886 857 576 41 502 399 128 359 332 141 890 298 553 4 940 597 277 814 800 883 134 276 648 329 89 761 658 543 613 359 123 593 623 934 1 249 314 640 214 215 71 442 921 28 630 362 812 324 931 207 947 878 591 773 418 392 810 577 763 850 56 61 191 672 574 874 621 241 537 974 255 299 173 263 181 622 367 362 293 578 799 230 164 74 130 589 818 571 464 57 118 83 836 568 41 367 382 458 416 284 531 778 245 427 950 606 595 434 335 918 654 458 391 825 574 553 612 822 253 52 892 750 96 885 956 909 435 678 521 401 110 632 524 461 341 594 628 944 703 178 103 724 75 102 918 193 211 509 695 975 748 249 801 555 6 367 654 192 863 46 36 403 8 290 906 454 711 790 724 788 999
626 121 206 493 164 4 16 486 676 658 681 990 361 252 935 149 454 388 425 964 573 243 336 902 719 653 222 787 855 119 949 824 648 410 476 760 699 50 222 303 580 580 645 280 860 552 751 109 582 264 232 650 792 337 791 612 375 882 313 282 411 443 654 935 323 459 357 205 120 601 425 893 830 276 84 239 358 524 850 870 870 847 878 948 730 43 80 742 942 117 161 868 16 840 518 350 19 433 45 129 198 13 120 282 176 873 856 965 217 228 777 108 602 222 708 655 12 708 746 332 667 799 408 73 947 25 743 372 564 675 162 867 941 970 460 930 152 994 908 627 790 445 285 54 578 583 394 938 308 807 612 481 649 657 621 790 802 812 736 647 605 621 983 987 993 997 1 652 988 308 300 152 2 218 305 113 132 644 4 582 823 758 382 365 117 732 741 562 206 844 355 652 417 845 331 785 752 114 197 259
832 123 470 595 440 121 339 372 941 685 248 14 426 897 268 721 126 177 23 34 698 15 834 13 325 77 451 978 837 56 157 281 284 754 305 254 226 256 339 543 590 280 983 161 54 789 964 831 92 248 478 120 997 533 406 551 499 959 394 341 135 536 868 76 152 282 251 44 225 741 892 326 988 25 391 358 647 344 721 181 465 218 828 117 323 863 753 805 169 716 146 197 160 86 183 493 987 597 252 422 670 513 14 454 890 465 764 571 683 878 927 34 867 780 684 124 933 966 343 9 562 322 883 564 725 484 480 819 255 70 429 911 408 18 481 977 993 806 148 18 477 57 2 122 839 94 72 171 999 221 207 536 200 506 651 256 94 97 609 829 524 776 851 586 632 667 895 824 850 675 368 126 897 112 637 482 23 891 341 649 702 241 716 190 718 113 792 573 744 734 929 489 263 763 929 960 911 918 831 739
235 610 617 884 881 335 869 103 219 443 42 346 563 942 84 884 536 125 123 360 128 105 899 387 636 841 65 411 549 135 300 668 462 649 773 669 917 163 27 239 12 183 941 115 142 959 851 312 650 447 597 564 649 417 87 864 356 983 77 287 560 247 282 436 726 381 222 566 709 962 752 332 796 955 851 282 911 381 122 768 394 695 924 926 631 985 304 167 826 947 258 419 22 180 339 431 992 289 14 436 880 294 716 221 680 843 628 290 206 231 492 1 32 855 764 434 188 458 243 435 572 373 498 380 204 214 950 943 549 28 116 152 521 624 656 869 470 702 218 144 918 505 668 378 891 284 238 623 740 484 157 249 875 88 203 917 46 298 416 320 966 740 210 187 618 871 853 311 854 807 99 556 919 672 818 510 981 657 275 616 920 946 222 508 231 867 47 526 239 92 927 628 786 896 51 437 837 435 284 641
752 265 560 229 745 513 212 109 631 475 833 455 241 483 528 463 572 47 797 621 901 572 443 363 694 197 292 914 208 957 493 166 292 310 317 582 674 984 564 523 175 469 602 1000 638 255 260 739 48 342 454 731 348 946 381 139 869 239 289 504 869 566 123 91 835 74 685 67 997 723 399 367 913 718 493 87 763 950 783 163 798 660 289 704 53 687 246 669 12 971 429 699 747 55 837 580 8 970 723 823 967 453 298 551 514 771 881 807 325 46 540 288 735 402 968 15 576 665 189 629 233 283 22 608 924 998 8 475 881 198 191 467 134 693 268 176 898 669 672 636 650 9 493 512 154 26 225 578 895 239 606 121 951 430 164 663 118 45 589 802 197 402 158 577 823 568 191 502 886 108 620 60 955 288 984 813 637 897 89 514 610 208 529 305 238 973 705 270 941 151 915 552 763 901 383 928 113 308 765 512
237 198 785 795 127 932 618 730 315 351 701 791 4 404 505 188 391 441 962 256 448 974 845 20 547 856 705 435 663 21 466 861 63 379 47 137 675 529 488 595 460 495 345 462 174 730 908 814 109 610 76 942 480 470 709 337 366 241 966 434 883 516 580 490 903 564 967 431 195 845 260 149 966 727 347 729 969 670 779 811 670 681 393 720 659 865 818 640 481 119 221 63 877 137 486 779 224 159 390 12 684 310 273 653 842 916 791 339 2 577 388 786 628 150 311 359 979 359 850 726 73 592 309 211 955 497 84 148 724 221 971 746 837 423 759 214 193 695 56 691 729 26 18 464 878 560 197 313 476 264 4 918 360 70 172 65 551 461 478 61 224 162 630 397 19 524 860 915 408 233 898 214 94 580 814 443 171 102 318 90 347 690 451 697 216 669 185 181 114 543 388 200 907 921 744 888 846 101 769 173
461 897 13 117 530 51 210 958 424 74 833 477 321 828 149 379 635 361 171 835 890 470 521 140 383 77 350 836 696 310 329 674 302 771 875 92 617 435 99 497 804 370 449 638 235 396 247 788 802 123 207 587 659 443 177 176 400 683 602 587 220 967 30 435 39 645 94 61 732 458 762 328 894 718 732 72 665 114 138 41 526 822 669 662 598 787 930 663 914 992 105 305 712 4 3 670 544 199 338 175 607 94 4 694 624 869 751 168 512 344 737 948 760 52 276 254 235 666 875 4 466 415 898 468 546 241 79 356 647 30 742 884 635 125 277 450 752 205 295 519 786 368 416 858 741 705 360 916 350 585 670 29 639 831 191 249 859 829 286 697 743 242 542 981 117 714 426 502 769 273 516 201 365 72 796 27 259 264 755 230 796 921 502 320 807 997 505 848 160 66 715 563 142 964 583 22 675 854 346 525
163 517 554 641 490 707 468 748 166 984 149 426 478 249 959 729 528 574 201 408 524 348 723 831 851 13 969 781 519 2 456 599 335 820 524 306 100 628 644 256 506 423 738 79 779 360 299 331 716 160 776 83 347 822 580 964 696 123 49 878 747 854 378 40 364 387 802 732 211 470 4 716 543 422 252 621 947 545 279 45 847 98 397 175 844 878 808 786 814 369 751 140 940 214 935 337 650 14 926 772 233 866 97 338 839 398 554 964 651 409 12 901 195 428 795 103 165 921 875 837 955 863 772 562 125 937 699 606 939 746 45 431 419 417 81 392 933 808 161 801 866 211 800 825 815 401 980 968 859 645 94 829 799 949 343 657 993 201 345 59 279 849 524 367 421 137 654 721 454 803 438 295 581 849 202 454 971 823 472 725 73 341 278 175 969 568 199 483 563 315 599 513 341 421 75 448 479 508 958 939
818 687 926 919 502 754 152 484 736 262 835 709 593 680 743 42 855 111 310 978 851 287 469 2 311 888 102 992 616 689 301 812 662 317 52 370 108 575 112 96 941 315 710 639 243 389 455 662 504 985 705 94 994 690 355 352 572 235 378 163 344 14 415 376 338 775 914 334 375 456 443 129 56 258 171 912 182 831 824 987 837 537 124 214 539 595 92 241 434 308 140 333 454 731 64 748 877 273 205 862 612 867 572 161 341 72 566 537 5 190 220 511 194 714 672 588 89 958 633 845 315 572 256 223 484 392 262 141 704 740 893 832 280 183 387 809 504 793 910 392 100 559 228 901 177 156 927 58 317 747 824 349 887 8 910 83 454 646 360 999 312 853 483 604 878 999 289 518 970 236 864 71 161 176 253 767 681 259 188 979 41 130 367 263 447 917 319 158 611 63 706 15 945 672 676 228 805 452 57 750
683 612 492 118 245 917 19 938 980 233 153 195 136 42 270 575 188 169 607 45 497 145 247 455 496 854 839 644 514 690 978 637 776 149 265 800 530 358 226 419 147 411 111 340 781 99 220 809 958 696 85 875 708 251 305 488 148 321 615 124 719 140 341 732 332 280 157 182 662 661 432 475 969 880 782 175 651 313 855 51 978 733 498 759 555 105 124 748 506 110 336 248 19 607 999 995 26 603 195 799 270 965 892 658 270 133 980 869 643 124 417 214 380 508 516 289 756 630 729 768 138 217 477 403 57 920 89 11 668 228 195 845 287 437 970 783 89 624 333 38 342 44 587 743 768 946 323 124 287 131 864 355 605 612 306 989 781 243 945 447 763 597 955 313 55 22 924 295 532 353 422 689 864 952 455 401 603 390 436 536 575 899 960 761 373 97 854 783 733 496 42 122 169 238 117 50 232 300 718 329
195 679 117 197 37 627 263 602 10 953 131 617 304 352 227 555 673 632 239 30 518 424 719 668 527 14 743 135 758 99 40 831 59 285 431 959 187 926 59 592 642 504 766 224 712 619 455 46 913 117 673 112 627 813 982 388 610 377 757 848 279 311 633 121 667 325 847 901 997 376 250 358 75 941 696 289 781 100 3 956 331 134 698 944 969 134 234 435 266 52 259 328 283 477 618 310 858 562 433 968 337 420 386 84 411 201 117 976 202 92 314 746 808 462 267 278 699 91 577 34 156 193 785 801 779 117 616 231 872 788 228 241 704 330 316 747 897 1 418 251 846 907 560 680 138 644 374 493 468 885 566 4 56 23 100 82 183 546 295 231 116 256 560 425 258 149 751 842 796 833 766 934 815 755 766 402 109 184 681 437 357 728 421 386 770 730 396 725 646 311 250 147 8 299 106 625 205 221 379 943
157 333 611 497 474 603 704 542 251 749 366 185 406 84 964 643 406 200 174 577 775 209 619 504 134 446 879 467 216 825 657 778 71 963 479 729 195 969 340 136 266 250 23 477 589 646 845 388 990 5 392 201 45 324 685 589 776 921 937 324 861 690 608 938 188 676 220 828 687 944 91 829 178 18 121 206 967 474 534 899 328 991 687 458 452 917 413 50 761 90 606 71 610 497 953 863 239 684 267 695 402 409 288 818 349 316 674 519 383 87 925 774 264 101 139 796 29 552 427 895 885 615 576 988 821 141 116 77 531 554 61 452 417 515 117 906 731 659 540 116 427 143 314 636 598 413 986 556 520 211 906 986 959 436 413 410 725 406 46 23 475 957 540 364 645 779 862 592 493 731 944 636 360 374 441 60 122 3 599 219 815 953 774 664 735 422 843 374 967 823 913 215 291 88 275 664 108 296 458 119
596 518 593 14 385 202 116 982 454 252 962 254 935 343 818 696 802 230 957 888 765 963 450 527 474 894 942 93 915 271 21 560 428 193 392 77 916 219 43 255 832 849 921 366 312 704 298 625 252 315 511 455 157 718 241 624 957 877 933 601 759 129 770 666 887 137 565 896 1 703 349 769 643 902 912 801 604 95 964 53 330 173 235 724 965 688 580 113 552 217 995 979 167 713 171 231 292 892 592 104 711 727 426 556 150 334 866 240 211 272 140 736 542 983 3 298 705 719 496 64 136 438 299 625 548 341 903 478 399 937 693 368 551 580 532 738 273 459 598 103 724 17 939 381 588 448 791 424 919 859 410 195 987 32 1000 220 471 32 198 567 819 109 501 42 622 211 695 564 798 479 977 959 381 471 674 701 903 835 784 40 843 823 932 495 741 647 814 578 886 229 435 838 573 249 791 115 33 117 229 74
682 484 375 461 99 762 732 802 682 524 395 874 991 35 900 272 188 274 843 671 969 447 287 877 735 380 268 581 100 864 468 115 874 84 835 10 217 887 956 562 88 735 416 867 733 727 450 491 952 181 540 546 906 1000 324 717 637 397 170 81 466 646 94 550 289 127 393 427 126 747 586 528 674 43 636 968 886 787 887 666 555 621 343 865 956 116 732 158 439 344 648 371 188 519 366 364 24 157 612 663 745 799 204 146 612 704 24 596 924 72 691 515 956 309 763 459 887 858 601 474 914 781 136 526 907 445 535 540 485 260 577 187 549 473 404 472 276 487 387 770 187 364 373 459 887 419 566 435 246 559 563 731 277 908 249 513 647 962 594 151 766 696 551 430 612 709 443 654 799 273 487 257 335 378 574 378 934 371 543 825 113 614 975 568 113 785 254 648 553 776 531 70 989 387 967 365 422 676 870 445
406 818 107 69 961 874 856 877 320 452 251 674 48 647 627 933 572 935 592 148 274 221 670 874 867 660 323 122 702 556 849 163 441 63 659 766 892 776 927 988 762 324 301 305 105 6 349 961 115 738 643 853 727 232 393 654 310 624 459 609 744 256 817 506 6 200 501 729 388 441 24 816 995 664 895 706 553 72 453 69 297 139 48 542 611 870 81 810 159 955 644 881 840 789 794 279 689 853 268 655 377 9 190 356 767 152 494 584 99 548 300 842 263 847 544 570 575 383 581 378 60 476 515 61 685 406 337 126 962 634 641 757 202 972 169 788 336 472 528 84 94 633 751 904 625 454 360 233 550 582 724 318 486 851 75 408 208 824 779 190 81 713 378 72 868 931 672 164 809 427 708 916 139 812 282 275 949 660 139 877 795 43 267 716 364 416 407 59 491 307 516 590 383 460 550 829 85 201 239 962
236 432 333 194 666 920 157 380 65 907 724 810 708 449 705 845 451 545 491 484 443 605 934 422 562 746 939 894 844 395 591 822 371 476 143 430 508 406 140 184 35 492 872 827 719 348 995 861 108 485 772 29 675 97 571 993 378 35 635 477 115 137 592 707 781 208 936 942 711 5 776 945 709 232 76 277 749 120 500 957 142 962 876 877 850 81 696 9 508 903 191 41 533 46 72 142 173 505 40 642 423 659 590 881 518 865 479 534 12 214 244 811 78 512 858 443 26 133 721 772 423 560 922 206 568 39 150 272 45 977 486 805 617 333 422 953 583 125 121 308 780 839 507 894 677 356 689 954 945 813 765 981 114 144 25 588 38 49 291 235 215 249 935 868 51 300 707 148 397 694 574 27 804 258 27 458 412 554 371 456 100 75 674 26 46 524 215 809 400 680 301 807 890 459 513 504 960 289 668 666
504 667 540 123 439 861 289 714 943 873 89 252 824 594 595 380 844 360 322 984 103 686 254 361 61 720 672 1000 331 95 340 521 291 36 303 787 600 685 24 496 585 40 200 60 838 527 832 896 846 113 837 368 995 797 372 632 420 190 178 687 31 553 710 519 476 93 742 610 322 97 553 849 534 798 512 164 451 392 865 58 805 243 664 803 296 252 609 451 381 649 883 513 828 892 793 151 968 110 103 422 80 725 177 722 506 506 349 98 890 214 506 747 996 506 864 442 494 876 234 871 298 135 21 646 52 851 761 451 756 519 286 552 551 629 87 617 190 22 908 171 127 407 944 323 471 769 246 371 937 912 687 813 596 860 809 663 55 857 392 216 207 954 756 175 878 181 825 66 78 721 935 221 987 273 115 314 869 286 376 548 949 86 877 787 19 92 867 668 319 406 640 2 971 28 470 900 56 691 217 658
617 817 962 640 329 883 123 378 295 781 605 596 120 165 435 83 458 560 378 613 447 731 310 781 119 835 226 213 977 385 624 714 717 313 544 143 47 686 497 306 233 723 147 694 682 420 741 598 344 313 244 554 412 19 96 15 304 912 614 155 156 759 961 910 388 313 287 832 166 931 844 510 120 457 799 684 941 336 590 418 587 671 468 320 336 356 110 465 612 193 157 622 995 826 54 847 651 675 961 212 993 27 90 822 588 365 111 953 383 612 558 980 301 953 541 508 878 979 503 561 517 205 396 537 720 888 463 384 135 931 410 291 564 854 349 705 847 100 344 48 453 303 250 974 954 777 958 760 249 667 776 488 935 693 827 40 894 619 776 521 97 446 673 65 400 842 932 559 321 292 376 281 572 915 598 763 500 447 800 304 40 37 670 554 128 990 310 525 437 126 52 731 76 10 896 813 847 805 950 52
452 459 416 921 776 896 219 51 951 766 497 532 96 277 768 91 224 935 477 529 761 632 516 537 631 267 741 652 235 677 785 878 247 120 486 393 759 25 377 944 697 698 14 823 778 247 381 595 857 737 137 17 584 447 453 940 837 414 187 942 977 14 881 273 321 606 653 282 261 441 608 155 804 395 199 968 353 110 546 311 640 50 390 77 683 631 996 964 839 282 324 446 578 199 993 55 22 866 675 89 654 940 680 343 535 673 270 41 121 239 898 649 350 411 944 227 902 197 134 192 879 385 553 811 358 725 970 7 769 422 289 669 367 364 659 461 940 190 942 739 933 682 896 823 468 915 588 510 483 774 788 517 519 438 385 668 438 929 43 484 447 360 11 924 304 937 77 693 533 5 322 528 971 862 985 793 281 203 189 264 280 666 700 304 582 69 491 45 720 689 458 726 630 701 517 927 895 713 954 677
197 888 974 385 289 742 476 420 330 855 751 545 466 243 849 326 724 336 26 641 224 218 366 689 540 649 719 837 648 403 336 4 781 493 701 361 808 956 562 962 47 119 917 173 53 530 309 565 498 526 9 14 24 259 27 836 897 639 778 933 868 860 388 941 181 352 110 646 964 336 913 853 870 154 660 354 37 465 687 838 437 98 871 821 40 123 628 247 551 663 173 292 354 425 1 833 155 133 979 418 66 323 925 737 331 319 914 599 750 606 187 249 496 772 74 513 767 475 318 584 243 725 806 931 116 382 231 704 320 676 89 820 650 825 489 102 128 734 423 892 823 457 744 948 314 246 521 24 454 938 940 718 35 77 715 202 817 603 953 640 933 209 157 121 902 716 828 323 515 108 495 877 399 660 150 562 159 70 20 888 24 821 206 556 550 208 77 861 866 408 462 579 218 222 213 558 970 523 124 677
179 70 218 374 392 224 705 844 220 588 403 873 774 827 950 324 628 576 511 757 596 433 713 708 553 639 443 133 978 934 9 975 461 283 317 950 908 31 722 875 777 688 541 914 432 671 252 961 775 388 794 708 793 582 423 414 29 990 400 49 102 672 711 804 483 51 990 630 372 220 12 476 576 943 353 746 691 616 137 902 364 141 800 157 659 548 816 78 901 945 123 123 334 695 906 748 830 250 179 655 420 68 907 644 323 701 491 248 553 455 200 817 240 79 952 475 137 250 533 88 911 738 898 983 931 223 491 742 263 986 682 982 933 429 983 308 103 976 664 888 937 798 279 146 502 359 993 900 478 707 201 795 541 344 35 769 352 915 949 137 390 413 623 625 316 301 244 28 196 922 259 257 487 696 157 296 936 810 526 702 207 22 825 936 277 787 998 13 764 155 108 280 372 948 464 866 360 554 30 231
923 29 138 128 581 959 835 224 674 11 783 581 143 328 704 955 568 567 896 441 123 364 25 349 987 666 464 481 394 712 18 752 172 501 632 766 643 76 240 273 381 283 5 21 198 231 937 163 53 983 869 591 936 781 546 40 73 482 682 993 178 956 836 525 987 347 763 911 167 886 855 283 929 699 876 174 598 219 593 457 957 136 158 210 480 597 93 550 898 987 136 879 777 153 692 980 568 90 983 702 993 957 11 780 133 445 488 560 314 972 80 894 369 706 685 228 839 563 833 652 625 94 602 699 940 234 29 481 694 559 173 591 38 914 808 703 463 603 621 938 84 131 434 285 148 228 503 394 60 483 970 963 435 147 459 202 485 931 155 79 908 295 446 273 345 288 25 493 747 533 422 819 529 467 493 195 63 503 901 671 691 789 340 749 13 869 249 187 808 108 194 9 960 893 70 928 361 130 865 65
284 97 297 610 906 371 188 72 919 214 857 258 378 617 701 935 977 249 1 713 871 823 953 615 241 815 348 64 570 349 261 791 445 677 94 994 96 816 968 113 415 448 680 242 154 575 774 580 703 114 10 439 865 550 276 16 250 882 34 278 222 521 381 644 702 203 64 854 96 529 99 143 933 219 803 137 582 133 32 823 706 477 183 468 91 616 393 631 892 441 456 924 565 878 844 526 675 344 670 931 428 30 297 782 179 376 543 868 574 19 824 107 121 869 688 395 1000 162 336 701 704 356 296 421 564 285 444 646 849 827 582 286 579 347 583 658 640 471 502 238 768 665 465 83 488 462 17 133 358 953 848 219 973 47 680 149 244 958 452 758 817 998 95 17 574 670 923 535 181 315 839 973 410 375 518 163 113 848 810 684 367 856 343 510 46 915 875 822 658 368 181 584 859 167 64 332 796 161 13 222
550 615 534 490 841 953 108 804 724 631 7 701 122 104 658 391 749 515 228 304 878 714 32 794 463 596 608 787 698 861 785 559 496 288 51 246 682 846 934 129 292 254 845 291 667 503 362 44 123 543 487 364 672 813 252 386 57 208 532 605 554 668 597 962 325 181 16 547 172 725 345 512 422 740 147 164 674 1 639 169 918 76 650 851 790 404 494 873 661 314 507 483 11 260 64 266 141 25 968 829 819 976 860 565 806 141 429 646 629 631 766 25 977 573 586 83 738 661 148 49 411 673 91 760 164 8 357 539 880 413 779 93 883 256 359 537 815 358 736 162 751 70 458 762 812 915 34 545 547 365 82 865 328 625 391 279 55 341 90 324 82 295 205 702 218 120 871 310 64 982 689 56 545 986 906 550 678 713 288 654 301 88 469 101 392 147 525 196 263 412 955 692 142 406 862 722 989 771 460 970
408 464 105 302 539 597 671 323 197 167 510 228 236 308 527 254 910 856 288 485 256 77 750 162 873 3 953 746 647 190 662 523 592 64 226 45 915 945 734 126 528 453 870 259 734 444 25 891 963 955 725 788 851 945 806 390 761 205 223 280 579 190 254 831 389 821 121 746 562 11 932 995 627 749 560 144 765 835 764 260 908 221 193 991 147 242 36 695 327 69 464 581 529 913 537 747 275 106 873 768 305 977 321 705 558 267 294 910 638 570 28 921 728 590 504 551 342 213 841 53 768 655 649 68 883 197 385 261 449 667 384 651 365 143 234 490 88 837 586 21 843 752 997 191 733 991 894 420 703 896 751 153 155 199 364 987 735 429 436 276 552 889 939 795 561 859 160 622 318 644 930 473 138 590 432 740 225 900 41 726 379 35 12 967 998 770 456 270 151 934 955 389 270 891 453 560 261 693 148 760
705 480 115 477 853 898 506 469 162 975 97 943 888 37 149 824 379 286 773 776 654 363 931 360 780 577 324 16 619 922 501 678 774 100 166 125 762 523 752 326 988 25 163 209 289 404 992 937 384 470 287 751 578 28 189 200 231 517 468 200 482 629 244 917 164 833 213 775 107 252 31 859 187 305 872 739 766 879 576 803 419 435 860 527 743 687 957 110 374 762 914 348 90 470 514 227 3 600 656 227 847 277 507 781 383 863 721 462 279 953 915 592 355 708 552 469 759 940 967 294 533 29 342 709 435 168 819 71 130 300 353 619 283 23 13 127 774 197 74 490 754 533 939 484 647 775 758 317 975 324 111 862 30 916 195 982 351 866 842 741 232 713 3 984 730 811 320 4 665 42 836 680 430 76 855 351 189 560 940 817 816 335 587 795 238 732 233 880 512 502 316 921 236 300 624 206 612 816 901 333
119 24 396 904 183 417 377 262 577 879 691 926 477 926 382 593 920 837 457 555 720 781 594 832 510 729 147 579 93 993 816 149 711 670 32 884 578 260 595 335 306 336 324 867 696 343 553 374 278 633 101 436 122 497 994 374 545 485 653 257 191 498 442 530 369 420 256 499 99 560 643 269 994 412 4 789 843 121 776 818 825 798 833 986 996 212 899 606 113 991 925 210 862 548 658 904 981 871 218 960 538 678 206 246 97 420 594 697 273 762 929 184 484 757 927 220 750 952 616 299 754 214 137 351 859 227 972 581 504 241 311 169 358 139 712 899 805 319 606 576 510 280 467 414 179 740 102 230 87 90 960 645 752 579 393 74 881 671 882 466 905 620 661 649 418 429 784 814 108 83 26 197 402 640 451 110 146 811 875 112 583 338 401 275 21 954 457 109 798 938 154 80 10 510 905 395 966 919 391 684
572 109 654 915 493 254 214 618 769 213 998 848 466 29 456 294 3 295 294 309 42 880 484 587 317 481 939 167 190 599 975 228 179 958 17 867 508 186 715 690 897 194 270 973 769 914 679 469 911 507 56 265 664 133 797 499 577 423 302 984 8 543 41 344 994 739 2 813 255 344 550 154 347 683 689 382 619 401 415 275 716 612 954 211 428 450 446 987 327 288 683 868 246 680 65 9 856 782 885 80 780 665 24 529 139 966 547 80 299 897 543 541 890 401 868 437 631 322 716 964 147 150 599 689 397 471 610 60 573 40 802 54 378 575 560 477 222 886 721 885 676 178 644 960 352 937 938 379 45 502 651 777 71 332 526 202 143 889 677 867 987 520 402 512 414 366 785 133 311 572 883 984 483 904 126 240 341 795 75 391 424 377 953 377 277 771 772 103 913 884 714 680 621 24 215 690 990 670 679 128
150 402 543 658 58 289 380 763 830 486 883 699 864 637 303 314 321 823 597 275 174 245 103 566 607 354 491 974 23 504 802 677 463 545 555 497 423 652 432 687 275 797 627 327 855 507 835 936 100 678 534 841 638 208 863 686 322 744 378 616 493 306 410 897 106 398 147 390 546 218 181 893 707 192 195 20 67 240 634 26 494 472 970 366 629 310 129 771 1000 10 457 919 403 170 161 964 979 553 550 214 184 354 100 535 234 91 545 203 494 759 431 721 83 558 135 353 349 64 14 918 217 912 312 712 154 656 57 613 389 783 218 17 479 102 438 944 447 914 848 736 759 588 324 45 352 324 929 504 966 651 149 585 307 762 345 431 307 9 964 210 247 938 835 130 406 81 471 700 513 287 718 244 804 769 963 900 788 925 559 128 944 656 777 8 730 660 724 377 679 761 680 688 597 592 160 797 719 633 462 325
14 340 390 671 541 32 790 680 972 341 552 790 199 83 226 797 340 443 830 398 399 742 666 953 67 790 2 117 875 916 974 176 943 73 326 661 832 230 762 51 187 460 185 859 240 434 795 17 89 725 880 450 785 206 685 857 795 761 659 248 83 393 69 927 279 751 312 454 278 2 127 266 788 209 542 191 487 497 602 298 152 854 295 481 318 434 555 926 495 963 107 702 231 161 825 39 570 805 981 36 555 785 153 58 707 902 857 607 50 102 133 481 956 447 907 44 843 809 962 980 941 314 246 381 428 587 615 595 589 599 135 132 755 309 575 460 793 878 580 724 259 695 343 141 411 448 509 317 991 127 221 834 903 170 146 976 420 176 989 197 216 585 151 421 652 862 940 283 284 307 269 483 752 111 104 109 294 393 671 46 67 777 37 998 516 563 593 179 530 760 197 91 491 813 680 244 606 914 491 97
739 841 837 36 972 578 960 351 393 87 246 519 168 973 849 4 156 748 708 536 215 150 918 437 499 78 71 983 461 128 563 24 436 76 546 178 300 527 463 397 953 135 259 937 175 795 921 821 86 177 890 270 352 657 882 497 832 599 798 293 9 691 886 331 877 930 724 647 107 480 9 394 125 76 815 667 10 365 590 105 88 713 144 881 889 230 955 523 680 17 903 185 693 397 257 17 841 318 908 986 81 697 624 36 97 212 62 413 727 269 27 912 689 685 414 24 806 666 748 323 44 442 264 226 672 86 452 734 65 162 337 731 743 429 683 791 42 121 367 751 64 43 804 733 409 657 219 950 493 966 522 156 348 671 962 279 827 659 748 920 727 667 455 497 874 107 796 726 90 528 109 652 606 831 793 111 90 523 251 743 465 869 558 717 100 527 991 263 674 372 382 277 344 314 204 710 635 772 885 85
520 919 418 682 27 882 104 146 298 418 409 153 399 376 979 478 485 151 535 589 571 305 291 533 289 39 158 261 594 387 865 476 728 890 744 737 487 86 773 364 64 576 629 306 247 305 314 479 769 75 874 622 886 69 655 473 309 226 928 771 7 81 919 431 523 669 603 916 383 348 433 198 660 835 186 761 94 402 889 766 68 42 912 832 649 106 286 379 382 971 453 36 318 635 26 154 150 976 96 966 933 185 871 386 1 355 845 914 58 783 817 67 665 557 40 511 934 156 159 210 731 300 475 356 361 230 714 710 433 285 564 55 866 224 320 592 465 920 207 965 469 334 179 873 59 566 404 114 398 51 482 382 253 940 190 827 797 99 316 606 2 248 415 31 79 856 831 158 299 675 47 887 741 878 596 538 660 397 718 991 952 220 183 717 621 785 736 925 762 801 223 665 38 41 614 522 298 64 502 618
441 822 362 11 714 639 867 186 641 773 755 716 243 530 887 326 209 785 164 384 191 590 493 400 965 982 419 924 49 518 49 694 829 796 788 538 334 864 186 317 424 397 531 884 874 844 322 313 879 558 509 102 980 362 608 936 165 24 839 70 334 22 525 452 312 260 769 854 21 498 773 295 696 499 872 418 355 176 627 337 402 281 98 490 44 650 475 611 485 647 629 363 263 3 933 369 465 557 984 469 740 871 688 581 269 48 894 738 104 538 175 764 547 568 312 642 199 130 888 603 313 139 542 105 869 303 344 411 558 616 142 600 244 777 647 164 583 192 919 780 162 970 788 331 884 90 628 621 319 685 729 114 658 306 514 567 674 131 94 424 970 249 185 721 196 98 376 436 608 775 508 682 621 882 508 533 912 931 6 781 24 67 380 407 897 706 799 899 466 233 738 468 624 433 546 679 924 511 205 651
981 578 103 879 491 823 157 300 586 813 79 734 552 598 929 138 626 864 398 776 17 52 94 1 225 194 951 387 777 368 906 434 320 356 253 331 679 949 159 686 826 698 311 576 547 691 732 533 721 873 151 827 953 795 345 103 281 857 119 167 813 597 228 168 781 480 778 48 800 996 49 995 215 580 467 383 39 440 630 769 743 528 340 434 738 147 729 479 276 92 588 452 493 890 430 816 776 172 400 20 557 590 235 352 133 195 485 872 510 841 369 798 395 516 537 989 37 75 36 351 205 507 411 892 859 713 924 795 242 480 901 53 601 680 609 43 800 425 960 671 836 655 434 34 836 789 206 739 153 967 362 663 184 624 155 224 490 685 217 880 122 31 521 947 500 371 50 602 421 698 705 577 179 218 559 36 333 963 795 877 549 300 897 224 937 914 376 20 506 510 140 857 859 355 201 686 32 432 14 400
721 810 407 665 326 662 447 505 726 623 850 504 332 451 673 608 767 406 522 785 306 41 304 243 186 197 519 251 56 673 706 914 338 643 663 68 427 831 900 913 921 999 618 901 690 24 293 62 179 12 622 726 893 819 900 716 92 163 52 774 73 603 782 378 615 980 647 850 890 971 39 378 846 152 366 753 252 10 143 638 198 483 179 78 152 36 660 237 703 509 587 705 425 630 591 188 294 982 143 774 31 551 896 448 757 381 910 22 583 189 453 122 915 154 335 141 431 134 91 894 647 410 16 881 242 205 472 254 847 43 665 440 671 537 248 663 895 524 431 30 789 801 318 692 282 11 109 597 49 561 12 990 734 72 458 395 91 12 863 104 271 100 575 430 636 856 337 517 509 934 933 708 199 944 126 565 212 197 175 863 556 161 51 724 795 670 132 353 772 698 191 479 735 456 849 927 825 395 9 498
703 382 350 331 738 414 218 408 332 47 870 206 638 451 557 689 150 631 568 990 384 144 256 130 381 609 38 691 307 155 159 899 572 276 474 456 494 31 357 92 180 263 228 524 95 254 574 895 959 456 974 845 261 840 819 903 430 206 272 692 180 774 91 280 514 336 881 72 511 70 282 278 651 547 887 399 406 961 711 34 773 491 34 799 904 258 319 661 714 905 622 460 631 766 596 204 877 988 445 603 568 739 174 930 836 565 702 265 454 749 429 240 350 51 867 971 772 621 855 92 345 980 334 103 461 155 461 713 682 718 4 974 8 425 366 60 425 917 634 892 444 215 75 493 621 665 386 700 416 466 618 195 930 664 414 416 566 140 254 847 728 167 138 578 536 253 483 873 403 619 786 131 28 167 107 555 530 675 72 12 215 393 825 725 281 366 605 775 280 877 294 71 755 299 759 307 363 480 616 257
904 406 274 80 885 617 952 513 244 227 732 106 499 853 19 694 673 920 971 827 573 991 469 12 777 209 199 488 883 490 959 378 637 876 175 226 280 900 389 839 579 765 44 885 850 868 184 157 970 511 626 769 579 29 753 23 902 99 465 673 839 3 301 711 367 293 738 566 316 747 673 618 122 549 266 552 910 920 974 163 705 707 994 714 122 813 348 987 131 999 976 460 982 859 798 353 418 787 746 35 527 853 417 170 626 587 592 238 674 275 717 371 953 151 457 415 600 369 429 415 618 375 980 170 550 427 495 762 334 363 34 834 96 754 461 190 481 61 207 409 140 272 590 861 832 647 407 692 317 942 863 27 288 180 302 942 597 890 248 518 540 663 931 441 410 712 536 869 566 175 747 700 268 527 104 584 636 232 140 145 790 660 240 416 26 85 430 488 965 168 538 126 212 628 809 703 326 374 713 901
856 576 645 270 898 831 257 570 370 840 29 310 795 973 342 394 195 498 359 218 434 803 145 317 930 181 987 686 139 280 436 953 695 762 718 400 497 686 316 430 714 818 787 141 991 175 907 19 32 63 880 892 585 561 362 511 992 484 179 60 524 421 981 558 519 740 133 885 53 841 976 347 62 947 169 639 386 645 951 811 125 286 874 589 641 520 523 142 572 319 988 227 193 307 401 17 349 496 703 92 443 822 534 215 45 332 300 9 420 362 338 750 764 385 411 551 700 611 669 791 63 776 345 267 193 536 542 710 619 872 612 251 6 15 543 729 617 72 225 877 688 347 115 561 110 21 565 47 395 426 162 738 421 721 980 403 177 141 563 144 829 689 880 885 971 497 845 629 94 285 743 222 378 454 321 215 218 900 190 825 107 15 679 316 572 575 36 98 263 862 387 59 227 776 358 365 412 763 818 532
269 966 386 46 110 621 144 524 871 792 134 39 418 726 69 336 896 722 304 677 632 731 688 776 927 753 663 730 446 974 662 533 488 311 431 744 780 2 642 345 76 359 757 169 398 719 175 559 733 356 241 49 608 787 244 380 950 269 263 88 750 585 406 294 265 334 434 306 657 844 805 600 239 246 358 566 90 720 544 198 551 966 974 748 229 556 351 597 8 500 557 548 228 237 943 771 907 707 247 793 126 962 169 925 177 350 477 451 938 685 133 550 496 243 512 491 271 204 700 762 431 392 536 327 368 29 990 142 390 784 559 855 632 161 976 230 330 879 695 325 78 488 56 673 292 387 632 23 608 309 561 418 361 870 198 298 83 813 299 762 958 297 514 314 118 709 795 334 318 407 291 836 776 545 752 629 142 762 56 843 898 416 817 899 917 841 427 856 846 920 760 478 944 261 429 954 8 192 367 842
507 297 650 184 278 731 214 450 229 274 711 296 192 319 805 753 116 164 630 778 952 164 320 980 316 185 327 108 916 145 507 805 470 26 801 493 18 850 388 766 401 627 673 247 44 287 728 247 405 509 512 324 729 847 847 384 530 190 165 355 907 378 577 910 760 242 672 162 911 74 288 507 931 818 22 113 669 853 511 542 493 777 554 464 637 301 578 850 932 672 328 696 708 14 499 626 761 525 577 647 155 354 859 408 544 556 421 222 477 210 690 554 695 101 772 189 640 975 742 473 945 893 677 698 149 922 80 649 740 692 304 943 947 735 772 638 877 658 197 297 907 537 196 506 6 774 989 301 519 88 262 526 172 971 392 235 970 678 244 960 47 464 738 996 292 880 292 473 695 108 578 696 661 496 934 204 315 525 519 547 188 724 863 311 305 26 559 961 54 406 851 911 126 998 10 902 71 748 812 253
750 95 97 174 502 124 811 693 500 673 977 847 374 617 946 344 468 777 569 403 809 877 596 911 774 278 896 347 798 746 3 990 196 689 609 191 328 890 218 246 880 609 944 651 450 453 755 563 565 59 160 235 720 794 470 806 736 747 470 203 541 65 797 464 7 506 242 295 776 915 476 534 319 363 441 448 60 101 979 735 786 15 957 214 446 797 457 664 411 353 573 175 210 562 680 183 78 841 452 137 325 60 473 655 608 713 668 870 306 311 169 210 398 316 74 785 16 789 834 943 806 961 357 384 973 51 4 385 659 69 716 719 978 911 343 114 213 517 308 220 513 734 652 101 515 524 540 182 504 982 978 815 444 938 413 188 623 934 955 886 128 127 87 458 480 432 402 708 630 783 510 363 600 793 815 840 969 23 790 720 330 776 210 830 496 941 228 607 738 406 811 386 772 858 367 626 839 106 705 63
4 623 911 291 150 19 840 771 750 587 665 581 565 809 405 180 362 401 653 653 5 481 465 418 767 540 385 659 490 70 549 272 548 947 65 267 884 458 451 185 222 886 706 878 410 929 830 36 659 948 401 980 512 167 955 45 157 7 896 158 155 350 997 846 829 319 275 398 415 597 410 132 480 728 869 346 957 936 777 715 213 391 782 220 867 336 687 558 738 239 317 846 101 199 614 359 439 509 555 713 412 811 597 954 983 830 37 626 654 645 963 535 545 667 909 560 57 635 954 498 706 22 462 697 967 197 470 213 144 921 38 257 250 137 992 961 798 159 223 75 914 821 908 771 389 569 101 959 915 312 647 958 965 822 430 562 166 205 655 610 62 484 951 281 916 885 589 566 228 734 215 570 982 68 360 815 342 117 929 169 629 38 296 275 973 918 315 98 549 257 715 760 341 530 885 101 452 278 884 830
855 777 445 8 431 842 530 966 615 495 612 349 569 990 417 398 111 329 610 891 152 981 488 671 309 957 612 942 865 54 2 915 224 156 229 544 442 461 638 130 236 539 667 135 800 958 939 154 827 798 15 87 51 632 658 985 401 488 660 970 841 228 341 179 863 989 285 743 507 303 801 182 925 248 912 400 467 216 569 991 728 252 788 356 474 949 344 792 684 37 685 221 258 115 675 591 614 1 933 527 293 597 122 198 573 320 37 469 617 784 946 115 843 813 607 393 48 264 184 789 19 949 306 221 993 753 575 440 782 324 895 358 961 761 713 802 902 770 974 758 427 730 791 689 699 765 168 157 761 299 433 474 606 644 491 696 919 797 388 375 298 88 697 982 913 134 629 53 292 37 893 912 131 34 175 435 227 13 57 694 891 948 791 488 644 105 571 160 806 39 533 488 308 491 648 638 291 405 480 785
629 556 181 156 417 176 297 821 562 546 154 226 130 557 646 714 894 609 738 155 3 295 531 179 444 128 41 270 216 356 217 559 123 890 125 724 178 438 324 678 872 188 13 188 368 486 785 275 465 346 119 712 427 46 686 830 710 458 718 476 637 300 347 501 217 870 49 325 365 438 308 810 589 422 530 178 108 811 976 902 2 394 418 675 632 904 373 966 692 860 451 13 436 497 603 304 38 860 296 643 849 681 490 16 853 731 917 174 638 583 954 16 625 367 216 773 403 78 488 278 21 758 36 941 336 491 616 499 495 771 724 272 494 986 840 782 547 838 602 60 787 491 59 961 523 71 981 77 28 836 459 760 197 548 298 262 998 960 422 123 714 969 566 802 306 808 783 895 906 279 677 319 585 659 415 993 536 266 65 830 926 272 334 980 632 394 742 231 29 47 190 311 808 621 229 359 459 55 418 653
928 986 454 911 30 26 325 789 435 77 944 948 164 768 768 915 980 416 113 405 458 246 861 81 976 538 745 324 585 999 15 741 601 412 702 431 356 181 588 668 512 578 609 513 790 286 629 950 930 546 500 845 894 83 106 148 555 790 673 598 288 259 33 503 82 622 81 549 580 73 880 740 925 999 403 834 230 1000 926 680 81 930 175 714 397 75 153 250 238 727 28 41 916 243 494 237 420 325 440 848 436 953 437 868 722 68 230 90 223 982 423 616 474 896 972 471 336 568 698 777 456 158 328 880 366 217 142 176 488 817 294 816 449 189 36 872 642 949 721 652 934 441 234 993 502 480 774 472 79 579 375 105 376 598 227 917 616 58 931 139 419 203 732 365 180 687 497 656 479 666 695 881 458 183 642 810 956 459 667 46 893 898 126 886 849 237 410 739 185 509 570 568 950 865 663 921 259 517 596 825
42 637 743 227 794 772 678 188 504 280 614 46 218 749 718 192 359 645 508 9 134 329 352 236 127 917 971 375 208 1000 883 133 492 366 341 473 183 164 145 891 992 523 41 617 883 150 212 228 980 835 778 124 405 719 185 360 187 409 519 959 552 489 194 620 776 168 38 566 281 209 732 25 264 524 491 490 588 611 288 879 111 267 220 129 819 380 462 527 439 462 413 897 510 162 207 875 402 903 303 913 777 270 639 2 56 913 741 533 271 696 946 508 216 25 710 278 455 449 48 564 849 118 187 272 884 473 806 771 382 801 755 382 851 673 780 480 240 139 64 634 353 265 824 647 892 997 546 822 824 924 862 154 417 27 552 10 904 236 655 936 976 544 788 559 261 816 507 257 353 465 625 385 937 612 610 945 622 688 872 265 721 308 840 856 835 392 85 959 488 154 891 77 340 508 407 823 727 422 12 410
791 815 84 743 37 537 29 560 433 523 846 620 741 219 681 661 655 749 586 301 575 468 806 683 312 985 453 39 945 256 109 374 784 770 90 653 480 597 249 278 302 401 782 237 961 824 197 766 153 775 123 602 4 180 824 782 475 630 628 373 764 729 400 26 855 332 455 153 784 457 914 934 576 969 546 41 583 279 432 514 378 887 437 979 632 522 941 141 38 889 483 702 160 446 455 235 938 633 989 170 862 292 150 420 7 683 834 424 447 599 374 551 827 404 308 401 493 568 5 557 865 299 813 152 907 119 726 875 634 476 170 561 163 214 858 324 16 189 311 688 473 575 27 750 191 319 121 454 468 364 201 15 577 214 915 116 634 395 557 40 104 867 341 866 482 662 563 292 971 127 747 981 441 543 687 884 520 878 523 823 291 285 823 892 81 176 159 791 396 211 64 598 353 878 824 299 468 141 208 810
940 642 513 837 701 984 496 857 361 109 302 246 167 811 558 978 563 640 694 144 760 698 473 45 902 910 180 638 65 105 155 709 128 907 802 494 93 10 664 142 443 283 943 640 261 72 844 81 148 468 170 452 462 695 902 496 290 322 178 860 137 839 290 374 951 652 221 497 719 15 505 368 287 994 590 645 26 124 740 650 741 829 526 475 326 57 615 500 211 169 626 508 749 137 533 713 276 438 338 73 926 245 536 832 944 899 180 646 1000 617 325 536 334 592 707 66 769 127 217 650 13 759 614 570 175 691 762 42 968 393 608 867 104 289 618 956 292 564 976 816 429 100 288 598 142 822 297 913 272 19 260 873 842 999 8 343 838 954 503 736 35 39 425 141 38 972 650 215 724 721 695 123 59 410 832 527 392 113 772 457 598 780 40 204 593 441 424 583 31 210 898 1 506 74 108 941 126 556 922 888
280 549 361 19 848 424 422 361 982 496 443 309 703 247 436 383 457 95 250 282 138 501 744 891 982 136 294 829 275 766 113 530 897 968 838 896 603 742 511 846 303 257 239 197 242 74 430 621 104 40 452 19 987 816 647 634 766 200 431 861 594 631 278 573 63 559 825 896 123 114 810 654 614 308 848 76 621 788 229 881 68 419 866 8 127 53 800 878 628 375 710 966 890 261 500 596 284 739 715 793 250 268 956 325 656 476 326 265 999 293 667 298 153 705 383 205 545 912 107 344 968 333 610 828 134 85 301 781 441 50 321 652 835 346 769 400 163 836 162 655 197 981 104 785 90 645 865 551 113 525 838 9 921 280 318 528 517 48 232 985 823 746 40 628 105 772 16 146 41 954 972 712 705 809 211 104 598 666 980 968 109 512 781 979 200 296 410 128 458 452 633 335 534 579 885 635 307 17 153 71
67 455 537 820 306 734 363 338 838 691 205 51 393 958 241 986 331 458 390 833 664 617 944 645 351 211 661 232 67 796 244 752 934 889 575 969 547 738 175 660 504 840 265 614 812 438 27 744 27 357 374 449 692 456 573 210 90 94 478 489 146 940 369 372 720 893 763 618 526 380 378 940 549 621 649 965 198 837 390 325 110 509 611 30 121 924 138 530 74 449 505 780 679 608 169 762 377 468 676 451 964 413 746 534 524 482 903 333 726 456 96 707 336 340 488 900 38 51 391 305 431 547 777 616 491 34 929 753 877 478 486 432 510 775 204 506 768 426 297 377 799 503 840 115 874 960 981 750 891 609 1000 763 582 564 538 501 821 800 278 343 640 445 40 825 989 615 39 808 535 361 269 192 474 360 558 65 89 125 351 774 418 509 979 289 349 943 704 809 1000 564 440 697 864 585 266 929 288 20 510 883
807 995 183 572 813 467 596 986 949 464 580 469 606 837 103 945 223 456 214 309 67 154 528 643 263 492 650 569 484 137 372 431 422 988 369 358 918 393 190 42 914 871 212 995 726 972 4 534 203 468 137 439 728 887 125 502 355 284 611 490 173 974 771 850 816 264 432 775 797 282 724 454 775 626 274 60 94 693 579 932 264 580 29 752 710 435 974 859 450 533 166 309 12 110 232 647 962 299 117 735 308 392 134 753 531 839 810 291 720 333 736 517 454 590 821 141 319 202 764 753 796 121 207 952 581 304 723 590 579 524 167 995 191 288 642 211 931 436 325 345 823 55 639 664 241 944 50 499 295 403 153 736 743 107 813 984 918 601 455 956 393 826 23 358 812 356 731 101 332 948 333 933 22 921 936 198 216 862 700 773 621 999 492 297 105 969 591 796 771 575 185 403 291 811 746 295 980 425 106 336
305 810 533 689 660 131 479 159 502 403 498 10 928 625 482 207 814 168 814 512 641 699 134 809 766 411 976 287 866 601 967 313 855 411 479 773 699 303 207 596 822 867 503 413 674 902 815 740 593 101 147 573 395 464 347 122 704 908 476 150 169 787 229 771 602 699 482 8 389 34 418 562 432 664 945 781 171 589 407 887 13 918 887 651 512 220 505 366 876 143 690 80 429 489 743 589 312 732 349 205 311 146 539 126 718 714 115 205 511 775 904 783 209 474 860 486 997 702 706 468 658 954 869 332 912 912 290 211 82 868 958 428 765 351 124 202 323 894 718 750 78 307 990 70 330 466 963 342 731 292 839 591 311 603 278 592 975 253 289 68 910 45 882 396 755 186 982 479 925 398 83 306 438 987 292 774 493 823 521 347 380 166 673 906 26 739 640 615 46 508 985 223 852 257 796 334 823 156 756 124
512 633 964 992 673 53 962 790 223 185 396 554 544 857 18 388 385 713 116 16 170 563 270 236 321 836 935 500 343 432 269 354 687 371 950 439 534 771 928 93 385 613 686 480 15 99 872 212 736 740 273 933 297 717 858 214 333 126 255 878 247 31 348 690 643 322 304 677 638 246 614 181 881 209 566 672 972 532 299 854 441 442 970 809 865 740 561 707 975 766 479 23 144 579 436 342 577 910 600 837 857 542 967 921 808 945 197 894 922 211 114 531 881 821 771 534 921 23 964 154 703 584 844 897 799 169 221 899 806 808 635 143 899 786 461 729 430 844 250 575 867 195 604 596 989 950 107 828 74 343 70 568 425 156 768 427 169 935 113 973 667 922 29 65 465 279 661 889 84 496 949 221 116 341 303 196 81 708 424 793 823 520 933 828 914 241 134 605 787 97 754 661 317 889 466 555 44 141 940 382
873 683 484 366 402 865 289 104 660 495 855 635 593 261 66 148 424 672 925 107 614 416 415 69 673 999 82 327 749 168 70 302 902 752 522 767 313 836 988 900 782 639 26 712 96 965 446 921 602 315 959 391 355 69 359 709 76 420 182 331 6 644 242 913 238 755 329 625 22 233 148 610 770 406 415 558 587 248 39 155 973 444 874 388 86 413 823 759 789 636 217 535 109 932 311 63 465 159 116 869 264 447 185 261 946 723 306 893 175 913 674 940 373 822 557 966 920 674 335 524 118 675 965 199 263 562 740 114 152 266 656 294 686 582 494 288 874 728 702 174 366 876 859 461 395 426 455 847 499 64 454 223 482 344 949 362 616 287 310 403 854 328 491 952 176 530 102 277 495 492 317 237 461 509 653 680 560 980 723 485 984 851 141 939 953 2 975 450 582 230 532 911 942 715 605 133 451 779 834 752
365 844 32 730 988 373 351 743 348 569 975 901 398 414 594 49 635 184 394 333 455 477 52 245 12 494 947 805 588 913 743 424 904 564 607 517 434 90 580 254 380 389 446 842 547 480 773 614 930 231 748 645 926 234 509 996 265 667 910 154 173 809 679 463 641 764 972 214 956 826 192 198 1 634 670 359 772 464 974 497 917 596 884 328 330 706 522 807 816 715 211 375 863 375 830 762 629 98 845 318 950 487 813 423 990 946 297 334 174 402 328 151 98 84 146 995 693 491 33 47 698 470 383 544 953 165 630 27 367 927 941 668 150 610 284 583 499 574 118 941 44 873 186 48 47 318 889 774 558 865 892 646 850 880 764 79 353 163 982 325 173 655 479 190 546 737 394 190 441 623 340 536 532 488 5 712 388 403 836 290 80 482 707 250 409 734 851 359 663 319 125 480 239 157 855 889 456 503 621 726
756 500 463 533 867 478 470 749 921 864 389 459 521 318 507 400 293 867 988 318 486 275 330 196 399 343 383 674 315 620 207 274 831 929 309 877 416 15 277 137 837 982 410 390 308 895 721 451 84 555 834 626 560 440 267 740 40 328 628 434 5 849 757 584 179 904 981 84 889 774 469 628 793 875 589 77 791 636 612 849 113 990 843 656 42 846 461 59 148 89 680 493 934 52 574 524 99 385 651 946 767 925 156 897 606 365 646 931 16 383 867 949 814 110 710 241 64 170 558 609 639 585 318 868 594 880 78 138 710 853 292 974 466 226 481 140 721 878 194 713 83 283 147 338 163 518 477 11 584 348 537 620 477 36 353 109 218 496 752 83 674 32 199 245 984 951 241 569 128 44 175 19 822 221 268 655 408 688 455 433 563 703 762 712 389 515 220 682 681 722 389 709 209 725 656 171 927 496 311 912
318 820 370 933 427 307 947 707 528 353 273 625 252 423 54 273 393 863 454 308 855 417 201 460 474 812 426 286 490 303 112 386 340 731 411 731 188 509 278 309 973 711 652 342 382 437 65 122 4 750 638 518 658 294 866 168 82 801 448 334 961 421 934 911 981 907 230 257 133 189 135 666 253 209 244 208 806 271 398 592 167 969 917 58 266 810 252 954 795 687 859 722 991 244 523 871 332 787 680 721 498 852 476 65 119 579 677 880 507 383 728 117 411 53 730 225 682 208 506 964 795 655 239 270 280 488 943 677 926 260 814 862 943 611 614 873 965 298 354 876 689 615 590 719 508 496 545 582 764 335 480 656 923 684 285 248 472 954 856 930 861 244 152 732 227 461 107 852 737 599 635 330 212 539 865 298 158 401 752 44 470 482 774 496 841 931 453 353 68 362 845 288 249 809 151 18 883 804 7 570
380 913 909 320 107 405 289 852 782 139 36 939 570 42 874 912 151 560 958 273 395 168 1000 808 441 164 275 787 516 802 796 654 862 752 719 509 598 886 834 348 45 13 779 312 312 76 394 694 1000 817 36 999 594 249 23 484 822 136 371 672 235 834 728 559 645 102 915 541 509 427 377 234 992 632 685 926 285 607 170 809 451 178 478 405 357 200 899 432 20 915 853 363 462 993 225 177 575 933 271 876 343 363 829 954 339 166 231 811 753 150 442 810 249 203 334 916 489 671 578 237 663 248 69 105 268 193 336 337 583 354 331 979 955 446 33 899 522 294 19 523 376 854 623 202 981 875 171 544 75 474 559 417 868 164 990 331 278 763 615 358 157 242 339 520 470 601 344 562 83 255 175 210 603 186 706 70 601 807 329 509 702 257 251 656 592 813 948 490 75 492 197 649 859 390 887 137 550 55 587 431
753 353 227 354 60 451 156 905 772 600 542 361 373 94 222 65 7 355 414 22 466 895 432 520 31 839 775 847 669 106 673 498 353 455 43 532 672 992 468 414 184 157 741 269 681 513 602 823 563 262 727 577 760 605 962 814 601 760 16 358 837 728 273 286 408 159 581 227 521 97 432 289 507 256 569 726 562 330 719 918 466 72 517 597 645 958 200 366 258 130 301 168 63 863 259 104 636 990 32 799 710 259 683 254 323 29 772 422 136 537 977 314 937 10 356 689 965 32 485 165 866 132 292 298 921 606 999 318 899 343 775 852 160 543 694 125 909 609 518 981 139 529 125 933 363 562 570 970 630 833 507 700 93 801 643 724 478 535 992 388 998 222 364 197 653 214 62 50 671 267 722 525 492 766 770 949 891 264 994 501 970 310 263 229 317 165 94 46 837 743 827 44 69 13 221 326 261 830 590 808
761 293 167 649 23 884 274 808 502 801 816 579 278 637 633 607 835 965 117 640 940 765 95 959 869 375 570 954 567 684 167 240 315 332 70 379 169 243 434 355 753 860 765 77 600 460 129 37 371 241 901 151 44 618 152 153 146 320 931 775 616 688 103 335 812 592 596 226 750 822 504 109 935 964 589 240 827 655 400 85 409 172 888 949 869 869 954 618 814 109 578 490 90 921 506 56 908 421 523 5 730 303 491 343 701 560 250 551 289 657 694 658 559 536 273 885 544 272 428 249 430 284 603 871 217 331 14 119 611 143 334 199 109 713 184 133 51 86 222 51 801 749 877 137 550 354 165 41 869 574 802 657 81 27 891 259 157 309 750 334 915 16 825 303 377 51 504 831 207 748 694 902 209 733 220 418 153 635 210 804 841 886 695 697 766 756 676 690 992 81 373 45 686 948 131 521 400 810 567 226
634 440 944 983 265 989 464 747 806 507 772 235 516 596 766 406 638 678 464 702 227 129 759 89 683 447 851 28 769 207 397 466 493 328 363 900 804 817 174 830 404 852 844 368 234 456 61 319 926 438 448 421 38 402 22 281 891 513 69 404 683 667 636 668 189 758 864 419 214 468 568 178 165 825 878 293 789 266 933 310 243 872 880 84 286 759 507 149 168 130 465 394 205 458 798 142 625 173 454 691 87 593 507 525 413 427 156 25 580 369 483 400 20 318 67 95 474 875 70 472 525 33 728 355 110 447 175 25 49 845 41 449 501 999 697 849 3 19 187 152 857 632 484 841 983 845 50 34 237 327 707 943 614 710 642 505 808 471 4 340 483 839 251 954 888 173 847 211 306 241 144 396 671 313 673 65 482 108 432 661 836 447 426 989 989 295 971 418 626 502 363 485 33 354 92 91 355 967 551 452
191 517 76 994 658 323 663 259 54 118 256 487 671 148 48 773 311 951 460 302 680 276 12 117 411 968 31 984 639 433 479 597 276 400 778 905 358 804 620 588 784 566 853 534 200 456 787 566 276 838 941 826 624 437 75 672 820 909 678 592 358 452 682 453 602 544 421 297 799 655 587 960 119 808 763 950 541 653 364 886 284 875 710 174 644 540 265 40 962 949 949 49 113 733 427 927 706 775 263 173 129 557 870 422 348 531 314 844 385 780 173 566 400 6 722 218 742 946 123 80 536 771 178 617 504 603 859 533 42 228 5 567 655 725 881 548 281 824 73 558 547 365 843 404 212 308 171 685 305 396 154 5 793 862 392 863 540 612 376 123 213 280 446 663 262 939 287 35 754 318 293 794 77 128 380 831 311 370 777 228 537 274 37 762 147 825 374 979 405 528 508 209 420 836 646 612 820 847 827 80
402 814 650 506 359 231 972 799 114 490 403 270 583 564 468 621 736 845 981 218 564 715 815 29 765 747 585 170 707 562 206 748 185 395 325 13 786 472 166 937 495 11 728 738 329 60 173 805 469 871 424 1 114 906 419 803 232 199 281 575 967 86 769 588 61 673 376 456 612 867 672 142 918 643 824 944 604 261 199 437 25 53 388 784 351 52 886 577 888 576 593 660 688 15 197 465 388 697 965 940 52 205 475 578 684 816 651 997 149 358 162 453 482 654 851 842 93 678 598 491 48 644 966 313 688 815 962 399 609 498 675 522 242 9 783 696 925 56 307 483 297 201 992 935 810 352 157 745 60 829 283 571 20 719 881 221 513 174 581 73 971 337 141 555 869 586 151 449 50 502 431 982 365 121 265 432 143 664 348 832 938 891 305 461 20 727 213 347 807 445 362 976 743 324 103 578 726 602 358 702
88 740 483 418 214 627 901 807 280 318 585 623 114 845 886 906 478 526 445 721 29 455 187 424 490 300 406 748 299 131 120 558 560 513 889 882 719 711 73 873 720 697 950 881 941 899 251 594 765 243 475 452 706 816 154 829 10 534 581 273 685 831 595 344 161 65 398 383 82 442 705 278 435 970 799 746 119 691 568 86 418 329 41 870 607 889 148 193 433 128 483 525 994 309 556 873 270 92 987 238 953 254 559 55 523 445 298 254 806 212 721 48 791 519 659 475 833 863 832 233 198 248 101 738 873 408 956 731 36 77 349 911 772 287 379 731 798 266 679 237 212 737 606 291 620 335 243 903 557 194 502 156 59 179 794 105 525 618 606 888 717 26 779 986 658 630 686 539 229 588 838 183 59 27 284 84 312 774 417 613 91 121 680 777 258 606 66 419 112 601 613 9 500 804 418 609 104 145 614 426
886 653 195 779 569 815 814 189 919 950 369 295 160 631 192 68 259 9 534 96 505 446 622 581 805 664 730 438 718 82 882 820 700 170 382 544 282 292 122 760 220 313 915 210 472 884 41 23 49 459 486 377 985 448 334 294 955 899 854 130 767 959 142 161 288 328 603 376 841 626 47 962 544 352 436 761 787 507 957 575 799 893 95 748 455 889 414 486 163 130 471 276 825 395 811 630 571 261 172 662 229 444 908 438 992 503 204 412 876 639 10 172 410 452 221 79 230 767 121 629 640 869 657 118 823 508 187 897 525 796 539 344 323 495 906 775 816 167 189 483 573 1 534 694 585 629 475 787 44 429 801 377 959 635 624 9 790 876 63 426 326 179 52 589 253 154 943 121 620 47 281 738 333 364 801 922 75 372 636 316 505 109 453 999 295 481 863 584 50 559 447 129 136 170 400 386 661 355 896 732
263 193 744 258 162 733 682 458 200 155 842 146 258 330 979 34 634 868 54 246 74 140 196 28 975 69 14 638 81 80 267 302 276 838 368 661 437 709 473 538 20 885 263 450 5 959 912 558 271 12 961 752 103 5 311 121 301 721 491 246 278 552 934 171 620 590 129 129 228 340 970 264 18 746 845 914 482 740 174 818 79 149 763 508 161 176 911 580 589 752 551 844 181 619 8 933 273 889 96 806 65 779 328 91 516 197 858 368 145 380 535 563 740 972 716 237 70 987 565 583 735 575 532 53 348 214 42 162 849 521 179 729 689 823 647 434 355 342 466 414 925 729 311 993 580 712 148 640 650 132 992 444 776 91 12 671 872 239 758 554 189 420 999 853 435 666 949 410 383 743 144 929 779 473 228 177 965 212 418 156 940 441 396 457 837 332 286 671 71 167 340 212 989 391 902 18 998 998 716 295
712 398 745 756 367 265 47 212 912 824 885 433 171 669 27 839 666 896 551 322 469 820 422 586 210 185 288 159 895 21 93 84 36 678 165 894 545 971 472 941 459 497 259 786 39 844 749 937 783 438 124 361 407 357 503 964 776 381 481 814 331 949 442 289 657 502 378 564 721 999 509 521 243 13 264 815 764 710 128 409 49 739 965 312 141 958 619 531 753 968 366 234 436 190 963 808 590 190 512 736 343 554 303 542 176 105 296 349 715 68 207 501 746 979 96 127 419 990 740 864 238 501 186 946 462 7 932 352 74 110 430 408 918 866 681 140 747 275 338 6 249 274 940 669 722 245 309 242 23 248 601 73 491 891 643 243 368 457 76 424 738 736 33 962 373 261 567 289 754 511 455 181 300 908 78 626 550 381 151 313 625 974 181 439 315 929 995 478 261 949 810 303 597 485 4 596 223 277 42 564
506 619 146 121 277 72 625 263 777 163 226 227 487 412 303 126 430 959 498 598 467 682 567 723 365 738 137 120 972 958 108 482 133 148 517 271 377 713 217 74 277 723 334 418 808 52 336 663 573 407 443 675 353 240 36 979 175 981 970 456 548 914 703 907 389 110 505 843 816 324 545 930 9 657 294 359 831 703 391 722 248 837 879 599 331 106 402 661 287 234 500 198 676 601 417 571 738 952 547 173 110 958 377 342 77 112 119 757 911 266 34 597 467 823 698 466 478 501 755 888 982 658 554 980 303 885 407 72 126 368 57 943 56 489 488 589 107 546 264 948 376 672 960 496 834 63 948 465 222 275 108 900 534 80 205 685 579 168 512 570 474 740 573 12 781 881 419 717 414 818 624 633 103 17 113 863 631 445 509 957 747 922 54 664 990 291 671 627 355 788 880 478 82 903 785 881 208 913 599 995
587 666 465 21 665 20 578 304 19 904 181 733 369 534 498 703 927 81 48 472 787 441 706 609 279 93 50 691 892 658 768 443 282 277 10 678 595 3 785 948 197 148 678 41 825 544 113 693 118 312 533 961 377 345 738 598 103 631 389 911 973 410 388 97 628 860 765 601 819 238 198 885 799 220 101 213 959 517 175 725 182 254 329 364 158 721 243 681 346 914 584 855 741 610 107 91 716 262 279 791 591 961 147 284 647 134 720 41 99 564 314 677 726 539 705 979 940 715 613 869 17 867 904 291 500 524 220 411 950 507 131 516 824 824 999 880 177 836 838 326 644 502 577 923 909 222 322 582 605 430 176 358 930 947 142 342 899 254 7 352 554 137 295 949 739 176 531 699 851 318 264 514 435 152 870 336 86 711 938 328 700 701 414 313 588 496 41 296 761 819 1000 758 657 726 15 929 842 850 381 939
864 827 674 538 894 152 592 856 892 273 657 141 145 593 158 698 976 832 439 401 387 669 144 100 334 550 177 471 81 535 400 321 777 106 519 771 959 994 509 541 364 444 180 311 641 284 565 605 78 590 154 766 971 191 145 751 361 826 726 167 284 737 304 974 849 568 928 468 209 820 602 361 280 253 19 944 664 380 247 909 5 614 523 726 462 695 475 441 114 899 976 954 880 871 55 406 68 150 16 257 983 426 730 447 806 359 898 107 481 626 49 840 238 746 175 782 858 568 172 324 476 762 631 239 512 84 218 427 993 179 125 499 107 115 376 937 762 937 964 660 60 351 998 949 339 85 269 682 36 653 56 894 142 996 913 170 382 564 125 246 381 609 260 611 101 826 809 462 302 712 195 788 22 423 641 625 291 45 496 721 739 665 321 800 427 147 794 162 348 764 896 924 169 421 17 787 551 137 161 676
662 705 341 702 684 722 215 619 380 61 42 148 508 964 54 217 15 714 291 585 811 458 595 204 242 13 434 808 159 762 468 795 273 472 952 696 131 854 630 960 153 877 568 458 655 32 72 391 231 962 59 263 209 145 519 522 797 482 618 285 854 734 171 630 694 116 861 523 721 355 696 166 377 854 795 279 88 405 527 674 396 306 357 918 426 472 325 109 442 111 533 384 478 455 953 324 758 119 757 818 624 159 46 746 620 87 73 334 304 74 541 735 879 777 141 613 137 927 867 175 724 129 219 524 269 797 72 85 588 770 784 821 320 857 628 775 331 241 282 616 199 429 728 975 474 617 362 31 725 37 354 270 206 758 512 19 341 301 239 880 801 102 692 725 196 617 624 765 399 604 139 568 766 900 111 227 889 746 228 799 70 252 244 497 1 148 835 988 452 904 981 454 704 331 475 780 690 986 871 261
927 617 66 637 72 27 131 673 957 87 633 422 201 692 810 605 84 570 894 426 852 887 408 950 51 440 661 629 266 354 936 838 523 270 54 195 407 95 530 240 732 462 933 527 292 9 50 806 230 152 820 305 34 683 321 491 852 285 605 694 214 898 572 851 920 949 272 958 102 37 377 336 121 439 576 340 222 489 565 929 542 341 217 90 771 905 256 163 648 732 529 759 591 946 704 472 806 248 726 951 218 106 130 16 828 107 179 566 265 730 57 822 706 728 550 594 519 549 700 208 455 450 65 728 707 461 100 157 953 565 337 399 636 492 265 683 464 247 500 830 422 795 936 768 583 210 588 18 841 836 91 19 796 691 257 436 111 199 64 230 675 454 988 311 940 165 30 682 379 614 351 471 575 168 130 962 966 9 991 136 207 613 97 799 210 237 784 526 684 473 551 168 842 351 148 912 101 930 810 62
303 380 369 209 595 121 937 162 512 441 447 619 491 915 714 374 786 149 12 237 694 614 388 156 881 984 241 753 333 204 359 666 869 422 691 696 124 508 883 43 747 248 198 261 374 871 767 835 163 991 379 566 274 193 470 823 713 840 516 168 63 26 668 213 851 424 831 920 196 708 672 333 476 483 984 320 381 256 133 816 948 763 152 579 321 999 645 698 440 950 966 851 300 471 220 721 358 709 72 212 98 372 123 761 568 758 278 326 677 134 157 508 106 633 15 575 661 611 998 267 217 534 367 873 765 215 439 505 287 440 226 593 488 740 521 910 266 143 13 111 637 539 172 867 480 717 198 627 440 444 871 764 908 457 332 541 335 780 87 109 812 893 490 700 4 439 210 458 187 451 884 119 147 348 783 586 167 89 360 712 883 413 764 233 957 872 808 205 304 885 533 906 354 908 753 164 233 674 469 313
785 226 483 834 587 504 515 687 382 701 426 646 816 944 27 640 342 213 651 945 234 225 734 928 40 897 53 463 25 748 559 711 162 596 202 691 721 110 471 901 780 341 913 534 903 319 360 135 732 306 145 93 409 129 649 912 602 852 923 838 554 689 907 766 63 146 265 495 558 577 883 654 282 907 706 199 78 283 962 642 119 523 953 823 103 75 651 444 180 484 590 937 293 386 222 536 527 931 44 961 753 120 925 959 997 318 662 620 117 82 316 231 271 81 357 757 787 172 497 612 151 514 959 818 764 952 311 684 894 354 526 644 599 200 613 520 471 26 913 410 526 539 748 860 673 101 507 528 411 58 164 110 561 778 212 487 268 118 358 798 692 761 885 294 34 399 393 117 640 929 363 905 642 47 473 542 969 136 321 301 702 33 773 237 209 966 547 383 179 457 514 930 320 276 364 835 887 214 616 111
156 10 995 855 374 458 391 510 906 364 187 185 918 877 743 974 627 781 181 946 314 824 746 143 709 604 645 381 354 19 376 455 157 506 792 534 812 496 337 412 918 226 794 92 713 726 899 255 767 765 724 20 406 329 113 533 272 218 275 794 733 720 303 195 614 739 925 850 868 527 407 402 151 45 921 102 891 892 839 817 819 935 703 468 489 377 476 109 769 40 140 924 526 205 413 937 878 611 39 743 912 13 972 707 809 96 441 331 957 841 687 509 38 703 841 972 669 255 813 957 161 690 516 517 989 761 22 235 36 191 464 87 391 141 211 572 793 643 488 209 486 402 140 237 257 457 389 318 104 207 585 709 215 414 72 399 510 181 438 301 640 24 946 52 811 201 863 664 149 255 623 58 502 370 927 130 270 451 889 725 879 189 90 928 508 963 870 654 439 832 6 44 780 480 818 483 220 778 887 506
782 336 609 607 227 814 616 401 422 301 863 502 743 962 701 251 445 790 448 497 265 558 439 201 119 560 258 14 604 884 529 268 103 218 477 265 13 330 458 810 41 781 934 447 532 103 245 38 687 681 905 136 602 871 853 729 181 646 117 970 167 947 755 639 237 255 128 672 571 991 380 493 850 128 598 42 319 194 431 484 877 860 677 580 537 162 894 216 618 505 294 222 198 652 906 202 502 735 10 945 764 868 473 992 460 15 595 156 761 656 986 263 190 1 797 72 923 906 175 453 343 539 849 453 803 566 48 33 693 462 168 105 48 54 698 59 781 947 843 471 63 458 446 6 834 91 349 382 508 441 989 729 775 472 843 515 791 372 348 469 861 772 19 452 907 419 385 497 934 245 190 669 678 628 282 320 883 678 536 547 479 136 131 100 456 952 431 830 172 101 179 384 85 874 254 12 945 517 316 123
812 221 778 848 775 95 161 300 238 432 213 114 357 732 71 908 66 267 181 248 425 746 995 723 142 296 631 80 255 736 108 680 702 293 36 730 497 299 101 90 847 381 122 915 186 431 831 88 771 339 786 87 890 434 552 795 691 928 420 615 785 404 484 177 719 408 796 652 315 222 56 677 384 1000 502 594 312 734 64 249 821 863 162 681 754 195 499 664 159 327 442 283 208 468 360 325 814 715 796 486 798 708 299 19 957 550 365 549 139 505 335 550 392 605 301 956 704 829 239 655 499 901 155 343 965 931 458 55 227 609 81 520 428 86 136 190 869 109 252 334 477 346 286 706 929 536 714 289 925 319 670 197 124 280 327 985 193 14 837 607 276 980 525 953 603 771 866 976 662 18 421 889 341 590 222 889 897 540 443 723 921 785 813 911 267 826 467 611 310 230 934 312 587 919 682 108 972 729 331 374
970 533 162 167 288 369 996 8 416 475 708 386 303 655 857 864 831 117 534 99 709 585 254 330 938 448 417 800 602 991 697 918 838 433 966 642 259 501 152 396 361 96 895 636 167 810 964 880 191 689 487 578 732 189 278 882 756 255 493 665 39 868 772 957 200 223 269 154 604 99 51 1 91 237 970 628 878 617 848 423 995 572 272 483 239 63 141 822 476 612 297 463 139 422 686 817 389 746 183 10 911 632 306 52 625 276 647 228 654 521 179 54 505 595 170 135 726 824 915 698 926 862 150 708 457 450 99 29 43 295 475 946 686 902 587 315 136 917 477 645 423 940 457 728 724 380 154 43 2 449 1000 106 11 802 583 968 318 923 710 863 330 22 500 856 726 514 903 987 72 707 154 835 895 491 83 775 529 635 832 577 300 640 764 880 92 482 156 221 537 325 973 835 514 513 77 548 864 884 638 505
813 213 517 870 974 709 738 899 443 889 935 819 394 729 238 784 497 245 842 779 856 101 110 103 751 758 315 303 651 713 776 581 929 823 696 669 296 111 34 389 70 564 85 647 103 502 707 572 263 832 596 238 366 575 105 152 13 598 500 932 549 593 721 101 944 815 694 813 591 546 565 908 267 336 134 614 176 445 73 684 629 771 191 599 652 737 935 852 814 335 40 538 869 523 29 608 27 28 562 269 745 268 710 976 154 91 574 914 115 499 840 489 357 669 529 483 418 309 955 593 55 436 909 60 544 451 119 38 438 993 486 490 365 555 889 484 881 322 584 896 193 406 463 661 987 760 205 892 151 411 931 796 282 184 18 710 278 666 354 796 349 924 672 978 167 127 954 562 520 484 628 142 405 755 851 565 972 691 287 279 192 174 471 788 662 469 891 875 889 635 811 214 198 478 512 915 981 656 477 674
202 67 217 129 241 81 100 251 684 222 661 662 996 542 181 590 276 588 74 762 59 434 961 892 796 417 464 21 658 36 62 489 584 243 747 972 446 353 989 619 619 599 15 303 772 981 340 932 997 67 770 361 128 419 695 114 210 98 849 731 361 499 569 227 9 170 887 622 418 522 930 8 632 321 623 817 30 455 379 332 594 994 411 394 859 643 848 784 269 784 690 856 503 265 664 264 959 710 875 51 451 413 539 213 487 447 858 854 178 516 176 941 951 56 198 871 639 42 453 580 162 847 666 1 78 722 517 614 90 710 213 384 731 652 569 24 161 561 314 327 656 32 734 848 445 833 646 722 77 134 514 702 433 47 6 801 732 357 248 839 498 786 339 684 595 687 332 23 676 516 292 784 583 922 915 449 936 963 230 472 557 711 842 296 671 620 225 88 879 298 280 36 922 93 282 7 468 946 448 699
207 776 243 192 342 756 642 163 814 567 937 268 258 749 589 298 938 92 261 273 147 349 379 1 808 671 532 185 520 177 938 125 701 704 709 6 784 644 955 724 404 362 111 671 352 478 201 219 793 317 176 995 525 809 150 347 654 124 50 339 976 633 669 90 928 346 155 748 194 986 549 652 339 560 789 550 592 26 238 678 929 137 164 435 886 691 784 960 134 808 466 52 640 586 668 347 13 627 837 733 847 318 357 947 518 591 101 722 833 610 117 969 202 718 797 495 576 525 249 54 287 1 64 548 307 210 405 857 71 370 32 670 772 652 800 733 740 769 119 854 196 396 606 350 310 272 873 926 385 975 289 467 110 576 993 205 209 107 299 660 36 770 440 895 782 732 937 145 222 829 800 392 680 455 599 109 378 118 622 729 15 971 411 576 434 671 851 883 747 645 896 606 553 45 244 827 306 445 172 935
636 329 181 189 732 688 106 377 519 112 593 879 164 994 370 745 493 370 71 515 77 250 459 423 228 842 924 280 12 202 701 244 77 786 354 214 251 108 299 816 431 555 43 886 44 288 372 43 116 426 292 249 690 97 962 827 555 422 936 11 458 995 285 335 689 289 541 684 213 408 261 768 971 538 482 957 359 102 616 516 307 700 893 890 994 940 209 36 595 818 921 757 945 420 76 314 620 838 435 408 868 403 691 796 705 854 461 333 297 272 882 312 636 599 24 956 174 182 903 349 522 248 419 409 376 151 119 320 770 484 804 107 869 980 294 579 629 270 491 292 507 960 446 366 356 530 486 582 433 532 877 875 917 350 320 998 17 395 925 692 1000 779 218 762 571 543 546 293 561 446 482 937 304 94 193 362 685 315 785 660 981 43 153 809 135 559 726 503 516 166 455 818 775 718 530 815 928 172 158 25
857 205 417 911 581 600 380 802 518 13 883 980 579 925 595 970 276 165 387 245 523 256 40 453 270 78 296 935 934 430 941 622 787 865 465 601 497 292 702 388 582 223 798 232 805 635 65 266 247 403 470 607 964 568 602 127 430 333 365 906 21 567 727 305 929 695 733 892 73 472 758 903 216 154 101 309 460 889 675 924 919 702 248 724 153 956 543 92 800 402 523 836 203 494 454 968 282 364 985 820 668 743 923 682 922 881 946 887 612 579 21 430 879 974 913 362 361 941 316 716 210 613 547 872 907 828 192 70 739 986 358 575 428 850 94 959 947 212 31 665 388 680 399 759 958 435 520 168 164 363 10 118 238 698 728 480 997 179 914 381 894 753 138 930 424 189 539 417 213 906 722 588 611 534 76 176 716 179 365 6 705 664 723 726 218 684 45 808 967 631 612 759 406 473 226 839 551 980 587 127
125 150 941 968 660 864 951 660 466 378 384 550 269 285 851 70 324 241 604 772 534 24 191 699 960 899 943 736 194 347 609 765 699 507 770 30 967 862 739 616 350 945 12 340 907 360 395 408 160 929 579 607 20 629 714 907 854 901 608 507 760 306 163 89 584 347 149 394 744 988 46 795 483 521 929 706 317 983 87 634 18 252 737 281 334 691 904 136 464 200 312 66 13 530 389 994 173 120 40 11 663 282 855 38 115 404 879 700 1 891 491 539 195 431 66 676 784 892 170 769 465 859 40 681 172 398 156 805 957 964 35 206 173 206 712 3 954 354 663 789 330 826 205 834 519 292 318 770 799 192 850 725 357 408 776 588 668 269 338 302 494 960 8 106 427 209 509 542 929 99 344 828 360 523 984 362 905 754 281 232 101 381 661 183 468 151 331 734 240 949 324 28 370 409 946 63 702 55 628 894
194 340 922 139 483 404 140 359 649 761 516 841 654 214 160 708 412 270 535 35 71 828 960 118 778 728 257 540 598 114 944 439 639 285 872 316 993 263 704 921 226 39 614 532 886 396 699 724 907 749 253 311 731 374 873 930 642 377 949 664 413 940 695 93 815 697 494 371 515 31 595 488 925 494 405 824 738 819 797 453 888 219 264 868 587 764 717 791 810 320 190 393 452 528 923 220 39 879 724 478 973 75 451 609 906 457 844 757 271 16 636 537 91 282 378 507 525 180 268 171 106 824 743 126 378 270 216 251 154 83 992 546 913 927 667 366 766 63 397 15 740 609 317 355 597 733 704 565 639 892 157 826 955 181 979 750 750 35 229 810 915 778 620 685 115 263 254 443 287 387 431 572 636 727 315 579 803 527 812 180 661 833 603 804 408 919 794 106 196 218 560 105 445 461 862 928 475 832 49 948
955 465 869 166 227 241 313 636 225 143 708 825 248 174 878 158 781 371 647 103 479 237 344 641 475 958 7 611 632 241 829 270 283 899 49 588 151 326 111 320 336 569 132 419 119 708 948 426 544 37 199 607 454 592 646 596 325 856 898 459 996 743 772 918 592 135 814 517 679 466 568 326 975 692 623 925 440 636 911 344 336 807 451 336 800 386 812 844 471 674 726 283 507 120 622 670 602 224 970 979 189 239 661 542 68 470 586 53 389 682 341 931 308 53 428 420 691 45 512 299 113 700 479 701 318 541 514 896 638 487 841 371 149 887 129 430 276 444 619 275 687 387 684 859 951 844 959 674 830 333 99 435 445 609 925 455 596 68 925 935 566 932 104 504 77 699 127 394 266 601 97 481 282 113 929 856 637 122 462 394 440 612 242 280 797 587 683 42 637 540 339 857 345 158 228 63 824 595 976 192
296 886 189 711 978 345 827 309 320 564 474 881 683 19 590 520 584 75 801 472 190 59 888 985 437 136 416 467 316 241 508 528 601 428 905 804 426 649 871 592 867 732 44 452 682 987 443 724 775 968 872 593 162 151 796 843 538 664 468 154 222 750 761 565 462 100 856 402 694 388 235 120 585 824 896 481 192 392 347 334 452 485 816 312 903 298 133 403 859 470 154 946 427 980 838 461 548 439 455 61 974 996 894 488 368 814 654 630 467 415 736 169 998 448 431 115 263 15 180 327 724 133 639 293 835 504 20 252 51 801 18 305 574 57 591 482 202 688 876 32 423 306 88 385 562 345 377 943 344 460 494 131 808 240 295 760 187 547 874 359 919 596 854 799 860 649 168 197 121 543 419 137 226 223 797 281 586 705 919 506 296 178 810 332 149 579 194 323 543 28 156 979 100 516 315 250 936 41 869 488
854 894 821 781 871 165 24 520 532 577 881 184 269 398 234 806 649 209 116 417 150 379 714 146 18 422 468 39 99 22 903 741 383 270 369 982 974 625 284 765 970 438 481 609 912 374 117 397 992 273 416 145 386 297 897 30 933 2 281 51 942 104 742 685 284 780 262 44 895 174 559 228 614 225 993 232 302 188 808 421 138 833 751 421 699 978 993 463 74 177 721 606 244 932 368 208 332 946 906 744 123 830 779 606 833 101 172 241 795 852 917 195 359 890 886 971 570 691 537 244 75 850 770 174 807 632 571 893 148 985 519 467 329 402 79 184 128 567 46 256 740 747 382 271 388 845 954 314 198 517 796 465 974 910 392 529 477 226 367 121 527 644 155 675 205 267 878 828 577 726 48 12 82 912 33 662 44 485 57 257 729 14 558 169 408 248 378 466 651 511 470 745 898 256 308 694 915 488 884 562
156 835 681 106 622 65 433 399 513 634 653 743 12 268 156 496 882 856 412 204 241 102 212 848 715 502 434 366 956 339 36 639 467 164 200 303 228 855 756 684 230 878 528 77 444 174 970 831 465 634 353 733 756 37 980 165 572 605 209 728 433 211 595 222 533 827 511 812 506 457 129 765 476 161 323 964 522 946 660 609 371 141 121 51 634 313 735 930 414 324 659 342 459 271 125 481 28 408 397 188 679 463 270 719 70 923 248 672 480 940 237 939 304 26 736 852 228 818 325 413 360 670 711 835 811 956 149 903 310 108 207 324 622 552 422 894 434 194 394 244 861 647 189 282 215 771 356 869 508 275 843 413 822 430 592 77 750 75 936 952 303 376 957 648 299 88 140 158 429 860 405 600 252 195 136 968 540 640 647 376 971 942 7 298 559 573 269 309 787 729 944 841 427 667 231 446 363 135 336 473
670 548 260 227 31 65 177 41 383 832 537 28 622 475 79 786 180 268 774 6 981 550 154 881 529 798 713 18 348 269 598 681 519 879 287 234 654 813 364 393 825 514 149 897 795 634 49 834 171 460 562 216 261 320 870 759 721 295 938 906 71 64 65 745 681 857 402 371 488 855 913 884 869 680 323 476 326 784 54 35 752 297 783 163 453 118 229 883 284 390 615 847 306 85 441 293 926 318 642 682 903 654 935 633 749 534 674 194 185 309 900 70 636 200 320 731 231 581 964 506 750 951 235 709 856 894 166 957 648 380 493 458 81 649 291 411 202 440 118 411 895 536 722 812 630 959 92 284 446 690 348 894 229 985 715 815 249 232 968 392 582 783 482 786 193 755 84 483 607 813 342 945 26 668 395 212 704 276 45 468 550 651 354 366 6 31 944 113 270 388 35 844 263 524 959 126 775 696 974 97
263 460 827 714 14 679 164 24 919 889 601 733 447 767 326 349 603 141 121 573 730 223 412 641 950 472 754 49 809 768 652 258 957 423 518 709 927 929 792 518 392 917 438 393 410 728 993 580 718 394 142 897 824 218 72 477 819 252 374 885 38 783 823 981 832 19 565 735 875 514 826 562 431 796 743 700 825 348 939 679 205 790 689 707 698 302 263 793 745 185 365 107 526 340 465 736 705 769 382 936 135 518 1000 709 989 358 577 564 738 43 339 978 396 91 847 338 729 976 853 904 689 166 645 251 779 160 246 876 980 610 637 56 293 916 174 635 50 230 21 679 185 271 999 507 907 153 236 533 618 325 680 171 932 237 309 53 936 682 839 650 921 205 194 32 345 367 893 509 447 582 215 489 192 601 409 337 333 826 834 236 98 825 456 233 989 761 175 814 837 133 498 531 111 450 471 55 789 948 636 969
448 471 651 89 245 965 112 209 905 53 41 911 775 587 356 755 500 265 843 258 656 718 187 842 646 358 421 987 983 832 779 656 703 848 297 181 964 314 323 971 994 745 910 692 910 719 263 731 854 761 866 996 258 176 27 318 703 388 734 971 554 400 833 736 461 762 788 879 236 351 309 718 510 914 2 110 406 807 934 992 287 302 22 244 474 329 840 906 889 234 542 115 98 425 138 14 618 540 542 119 577 198 265 915 397 849 939 285 467 904 111 487 553 743 511 204 255 72 648 945 974 743 848 668 111 638 50 876 498 411 554 891 481 449 2 99 625 870 37 991 585 84 505 929 396 245 145 257 467 704 793 604 124 324 52 38 542 815 274 549 39 428 280 451 756 479 320 604 554 411 979 275 992 264 323 82 754 772 132 658 676 279 530 101 768 622 666 86 181 848 609 939 949 100 909 29 509 731 267 660
19 731 695 751 339 630 41 489 923 875 113 904 94 221 111 226 850 596 814 947 661 378 347 820 219 179 599 385 618 987 530 71 35 229 594 237 586 675 414 936 672 906 68 648 131 547 488 744 609 192 532 234 60 564 165 462 556 562 462 927 85 244 64 619 867 205 959 974 460 817 931 418 630 711 973 200 207 903 644 430 986 412 77 137 902 847 650 692 266 479 770 805 152 128 375 626 667 788 500 360 921 180 642 118 332 852 755 699 419 527 241 948 661 124 233 477 737 394 555 698 893 358 798 538 744 552 67 951 826 790 744 223 535 196 8 734 518 963 584 778 637 52 318 557 183 594 816 570 693 829 799 506 531 300 381 468 205 861 83 472 482 23 633 475 850 217 476 176 809 598 49 639 488 494 105 34 690 278 672 334 985 230 824 175 87 827 752 343 935 475 447 435 126 806 527 18 473 699 415 844
898 992 250 87 634 686 673 892 108 634 623 433 59 999 59 240 482 553 805 360 201 617 478 630 769 516 807 483 845 15 306 169 159 752 701 609 147 560 108 744 508 624 216 371 172 918 39 225 164 723 894 594 269 216 278 165 86 929 498 319 13 947 782 88 848 386 681 636 815 910 597 31 573 178 73 492 547 101 400 90 875 172 923 304 539 512 431 445 550 219 874 382 954 708 386 974 374 914 7 761 226 104 493 559 935 266 694 765 96 293 910 542 728 243 739 992 628 58 366 298 344 712 443 660 890 261 536 463 96 859 679 914 163 204 252 521 245 456 382 532 687 894 110 396 159 897 51 768 470 729 210 654 394 392 26 484 293 743 994 966 680 143 317 475 92 888 645 573 846 856 959 208 454 665 748 278 583 939 880 219 450 203 643 883 872 130 795 775 235 815 778 208 389 97 976 515 254 622 816 254
212 816 259 589 738 41 355 881 115 314 513 459 271 808 833 697 87 879 768 542 209 208 672 168 168 535 619 146 972 158 338 606 699 723 86 410 123 351 930 832 104 116 335 70 893 438 358 602 807 627 808 935 890 95 983 429 601 765 515 53 503 660 51 932 733 567 922 834 599 513 864 344 349 5 824 181 261 524 232 7 184 936 687 775 736 924 944 894 817 270 630 20 244 286 476 513 732 245 668 100 433 551 724 677 414 781 337 678 11 605 355 642 616 306 206 404 699 979 771 672 262 583 367 940 138 141 839 249 176 995 96 491 785 126 494 522 424 939 439 904 871 589 81 362 59 778 205 266 51 131 782 107 732 597 35 704 117 99 626 101 407 739 787 540 912 666 436 910 569 892 375 9 814 646 945 337 637 154 588 443 153 757 929 244 86 104 1000 505 177 171 725 709 804 840 133 565 291 14 578 630
284 65 387 623 34 714 326 680 329 412 631 672 15 885 352 505 695 821 537 521 531 544 997 798 650 249 618 250 55 164 414 118 386 302 597 664 295 344 371 600 440 238 13 343 773 651 994 579 179 521 601 36 985 75 953 132 280 279 815 608 307 903 326 868 18 999 413 406 515 997 154 97 201 316 648 991 708 335 704 8 892 423 493 868 117 77 574 167 228 255 931 163 480 505 40 593 693 533 419 674 214 417 119 907 198 342 984 263 916 204 650 961 521 444 587 473 921 548 175 604 742 785 2 971 451 944 687 308 750 658 649 806 233 526 79 544 294 906 754 125 341 737 367 691 141 456 918 344 611 272 947 885 707 201 56 831 750 555 547 767 158 513 304 975 715 47 188 100 878 999 212 850 849 104 24 233 722 698 95 372 967 51 95 164 261 850 994 68 709 424 818 155 766 665 192 552 761 513 207 148
821 474 607 733 404 391 487 766 114 823 395 44 749 46 9 819 977 101 635 858 650 623 860 873 442 726 499 890 233 480 180 996 144 361 688 848 969 934 429 995 51 408 344 109 51 919 761 790 382 886 124 515 888 213 260 700 523 185 964 984 436 632 563 418 524 895 248 337 843 6 666 366 745 554 408 367 541 431 826 245 752 714 281 650 75 685 333 425 1 86 225 98 361 661 332 857 935 57 631 957 153 744 760 459 938 39 138 117 375 56 28 653 940 188 228 41 254 962 694 713 647 218 822 166 186 202 580 892 798 40 377 242 410 302 265 510 642 272 859 765 587 238 161 102 266 359 320 463 517 333 901 467 435 79 391 625 114 281 490 746 438 491 661 864 989 863 25 390 776 906 9 187 780 214 376 745 371 773 668 17 558 410 73 381 250 848 392 645 282 109 634 260 821 988 482 696 526 954 388 598
600 192 696 115 284 435 776 542 454 126 98 152 804 611 593 530 190 573 633 989 230 939 222 211 916 678 502 414 42 219 999 494 240 748 51 179 353 78 438 669 770 944 964 913 723 90 314 714 989 131 843 144 28 39 902 90 945 998 655 832 196 676 101 778 98 471 631 149 879 965 362 31 464 829 830 5 719 811 127 585 219 859 601 25 57 943 323 694 100 945 551 974 466 66 30 665 600 736 256 880 701 232 831 966 618 12 371 151 485 749 644 288 969 341 330 960 787 263 301 261 36 152 54 826 553 116 443 901 885 692 32 632 414 636 943 491 245 848 47 140 545 869 613 386 621 90 7 235 758 325 129 193 817 572 986 44 199 544 252 576 374 945 75 6 890 743 169 127 673 588 962 573 825 175 81 195 451 120 423 125 56 65 571 497 990 467 813 589 695 731 742 575 572 621 833 326 416 778 190 42
224 558 313 999 916 896 380 242 483 431 413 443 868 481 260 912 516 565 369 503 763 414 329 766 960 691 653 4 430 415 328 22 438 663 298 855 440 975 933 451 984 837 91 361 274 160 616 656 134 662 133 761 693 968 926 340 664 817 613 456 243 722 611 799 164 878 857 623 190 135 528 292 127 969 132 488 581 933 730 897 44 249 460 731 733 151 970 617 37 779 932 500 980 975 929 495 489 564 896 867 150 192 766 119 696 542 263 848 893 291 865 381 606 579 59 632 434 109 23 579 93 883 358 797 686 148 745 725 455 923 739 348 37 920 803 491 814 133 981 966 667 982 841 642 57 523 871 590 910 723 371 1000 516 100 941 797 587 375 683 576 830 324 433 838 291 84 262 822 474 30 777 206 598 311 953 41 758 458 599 545 845 151 835 882 83 946 424 882 806 401 89 31 2 891 244 208 456 986 409 909
657 656 531 151 663 646 370 562 267 935 780 771 365 252 48 391 884 550 832 821 832 412 559 758 594 660 570 221 77 975 985 997 586 636 906 629 203 523 87 721 718 988 831 380 574 42 136 887 185 615 781 486 819 71 619 209 727 888 385 199 983 601 514 624 898 549 532 858 501 245 286 894 918 679 354 31 886 583 116 777 368 213 469 148 670 496 185 331 270 891 950 454 226 706 834 797 725 60 198 408 844 594 343 138 204 85 941 807 390 59 911 61 947 672 647 730 583 2 891 612 832 400 776 635 327 13 879 350 479 828 159 421 909 237 818 767 896 994 4 390 955 567 910 665 392 996 26 303 85 78 282 586 1000 463 393 601 618 623 416 793 314 57 447 242 974 577 225 269 900 432 457 282 147 540 714 464 595 136 803 830 892 891 54 967 459 887 257 601 299 509 606 520 680 183 255 922 744 704 122 92
327 476 796 81 397 93 571 53 767 427 521 244 436 876 541 724 383 113 302 230 786 851 26 709 88 212 678 857 571 556 375 620 14 279 733 751 106 252 242 821 658 330 897 441 312 455 989 325 220 698 917 574 494 786 331 896 425 366 188 19 204 313 926 173 935 734 13 447 791 386 964 24 277 55 721 325 859 565 699 894 39 832 940 457 267 866 838 25 659 257 19 339 35 34 580 33 794 612 189 684 847 837 721 36 922 597 541 547 587 28 492 766 472 584 158 740 141 502 113 758 779 797 18 322 740 796 348 522 156 93 419 142 66 690 361 105 799 782 887 218 919 923 995 183 104 74 745 600 613 178 727 264 73 126 532 742 767 278 865 335 785 878 977 705 11 629 712 691 656 418 481 261 881 236 719 101 483 155 174 352 21 421 839 300 835 706 439 22 237 314 515 458 83 184 292 782 10 728 184 577
263 105 852 159 616 597 863 266 909 334 875 80 480 193 634 264 11 650 763 71 745 364 82 866 127 534 105 556 139 90 327 90 783 7 85 995 793 486 873 922 603 617 84 658 812 920 912 558 164 586 939 24 294 84 12 75 50 885 208 721 756 44 474 575 760 795 72 76 208 730 212 852 607 130 45 19 131 164 233 548 151 622 18 36 950 794 398 839 863 963 880 746 626 245 867 71 181 942 559 179 135 475 733 445 831 238 314 679 189 287 506 22 816 398 270 466 844 15 174 435 992 984 44 209 157 630 812 331 467 450 311 863 312 859 869 767 149 309 490 388 668 340 64 428 976 692 776 338 170 179 543 868 419 797 576 603 264 136 138 586 525 700 441 930 735 773 623 165 112 915 370 806 282 312 227 678 137 413 553 86 19 682 34 346 366 771 800 675 481 674 587 866 417 213 691 720 177 144 759 945
651 305 474 889 830 595 561 16 481 366 941 476 791 925 141 346 343 752 676 163 835 200 414 32 794 909 70 800 914 63 15 473 725 671 219 138 985 114 257 599 58 876 325 733 90 583 380 37 743 413 206 59 368 583 809 643 125 60 722 780 917 53 229 70 778 314 35 382 745 151 272 461 215 463 857 165 363 400 745 728 995 142 440 358 911 855 912 514 353 840 706 109 567 397 304 661 619 461 986 496 501 649 34 842 940 736 346 343 725 893 912 973 850 871 470 230 477 807 779 734 647 10 937 807 307 421 718 149 30 747 521 115 513 921 133 457 608 390 734 104 57 208 599 141 244 794 15 961 405 513 696 750 19 206 348 77 255 823 388 684 695 604 946 987 618 613 140 373 257 740 769 802 325 664 934 632 166 149 264 193 174 372 680 873 317 638 381 690 162 224 149 984 125 140 605 281 206 773 323 420
495 788 82 67 76 441 349 791 477 853 237 428 502 815 557 38 122 113 794 248 669 314 499 889 349 132 329 263 722 218 836 594 959 676 419 174 261 769 920 859 257 28 757 935 321 764 146 54 746 492 672 952 164 328 995 508 673 524 493 730 59 932 797 884 182 107 867 322 236 58 529 712 814 70 168 368 651 651 878 738 383 450 896 44 589 247 421 54 844 395 806 732 951 944 253 538 286 547 947 41 706 610 649 380 714 307 572 82 2 493 411 258 500 609 955 79 185 844 421 70 62 453 837 777 952 502 1000 435 989 332 481 372 230 316 318 976 844 665 472 690 54 661 712 329 326 257 156 788 434 697 645 705 390 243 395 939 946 362 826 439 268 835 883 139 401 877 804 822 554 200 95 810 189 740 750 619 637 153 924 165 215 4 933 651 996 750 430 926 604 67 427 764 771 821 305 790 292 453 806 622
347 819 382 863 663 497 914 19 810 810 31 801 179 333 402 788 750 599 878 613 102 173 613 445 459 469 72 684 981 148 845 709 719 29 794 704 575 967 75 750 755 282 218 205 692 724 273 766 393 508 267 165 752 732 322 492 329 934 620 947 520 568 887 506 581 212 698 535 757 555 908 36 752 557 288 875 600 898 136 143 355 273 333 673 116 573 223 285 315 719 358 836 345 592 894 729 31 942 833 866 624 723 669 796 637 854 582 386 914 649 154 431 665 628 575 891 283 438 570 159 747 118 946 94 40 944 61 762 628 315 796 767 397 129 526 69 770 966 714 580 176 245 549 363 279 642 778 950 18 891 185 741 420 333 221 358 782 59 543 453 750 834 685 224 540 420 792 80 869 523 926 860 219 187 348 376 815 142 384 274 821 951 85 161 422 79 239 265 951 281 495 246 774 292 293 724 30 698 907 457
783 397 516 760 981 344 699 375 75 911 515 734 849 905 479 380 154 21 578 200 640 653 848 497 380 336 776 669 67 925 529 145 161 107 723 638 45 435 352 779 88 992 827 835 933 386 712 251 252 556 403 876 191 733 513 998 214 805 806 521 859 315 548 250 506 5 784 824 463 467 535 391 302 230 127 383 555 864 423 338 508 920 599 993 502 909 169 400 432 482 929 215 325 452 869 329 31 233 777 630 612 555 437 355 84 572 373 674 969 345 695 691 878 748 887 435 541 262 110 740 847 920 598 307 675 900 638 814 958 202 763 622 188 97 216 556 875 423 979 858 931 740 436 507 110 18 914 782 277 941 17 769 654 283 486 171 860 654 131 469 75 974 522 54 331 440 430 13 405 675 133 435 468 761 915 139 529 114 455 924 145 509 882 533 291 32 355 990 919 285 256 606 911 73 625 665 680 116 604 913
303 277 801 420 130 594 923 676 511 99 609 8 96 585 278 23 64 449 458 373 162 595 503 987 503 540 310 324 342 469 719 740 835 41 997 606 662 606 997 711 570 887 584 376 374 822 30 343 449 421 990 910 621 115 400 200 422 839 292 347 98 769 697 932 52 46 147 475 575 389 978 39 107 947 957 723 598 59 944 748 612 551 266 363 577 771 806 322 359 757 484 616 436 674 629 152 333 606 473 64 82 272 514 769 316 804 261 661 276 460 897 237 1 714 807 507 881 345 999 591 822 122 148 595 817 267 790 938 119 21 3 115 414 65 158 360 600 325 501 510 120 532 720 970 928 829 99 542 511 636 109 680 774 95 934 284 874 156 502 276 775 867 711 235 69 273 53 57 630 204 800 117 118 181 288 260 473 497 235 220 903 912 88 621 852 312 893 461 409 525 494 852 853 130 986 427 199 602 478 357
78 207 376 728 579 877 119 170 273 197 896 300 837 781 976 187 312 546 900 163 31 563 545 48 115 174 707 367 454 75 441 592 823 60 889 692 10 820 113 711 510 100 7 893 695 19 197 131 395 640 573 523 996 878 70 566 167 981 310 332 565 170 464 749 995 328 531 1000 704 874 10 533 405 713 623 264 813 899 767 562 820 313 869 544 632 623 728 643 226 362 472 255 784 983 653 744 956 542 901 741 98 869 801 277 725 495 390 424 974 768 292 789 942 176 971 217 753 662 791 637 345 563 498 456 878 98 965 509 817 940 880 532 938 27 529 101 903 351 118 211 920 597 152 661 553 768 6 996 91 672 889 836 445 131 818 440 333 53 892 641 330 422 63 940 573 538 472 575 319 343 227 511 572 540 674 520 948 578 597 255 684 177 108 271 941 803 683 591 742 289 369 353 725 473 86 778 581 331 31 559
712 541 734 550 154 512 576 341 392 134 695 300 891 953 8 847 836 623 951 557 171 916 310 447 420 273 114 594 631 278 959 814 863 287 583 810 43 581 538 133 376 263 698 877 140 852 148 755 432 103 830 835 288 349 119 997 703 867 14 516 758 669 825 887 865 670 903 831 780 390 570 75 229 867 269 44 253 490 521 182 936 279 943 987 328 544 525 741 522 880 519 441 492 117 297 754 796 397 98 617 843 183 41 807 654 855 888 742 138 341 592 779 949 506 62 837 282 906 225 104 738 180 741 621 277 786 873 174 744 79 354 418 358 180 492 992 341 137 151 846 640 799 658 207 883 465 904 649 433 857 268 198 978 657 453 875 109 399 785 246 710 831 431 966 45 120 251 868 401 349 127 617 967 606 810 389 16 87 281 225 561 327 417 351 54 916 997 115 412 213 918 743 717 725 305 290 205 591 138 430
919 198 722 201 774 72 193 405 524 14 234 460 535 166 836 122 782 937 950 665 249 761 211 171 589 612 233 150 704 763 176 706 560 2 19 875 566 778 87 566 768 970 817 245 787 771 158 455 859 222 355 635 309 475 704 678 716 266 731 259 641 236 911 979 695 432 892 361 375 39 980 876 80 580 405 826 233 455 846 908 559 645 7 677 949 661 794 772 816 319 768 411 85 229 845 988 812 319 373 245 790 940 532 599 119 621 871 789 682 238 412 481 838 916 839 775 150 270 963 168 188 559 629 709 128 467 747 178 246 14 740 375 383 183 942 762 561 805 95 168 127 361 935 592 134 882 933 658 12 140 901 853 333 883 642 203 749 172 857 33 866 265 742 312 798 161 150 528 586 195 596 372 253 420 20 173 813 363 481 624 302 413 331 345 837 863 425 253 414 313 990 800 507 968 40 478 167 249 216 599
230 643 317 890 194 385 990 912 839 729 165 528 256 487 918 930 564 252 570 761 561 800 459 518 478 563 282 560 797 224 61 611 750 645 289 223 137 984 933 940 297 961 740 231 302 633 786 479 88 491 559 496 574 460 355 321 849 920 166 464 961 105 237 148 13 909 334 847 720 232 200 802 257 340 867 136 500 240 557 128 795 894 745 671 304 326 353 602 94 479 864 151 345 508 593 390 707 495 69 249 663 867 587 237 109 677 937 870 61 770 95 81 482 260 855 247 721 747 599 663 478 932 592 985 51 701 579 418 753 201 991 113 625 2 819 49 113 255 433 240 878 400 345 862 280 23 443 735 940 753 596 905 981 221 22 701 270 773 309 520 896 266 707 27 769 127 390 675 991 708 60 876 427 73 874 576 330 711 498 939 604 859 749 72 453 712 679 280 78 352 624 675 524 683 891 57 269 365 87 566
109 501 955 642 851 839 205 560 651 727 879 945 946 215 995 579 451 956 71 731 370 776 704 232 1 928 707 901 273 506 244 559 213 565 827 101 555 19 267 99 358 519 313 343 599 128 310 734 242 8 194 509 44 378 875 146 949 428 370 707 214 605 119 840 183 885 185 931 884 152 531 436 833 922 209 991 757 551 314 936 633 559 743 928 19 127 359 898 799 357 154 962 636 930 906 91 835 229 760 621 621 655 475 626 833 804 309 326 502 931 899 357 273 818 746 182 696 489 314 12 937 483 650 208 955 170 87 75 623 726 117 662 615 858 1000 450 757 576 287 899 996 416 128 599 131 562 477 477 529 594 195 925 301 52 927 952 737 998 262 413 434 28 222 869 901 837 850 506 394 511 898 60 524 135 422 609 931 456 655 165 364 772 109 549 216 196 437 342 512 511 143 657 385 385 76 26 663 216 281 396
646 663 11 406 17 633 79 645 263 46 792 619 254 803 765 207 4 465 61 497 138 637 953 399 57 335 268 581 630 315 5 142 19 164 355 913 191 785 839 618 730 896 697 3 683 524 231 28 686 553 192 220 644 59 468 426 34 81 236 307 405 744 205 940 513 175 6 732 209 150 534 422 20 542 25 815 743 925 442 154 440 139 675 31 576 104 560 804 140 282 948 383 334 691 395 803 699 644 730 768 995 344 516 944 570 563 334 845 472 209 219 151 474 783 350 599 252 25 851 977 946 615 474 646 648 301 410 187 441 13 570 702 753 740 375 187 999 412 530 966 597 675 478 487 961 75 625 734 963 709 204 174 750 625 367 687 732 293 595 707 266 132 143 712 317 437 292 746 582 591 480 736 253 320 930 247 581 417 70 673 375 448 317 647 765 340 944 530 203 420 865 144 842 308 476 837 331 360 248 670
422 517 564 164 228 400 855 458 850 307 493 248 549 627 512 491 101 431 158 70 559 883 624 838 273 681 880 119 563 490 753 308 131 421 788 590 447 728 704 129 936 829 78 676 345 646 597 816 420 565 709 532 729 461 538 469 900 731 603 143 838 404 982 681 647 457 337 234 354 291 58 141 270 709 986 621 637 555 754 513 422 124 951 443 913 794 856 136 901 184 518 271 5 467 120 599 363 955 267 81 713 999 956 69 691 7 27 845 29 791 3 626 779 584 804 958 561 110 341 858 476 63 218 6 56 539 257 421 924 388 60 749 493 546 300 178 926 28 815 181 842 55 730 407 393 690 16 470 681 508 204 608 619 289 569 894 419 697 653 782 839 987 738 315 180 495 184 454 864 853 906 586 141 649 731 306 509 286 56 196 819 613 448 285 94 385 678 455 933 375 310 212 908 845 677 960 707 274 811 353
538 492 384 861 400 752 190 726 704 170 457 492 958 615 228 993 719 663 76 707 339 934 403 304 422 299 598 438 43 406 136 11 57 185 512 799 356 752 296 452 509 189 67 772 551 591 853 625 255 19 950 495 288 125 708 723 738 704 470 272 780 21 662 559 543 132 552 116 584 743 843 789 285 701 744 212 181 369 811 686 849 862 562 217 198 746 928 22 72 15 550 504 502 71 312 102 967 147 927 751 779 138 326 230 294 828 137 938 668 132 354 73 839 56 971 593 769 976 870 717 522 90 474 493 584 860 142 336 677 88 15 651 564 505 308 888 64 4 652 297 29 852 926 982 168 152 653 853 539 870 10 285 512 762 446 170 827 626 689 468 546 427 543 495 10 70 735 697 875 473 778 301 357 184 636 81 963 598 911 239 753 658 137 594 439 371 168 474 516 344 492 944 88 310 323 909 163 458 187 480
554 703 457 581 800 495 950 69 131 594 780 899 160 902 474 131 988 790 200 140 887 643 214 877 808 534 899 848 187 877 942 328 799 814 383 36 211 924 953 337 520 499 179 339 154 90 505 831 633 780 792 915 271 620 779 824 498 614 723 633 477 969 796 97 621 855 423 76 364 702 891 187 585 211 501 494 350 521 707 955 215 522 468 801 567 918 75 722 219 921 305 787 570 259 528 894 93 454 446 274 258 750 551 732 140 976 887 562 465 278 63 749 987 330 30 319 960 886 960 542 176 234 52 627 449 793 512 338 160 861 277 632 590 183 652 715 874 807 279 591 171 82 177 507 807 805 106 485 374 366 387 77 879 186 781 893 569 408 299 84 385 409 10 39 414 827 488 425 632 875 694 99 43 630 615 141 959 165 490 114 710 1 452 659 98 96 206 508 906 503 392 142 577 372 645 357 725 845 180 809
554 256 360 564 651 978 681 731 202 667 904 343 885 857 790 326 710 185 490 569 51 636 109 487 193 519 948 977 903 430 549 542 457 657 539 564 741 749 191 120 307 102 438 961 667 31 121 964 119 940 197 63 60 100 816 817 713 208 802 932 802 294 82 818 419 904 736 707 345 251 442 436 220 536 786 343 281 341 413 748 564 379 890 975 448 818 984 399 297 685 334 902 641 17 143 826 141 996 439 705 561 936 78 92 378 239 192 27 21 364 824 131 6 240 139 705 835 493 604 208 685 178 50 558 214 747 868 935 265 319 379 562 406 293 729 887 717 458 752 199 184 398 462 896 642 197 130 452 976 767 739 2 955 75 340 300 191 924 624 232 227 179 178 978 575 350 680 348 53 528 46 386 912 371 438 627 654 997 765 573 838 538 374 417 276 421 66 201 318 688 928 540 848 614 611 552 65 404 328 676
317 753 258 456 233 823 442 791 800 746 165 477 994 652 743 887 854 854 721 727 839 852 659 715 758 286 288 191 272 178 491 421 565 258 40 663 222 725 58 529 906 861 685 220 940 287 922 954 594 938 993 509 575 9 741 725 43 916 299 589 401 593 344 575 754 636 96 810 644 309 967 691 966 813 869 782 302 475 51 75 189 462 45 462 948 550 525 118 568 567 763 983 887 367 248 20 194 613 395 992 394 103 612 986 637 15 532 787 681 557 25 289 578 12 171 880 256 302 363 265 496 437 904 863 332 499 249 773 506 538 370 632 532 663 605 122 285 464 825 671 94 775 409 776 829 343 624 573 818 384 409 103 4 10 327 446 932 224 226 763 528 460 930 542 201 277 269 48 606 299 387 18 82 837 453 938 310 122 523 811 585 575 66 748 150 416 901 909 770 503 969 100 572 491 916 337 372 987 358 122
338 707 107 21 39 538 924 255 599 320 133 592 36 815 55 504 871 520 732 810 536 327 605 841 98 251 284 519 378 476 128 217 283 869 825 981 228 640 746 861 219 634 59 742 753 945 321 469 579 58 346 39 889 98 446 887 310 306 995 537 787 863 738 391 882 575 798 994 893 421 985 565 412 830 711 899 790 936 135 740 522 329 141 526 451 197 398 179 413 391 96 782 917 644 898 772 728 798 647 59 177 970 333 206 140 684 530 27 60 277 225 233 365 961 486 955 823 841 28 88 648 588 736 435 859 130 421 612 328 983 345 569 712 626 832 619 560 910 367 147 237 598 171 693 243 466 364 413 628 901 675 169 80 314 409 1000 544 692 120 648 724 787 208 282 772 362 552 270 582 684 311 806 345 641 80 443 175 590 686 659 410 246 687 705 379 78 190 889 881 192 800 26 469 609 734 677 338 268 115 984
630 296 190 117 336 871 828 658 725 378 879 822 449 722 533 980 487 594 499 317 168 729 833 610 73 875 210 746 259 988 926 818 504 543 661 625 191 52 282 894 716 63 752 346 57 45 948 415 410 282 233 969 750 977 496 280 624 528 730 469 217 3 429 510 682 592 353 180 53 973 342 837 315 78 255 573 365 107 233 184 496 624 885 988 803 355 481 601 620 460 952 884 652 678 555 563 573 787 502 656 438 87 642 990 426 270 903 23 418 190 772 492 780 847 970 32 10 501 18 696 967 207 630 593 641 546 335 692 679 483 377 473 104 689 617 961 831 666 45 950 432 934 420 350 447 671 707 309 6 172 833 475 838 899 227 667 358 457 812 599 185 710 263 825 240 376 71 939 568 187 811 320 607 684 253 881 36 572 752 151 755 678 58 345 945 473 174 27 734 866 391 293 934 719 788 775 965 502 871 521
426 786 667 491 594 839 550 928 214 226 129 18 686 107 334 429 47 9 124 608 646 719 631 252 353 617 647 245 831 518 787 472 248 810 290 53 34 640 356 572 418 105 999 543 506 827 898 873 986 505 731 819 655 320 899 768 55 914 514 746 484 680 68 524 124 806 116 351 770 435 351 858 55 516 454 305 463 440 565 112 363 700 237 707 342 507 813 515 472 58 432 778 462 505 522 743 450 467 399 385 823 567 413 152 186 734 995 57 394 225 480 964 530 200 550 486 657 943 624 300 521 408 701 597 470 601 410 495 144 933 176 635 51 289 239 157 920 577 582 358 944 55 244 617 255 846 928 225 563 496 173 263 137 769 105 673 113 161 179 551 927 686 367 937 313 962 104 441 971 246 278 973 950 814 797 956 922 915 221 935 347 102 856 754 183 198 772 648 199 559 686 334 691 251 82 97 254 426 818 395
101 311 358 180 387 556 105 58 354 967 832 111 537 409 644 783 237 709 940 369 259 31 971 640 654 921 948 399 632 216 241 546 918 385 376 890 961 505 38 971 501 79 431 2 861 511 415 90 367 588 165 892 467 989 899 70 725 143 279 332 116 462 896 247 923 840 259 632 473 845 610 528 846 870 357 589 964 55 357 896 301 701 384 433 391 545 81 143 978 542 850 714 330 598 479 933 73 98 253 905 889 650 609 973 977 390 533 285 736 858 166 526 676 796 517 149 204 231 87 724 117 231 99 267 810 853 709 665 932 519 136 205 614 754 823 549 494 884 233 650 274 763 831 792 394 580 354 677 808 625 961 57 500 267 97 334 402 497 994 988 157 840 583 182 73 131 227 239 821 950 421 19 450 815 416 147 219 178 605 950 23 576 375 621 3 506 620 185 520 350 741 142 663 531 834 435 963 799 909 859
739 141 881 1 335 37 399 283 742 376 952 456 277 318 423 832 682 74 215 374 161 123 380 156 458 369 448 695 852 522 634 184 816 310 112 986 234 625 585 793 575 444 738 714 5 485 719 854 133 183 684 584 862 23 394 791 392 743 977 767 233 341 505 35 842 910 795 330 585 465 181 411 153 407 544 220 633 604 609 417 496 986 557 332 259 807 833 645 781 892 553 301 154 542 906 773 405 893 183 895 141 199 63 745 465 989 16 54 249 226 79 718 701 923 946 758 41 448 400 87 421 948 974 85 721 416 305 472 506 124 101 127 779 614 731 250 340 790 206 315 111 51 827 508 105 300 930 595 660 487 545 827 730 165 158 488 23 15 245 186 796 327 116 442 851 456 874 60 265 63 644 276 984 722 735 500 984 489 28 675 516 53 98 981 394 599 860 247 461 243 218 592 704 852 836 619 300 100 750 166
851 289 381 21 94 299 942 929 558 416 182 722 572 733 886 59 676 589 252 648 476 80 241 665 12 373 416 695 198 509 695 438 709 293 216 989 660 460 603 291 105 677 836 213 808 294 66 755 470 392 382 889 448 950 757 359 471 998 556 594 612 607 229 40 224 477 479 911 658 899 260 78 838 949 5 602 398 643 843 622 853 227 320 105 250 169 579 227 448 232 367 484 336 425 476 852 349 613 996 543 515 69 825 330 353 643 739 221 975 842 809 796 18 718 381 60 801 166 24 281 435 55 853 455 490 168 646 168 313 586 120 557 385 424 621 115 212 133 188 615 708 685 882 231 213 595 778 788 326 626 361 736 624 944 157 741 1 941 671 316 794 320 195 548 17 618 748 512 443 495 418 503 546 699 191 652 719 226 467 356 357 208 327 944 982 60 366 204 831 890 791 838 424 99 848 422 740 930 774 313
455 723 323 739 92 291 186 113 357 844 209 222 359 157 108 664 595 280 79 837 801 380 598 637 75 111 806 466 600 138 346 716 172 864 623 793 221 102 968 757 532 272 569 241 133 624 59 454 685 56 246 968 477 928 467 84 807 845 574 247 841 766 756 996 804 639 83 942 920 561 447 601 213 124 858 662 816 399 764 627 764 796 941 912 231 977 5 130 236 185 417 671 184 490 169 263 272 301 420 242 2 34 264 838 628 367 149 834 918 506 195 549 774 714 549 504 888 107 136 74 702 899 758 252 496 904 705 600 445 932 815 992 42 469 154 832 784 314 460 980 369 724 943 521 734 317 715 845 790 647 658 486 248 809 347 507 122 198 137 397 744 350 766 458 284 906 866 651 664 634 154 785 304 68 320 177 536 318 618 306 259 449 891 78 721 354 824 868 660 97 801 782 828 19 210 305 31 584 661 274
805 5 394 932 939 848 482 422 599 106 918 917 558 760 179 523 899 3 856 27 659 662 378 248 307 605 736 915 745 312 135 89 77 698 206 679 65 523 338 614 723 649 993 528 459 248 530 723 615 288 973 91 440 426 165 939 495 328 707 731 585 823 420 717 347 65 453 722 648 239 542 793 552 891 325 228 455 224 704 409 433 650 708 20 414 281 101 123 440 544 57 753 174 631 609 309 795 196 642 185 619 397 549 204 908 276 84 894 468 468 759 951 61 338 454 438 481 746 553 294 989 304 483 604 640 28 883 652 853 729 676 983 594 974 825 337 201 491 493 363 925 620 402 712 349 10 36 650 28 741 937 817 860 546 723 718 207 359 997 572 122 92 823 460 863 984 680 222 922 936 669 968 809 562 537 357 1000 999 836 761 500 71 257 930 898 76 389 881 751 638 202 606 604 807 632 339 66 711 968 406
716 242 861 169 551 980 865 966 78 234 259 992 237 957 500 36 335 192 68 495 398 732 833 978 252 27 40 715 452 236 533 108 790 567 424 770 343 143 635 789 467 615 54 412 866 250 890 231 72 256 111 655 846 886 822 506 963 73 381 589 777 766 358 491 297 610 871 825 44 11 483 361 6 397 572 313 144 396 657 797 955 563 201 973 30 664 86 300 83 341 907 353 121 39 374 629 287 793 606 838 994 624 944 257 391 403 971 574 664 787 857 14 934 208 242 492 637 816 897 241 133 934 726 455 901 448 74 785 106 181 598 68 611 812 351 182 511 243 570 853 426 717 13 897 615 580 284 64 545 132 754 801 805 836 742 402 679 676 449 108 134 678 66 945 409 581 628 359 111 615 807 841 403 8 526 374 695 943 375 814 193 870 418 164 182 48 90 140 257 899 756 563 278 541 340 255 786 898 469 285
822 695 139 624 260 258 8 22 39 78 250 567 721 83 244 498 998 249 885 745 490 717 473 318 572 846 44 581 872 796 424 378 707 216 555 483 788 338 905 892 22 277 610 455 768 75 870 204 315 642 993 848 483 699 180 248 413 976 341 660 502 526 563 876 839 912 482 945 395 184 714 287 480 143 664 489 169 137 530 464 351 351 260 987 952 880 541 324 312 38 948 132 610 463 26 729 156 203 90 245 827 992 412 102 157 558 684 877 756 818 977 632 336 452 947 172 950 221 279 414 896 687 176 971 206 697 815 994 780 322 168 353 64 71 596 930 59 8 653 222 327 411 114 343 281 590 122 557 107 616 524 656 49 796 466 106 421 202 785 785 754 27 823 250 422 784 815 928 780 976 856 960 359 726 149 955 877 766 680 600 850 452 280 775 288 567 847 873 922 189 735 183 295 476 696 901 414 796 6 398
931 970 553 630 474 385 171 226 990 702 309 790 218 989 775 50 381 272 59 905 633 784 309 170 258 643 998 332 599 406 249 998 964 445 361 237 165 863 11 951 944 794 819 26 303 449 418 984 937 772 57 646 614 738 608 395 268 159 12 254 266 532 342 338 581 630 549 593 270 814 27 534 358 345 410 225 869 585 651 808 46 447 299 965 82 396 270 113 760 345 271 13 468 48 763 769 931 631 605 462 324 769 149 146 933 748 228 877 637 448 70 345 883 673 353 262 393 904 222 336 27 601 34 728 182 63 190 971 630 891 220 719 259 91 831 308 481 678 223 606 416 878 540 357 146 478 351 771 37 151 493 41 746 253 394 918 734 136 205 507 788 722 695 599 610 516 305 420 406 751 894 970 758 621 678 957 176 997 529 252 358 317 341 794 970 43 816 303 969 205 906 647 913 845 896 134 550 755 931 736
603 770 87 522 931 436 152 442 39 844 444 212 297 87 688 282 843 52 642 299 43 915 908 889 291 300 97 918 430 184 841 24 391 218 206 623 716 73 791 598 659 991 280 733 283 28 7 474 92 117 485 136 967 372 910 5 867 601 696 697 304 163 951 592 562 61 708 740 422 637 95 692 898 955 170 523 953 845 731 767 396 280 69 865 33 985 691 672 198 939 679 999 301 137 480 54 361 658 528 214 900 683 341 195 824 752 401 622 571 677 595 550 248 159 506 78 526 549 992 655 3 475 625 135 658 550 318 574 658 454 222 28 334 663 878 932 254 842 717 755 446 921 990 67 786 30 361 970 665 863 101 224 998 517 863 611 788 975 561 508 759 303 683 813 44 988 733 501 156 961 1 557 507 432 810 827 582 6 567 480 94 662 2 838 51 226 401 871 17 466 680 93 396 56 159 249 476 857 812 716
990 261 655 727 707 343 854 310 596 706 424 216 673 796 603 298 988 503 574 34 394 283 663 871 926 98 765 614 684 662 470 441 508 119 816 737 123 85 726 2 246 589 657 127 280 570 25 995 108 257 205 359 90 520 51 899 353 674 407 691 741 84 351 285 595 667 169 71 729 849 520 633 26 477 958 86 375 745 488 7 145 545 650 588 588 710 532 213 439 844 846 739 592 306 109 321 94 71 966 729 543 948 989 793 528 726 373 632 792 420 359 387 291 111 96 743 443 657 985 874 938 816 79 186 229 352 736 429 156 243 773 441 109 548 771 840 534 983 355 537 372 291 597 819 182 766 990 37 290 759 619 884 820 660 280 615 226 675 911 272 97 132 962 20 950 67 656 768 524 490 801 891 158 892 759 539 815 697 674 740 262 23 818 859 708 391 16 632 262 229 322 437 540 98 676 529 399 268 729 772
944 92 103 705 107 609 682 633 191 607 205 868 665 153 342 158 646 781 97 100 774 613 3 179 616 51 186 294 102 514 337 143 68 986 346 552 690 163 170 931 496 378 480 184 190 127 685 366 954 244 205 924 774 716 221 786 346 939 329 435 808 360 435 335 359 980 769 903 607 550 870 398 966 456 229 924 778 470 731 862 553 551 284 222 494 708 868 672 411 266 763 941 279 87 679 766 596 874 209 346 804 572 535 960 840 807 455 96 443 432 26 512 449 332 729 562 129 98 992 459 858 969 984 915 46 126 191 637 648 558 336 86 533 933 896 814 4 673 491 790 51 903 453 10 446 360 849 813 900 271 102 725 728 217 622 446 564 861 492 346 211 198 645 971 274 12 365 961 596 607 759 926 747 449 113 540 932 450 598 415 458 576 610 694 637 197 244 119 132 696 669 206 898 684 506 513 344 430 931 403
414 858 975 337 104 858 651 169 793 345 450 184 487 531 127 895 888 272 288 943 897 493 481 12 639 760 186 978 592 534 701 27 224 300 555 278 919 58 375 440 953 390 714 469 402 872 137 132 548 153 142 850 784 857 286 893 411 539 305 586 239 359 766 38 948 824 889 139 249 738 746 616 46 496 973 951 773 333 358 797 708 401 602 407 278 627 226 456 407 162 984 544 784 161 114 756 334 307 912 764 400 944 475 515 169 143 251 571 565 768 23 696 744 982 786 694 905 996 883 529 4 901 304 625 422 963 303 392 376 344 465 891 568 938 883 322 613 321 759 802 435 465 578 953 681 64 734 995 970 766 209 196 782 254 503 713 901 431 794 786 1000 519 855 341 299 364 83 912 260 638 840 847 102 755 358 457 906 246 530 264 107 54 301 811 544 228 256 813 172 724 942 262 496 608 33 350 664 859 686 453
126 637 774 839 902 13 371 130 791 849 200 436 869 625 595 720 913 28 815 653 346 816 401 549 412 897 579 942 518 276 447 839 425 489 735 396 356 651 708 842 559 469 922 310 27 95 161 232 642 9 140 851 326 310 943 493 469 724 577 370 410 227 248 537 983 48 857 139 533 577 871 822 731 47 744 355 713 324 643 414 571 504 563 97 175 73 474 761 545 855 937 712 612 468 69 130 648 162 256 679 464 777 418 833 866 653 167 867 611 712 580 313 994 647 170 707 241 65 827 362 371 45 44 619 17 541 838 41 497 549 66 958 515 241 188 298 730 659 273 199 439 216 5 141 99 36 880 195 901 808 286 798 941 781 567 77 478 884 182 621 152 904 453 832 919 178 97 931 706 676 291 289 455 445 306 291 837 664 942 518 821 791 885 341 695 139 698 600 169 685 214 388 682 449 971 83 854 361 796 515
196 771 28 221 978 662 835 500 364 34 112 686 686 743 705 154 87 778 725 472 378 271 33 954 640 890 357 457 852 496 532 299 977 932 671 592 940 426 377 855 56 783 8 339 785 255 997 733 999 321 662 96 922 523 415 833 912 438 19 886 610 855 945 111 784 458 1 697 273 830 88 990 974 782 690 483 456 652 259 734 829 390 415 150 496 789 537 976 323 917 268 139 999 641 320 227 886 141 549 377 709 514 654 241 559 668 43 534 147 952 382 593 48 486 723 247 674 122 738 587 319 675 654 272 272 774 885 688 956 845 65 170 386 562 851 294 828 355 353 235 179 212 130 59 702 646 68 428 989 500 275 335 901 481 808 804 746 250 194 804 576 899 277 290 374 18 47 891 338 689 214 152 993 526 45 651 221 887 26 615 340 257 120 208 250 968 522 408 512 84 820 970 50 606 93 553 698 633 501 227
602 898 556 406 59 815 639 903 426 205 869 414 209 533 392 432 911 999 883 781 537 943 39 534 940 480 253 619 417 979 768 836 307 662 773 615 103 839 559 135 679 855 819 788 248 956 146 514 120 377 248 623 99 884 647 231 78 638 85 275 267 786 82 254 813 203 384 376 921 440 691 553 726 61 962 164 808 643 210 661 487 524 758 307 400 131 111 863 773 425 401 904 894 630 121 807 652 222 385 435 970 31 441 884 856 409 718 523 761 601 518 14 195 30 97 758 617 653 36 193 130 621 63 509 668 972 614 181 669 752 22 590 242 844 201 263 101 134 639 471 566 9 228 956 778 779 123 345 146 781 822 247 744 47 762 312 227 796 452 463 653 284 258 703 71 229 531 496 472 913 802 134 103 549 388 176 362 171 223 115 913 885 376 880 435 460 545 880 481 145 987 573 369 737 891 314 521 357 675 480
981 609 779 133 579 976 273 919 270 541 426 193 506 695 422 510 385 271 117 880 810 250 940 400 14 35 755 527 656 802 487 422 180 882 107 423 737 979 951 46 297 630 730 489 272 594 233 628 298 816 352 369 929 495 864 4 463 975 266 910 381 762 296 183 357 355 164 923 295 436 692 378 483 241 439 480 145 511 471 123 506 938 914 74 235 91 123 307 998 176 852 44 416 475 376 384 758 661 981 652 465 949 103 668 129 95 436 952 982 8 240 543 849 368 951 53 541 604 912 180 581 657 364 684 215 237 126 229 334 124 641 626 721 484 699 410 496 588 609 649 199 532 813 487 168 516 948 867 405 887 672 245 198 966 912 889 368 471 663 750 868 12 785 709 244 525 914 502 77 505 566 478 394 179 559 445 326 445 572 925 434 116 767 62 355 309 184 177 991 211 749 870 19 116 535 305 302 395 189 160
43 465 120 434 865 751 486 492 331 723 724 193 391 478 70 725 278 702 576 48 103 498 829 246 33 770 789 34 548 620 965 797 717 672 797 638 60 378 596 877 310 898 587 995 222 284 755 616 699 140 833 804 393 709 151 901 266 606 597 242 889 739 42 81 621 726 420 651 368 776 390 171 286 206 503 600 161 891 698 789 354 587 899 18 139 225 944 153 625 57 520 260 292 910 180 91 287 72 328 550 394 279 287 773 208 431 405 664 129 22 147 651 120 609 240 9 468 822 162 997 587 915 351 496 252 416 304 125 701 396 735 168 401 998 112 230 778 54 537 830 854 27 599 33 207 660 342 51 632 124 146 279 589 728 233 561 468 76 976 12 571 306 138 810 633 737 422 618 541 655 263 618 777 858 632 794 54 754 816 127 797 11 158 906 554 388 192 219 116 555 728 894 214 396 665 383 411 485 273 491
717 541 283 953 684 251 938 838 415 606 938 374 236 408 770 604 258 983 382 117 527 956 95 338 474 354 595 178 463 562 372 280 578 436 573 876 51 373 77 529 516 610 18 946 922 682 246 794 659 282 440 612 253 844 385 925 186 156 478 452 676 868 681 780 1000 422 284 177 169 77 624 925 651 689 419 900 970 557 110 831 679 22 909 142 805 953 401 10 362 366 929 646 525 668 447 774 139 68 442 888 684 233 189 925 91 541 426 661 505 461 605 841 20 468 854 593 869 711 785 569 741 886 502 909 697 127 863 918 774 982 44 533 575 950 357 648 330 337 553 722 437 766 720 298 884 520 763 861 245 801 125 580 232 923 681 171 761 900 971 743 661 32 464 728 756 294 440 785 320 952 318 552 745 711 961 305 919 664 1000 739 380 475 604 790 57 237 284 680 31 543 280 583 392 197 64 171 947 583 827 15
246 626 796 694 59 752 366 216 984 960 48 179 170 457 774 623 476 219 587 167 963 910 846 677 725 82 206 183 908 469 190 295 549 960 852 539 258 380 957 417 446 927 118 488 214 325 343 124 635 203 651 267 916 387 164 85 201 401 658 282 313 206 208 347 43 861 52 160 268 733 795 43 65 899 669 767 198 613 226 447 861 448 165 920 408 34 566 450 539 148 994 11 806 544 977 381 599 962 236 623 874 371 327 615 482 989 617 713 509 847 623 567 372 480 587 603 799 349 389 644 529 588 762 34 255 942 664 883 204 915 351 196 763 549 72 841 44 790 705 535 644 952 604 904 547 361 632 673 662 550 814 111 323 61 236 130 970 931 211 789 201 428 428 75 501 951 629 919 830 656 951 553 313 523 643 756 287 659 237 11 260 266 150 460 820 255 226 340 269 632 17 782 878 200 443 480 729 187 86 364
887 490 514 789 696 256 123 791 671 174 226 37 887 164 536 686 582 908 635 404 279 24 308 167 502 42 39 243 863 771 803 780 625 157 618 383 56 599 959 260 968 411 347 86 788 632 95 604 839 630 706 464 988 893 128 508 201 695 239 892 515 337 816 258 335 726 221 17 359 409 794 177 967 448 266 4 243 858 928 242 476 428 532 738 708 447 204 303 943 231 781 950 238 24 702 104 417 909 592 215 366 937 145 639 394 118 790 351 281 72 821 385 337 218 660 2 758 36 171 584 850 687 321 79 137 719 1000 619 35 772 395 13 871 9 219 502 510 227 581 404 152 223 380 159 74 978 982 828 502 814 924 143 252 198 611 210 701 765 259 500 976 998 855 867 665 435 341 895 590 196 948 658 603 884 898 838 154 23 540 927 519 590 309 624 525 732 963 148 211 26 796 75 421 267 697 46 142 174 509 396
754 454 729 706 602 448 694 591 336 576 265 190 274 244 799 57 150 591 280 760 700 135 672 183 155 653 231 851 891 816 150 117 8 848 449 693 791 983 723 210 725 788 317 329 66 455 951 593 214 680 401 947 285 347 857 653 293 67 537 131 183 984 268 15 374 882 205 738 122 563 224 45 533 986 496 343 861 461 511 404 214 112 258 278 432 407 685 468 383 270 283 228 701 255 864 485 292 278 311 99 19 827 441 256 624 637 922 41 721 130 35 312 504 74 202 225 926 213 108 822 36 459 793 757 645 838 287 335 548 400 192 170 947 486 43 161 408 509 227 542 710 230 93 201 975 836 67 638 654 726 490 619 621 774 435 753 116 894 112 571 504 795 518 49 328 382 860 281 663 126 109 641 330 104 649 828 693 63 347 23 842 713 575 872 15 1 198 686 442 165 303 196 118 504 404 963 115 814 765 435
734 266 566 107 609 665 897 484 727 740 397 804 487 3 988 827 533 448 342 115 519 197 849 356 588 776 525 707 441 748 643 238 96 897 480 692 474 56 887 382 272 266 20 109 371 402 14 465 924 663 415 116 411 364 439 53 982 498 569 768 541 519 516 826 618 942 714 287 582 434 700 260 414 510 499 162 782 323 36 454 356 937 573 387 544 846 354 52 122 779 973 856 852 137 730 718 602 880 437 351 699 569 72 414 758 103 981 910 507 602 338 745 444 193 252 414 412 859 134 810 853 522 801 837 198 736 184 847 918 514 143 978 183 956 402 938 3 113 750 236 932 572 350 442 543 262 64 373 626 866 747 496 171 839 534 624 640 441 218 44 61 249 340 407 87 324 976 800 982 768 869 299 334 772 699 897 876 712 888 647 603 495 282 794 143 753 241 56 380 733 799 183 788 127 99 652 662 987 998 895
91 452 16 815 521 449 406 198 998 666 637 6 786 664 122 753 623 399 709 456 982 964 400 260 576 633 1000 676 645 876 536 231 859 990 173 422 46 331 519 672 436 112 181 766 527 855 610 452 533 376 502 607 445 158 873 476 103 300 711 931 146 958 726 423 467 349 851 11 822 596 599 973 245 973 57 6 917 542 547 800 792 351 826 127 781 101 477 8 994 698 35 394 630 977 193 259 206 735 663 953 130 222 358 333 611 788 306 934 41 885 273 754 502 434 294 311 257 668 607 107 119 771 175 462 406 939 734 441 82 658 376 221 752 385 806 390 649 506 661 351 525 241 636 680 112 547 827 145 510 189 448 681 364 550 932 459 484 651 785 456 728 419 198 69 482 668 235 594 779 694 141 76 394 166 745 961 328 973 804 423 578 98 112 822 61 775 625 309 968 574 25 229 358 60 395 225 192 755 951 440
429 191 128 317 578 537 45 190 991 43 517 722 522 813 742 190 482 135 546 698 892 124 159 642 750 528 708 654 554 603 773 264 771 313 211 532 850 353 847 634 583 872 217 218 200 440 275 518 784 878 569 907 413 508 756 97 568 698 234 473 179 884 937 26 472 841 694 25 607 134 811 972 182 373 370 736 964 300 637 270 107 284 734 197 486 386 8 416 172 23 376 124 893 320 498 263 706 142 744 16 131 277 984 290 285 868 82 51 39 391 362 810 805 51 134 660 642 204 981 3 228 865 222 178 408 629 912 2 811 241 751 343 761 538 627 287 597 13 70 166 665 330 454 475 389 829 816 505 277 711 33 149 251 372 916 201 264 283 620 325 983 369 103 940 88 679 778 431 684 874 499 568 978 781 975 951 680 46 987 542 875 27 11 437 153 138 881 950 90 957 742 563 525 398 792 817 624 502 984 165
545 320 346 199 226 766 48 340 297 751 633 717 37 638 723 483 77 643 50 30 481 617 601 258 399 584 163 733 485 312 128 235 600 956 76 118 205 31 680 597 777 759 245 595 264 632 171 881 166 88 728 176 976 993 915 271 188 698 507 471 807 769 985 567 896 790 657 251 36 478 87 378 722 907 65 93 720 569 955 898 88 65 145 763 795 323 731 320 562 699 491 241 344 437 968 251 191 356 126 166 48 332 989 362 77 74 348 933 213 460 141 572 292 264 412 949 151 707 155 407 335 575 729 615 905 875 920 312 673 415 863 888 936 505 33 935 547 332 624 324 434 388 846 661 876 540 57 318 653 910 733 87 520 885 997 509 511 528 26 355 757 279 115 910 651 814 609 114 532 662 942 489 952 792 540 560 481 198 907 54 190 13 493 656 61 730 749 873 138 207 347 946 554 144 337 64 141 471 140 443
160 330 828 58 246 924 462 900 602 168 672 234 661 882 959 497 899 373 431 648 56 275 534 544 628 4 177 801 387 684 298 356 353 415 136 174 350 958 862 809 711 360 847 467 111 676 93 55 681 440 65 395 681 234 637 640 251 245 398 538 54 476 341 954 109 605 810 291 457 315 709 55 259 625 405 894 562 695 701 140 711 341 996 457 513 910 12 307 542 536 637 709 240 71 731 478 901 612 179 155 300 80 766 884 936 137 614 775 57 608 468 614 206 96 839 876 935 544 650 819 789 446 453 86 794 344 441 505 716 391 797 401 145 293 740 93 931 238 78 747 812 454 147 644 855 698 293 488 23 208 64 419 45 376 926 58 943 895 759 441 954 396 381 465 848 345 52 675 111 171 60 71 360 645 42 465 730 658 723 170 828 995 948 876 104 254 971 276 859 915 973 547 993 779 704 989 823 613 196 930
659 206 536 708 468 864 387 862 91 985 978 402 204 619 749 155 834 862 120 171 87 966 554 608 102 441 221 818 816 750 693 623 455 79 207 779 834 572 742 870 459 904 392 32 654 100 241 365 35 483 175 56 916 662 300 237 244 388 94 902 293 636 500 156 425 858 661 456 727 756 704 534 132 693 846 616 944 568 918 806 260 640 804 750 144 49 216 9 806 1000 522 646 27 683 662 627 34 432 986 961 79 592 128 158 139 48 875 741 343 748 768 706 918 323 678 810 389 854 195 200 590 888 101 902 385 183 293 26 476 696 938 316 459 12 718 855 666 944 403 452 932 124 823 572 981 556 878 265 488 153 638 371 854 942 681 270 519 547 329 549 575 276 189 999 660 970 744 666 569 539 967 350 995 67 401 805 216 952 274 784 800 45 238 725 412 321 235 984 539 886 544 776 856 953 316 266 430 924 479 165
749 131 566 274 213 545 205 561 569 816 476 382 631 549 574 349 434 925 939 396 955 493 37 17 94 444 909 803 788 311 445 987 128 124 531 223 19 30 591 153 851 403 517 206 862 740 261 399 848 163 754 132 154 474 626 762 802 287 356 951 593 13 65 829 994 69 26 48 824 19 685 782 85 473 450 253 764 754 925 578 786 948 400 921 922 176 457 270 153 34 871 313 829 460 22 578 628 184 190 990 326 541 19 915 914 333 787 67 136 331 721 20 932 394 558 543 354 504 552 374 282 318 723 890 423 708 93 628 3 398 971 227 587 897 958 89 485 639 114 372 911 519 92 451 653 494 908 105 956 539 778 532 539 675 779 899 72 924 249 878 829 676 685 418 784 207 686 363 637 779 760 447 82 388 294 552 477 265 125 908 266 235 118 730 542 100 543 128 781 857 416 68 763 740 125 561 995 315 393 232
457 327 393 752 250 346 973 967 380 137 383 265 801 125 242 428 39 183 205 628 963 126 443 996 628 297 212 356 541 850 158 432 926 705 246 781 194 422 369 820 178 753 288 526 491 258 310 212 926 767 190 45 577 699 83 889 486 360 204 315 394 114 576 903 948 694 286 304 915 202 546 89 588 989 507 471 768 165 452 779 756 254 947 380 426 113 281 813 659 902 839 369 850 24 18 405 859 790 36 884 391 504 540 535 331 144 947 232 761 911 522 656 543 168 314 314 92 271 836 876 236 856 740 182 675 536 714 583 359 764 689 717 367 749 165 456 513 797 424 500 369 45 860 597 637 216 559 264 538 918 621 32 938 732 33 551 158 337 102 127 657 393 681 867 965 433 589 152 694 911 45 868 264 768 339 795 647 837 621 206 252 994 343 662 408 338 157 31 281 927 903 724 891 459 394 754 875 294 307 653
668 16 864 967 762 845 718 220 523 951 668 612 119 755 314 823 970 508 406 358 744 174 162 110 241 567 989 935 253 289 638 679 816 577 662 995 314 890 876 181 512 899 560 438 59 412 719 402 866 179 72 473 635 997 527 890 7 97 588 928 881 574 89 840 279 839 978 513 841 528 397 258 239 642 45 407 760 847 920 49 940 622 424 899 777 299 471 654 410 29 152 916 598 119 284 850 33 504 459 907 358 576 841 871 709 368 498 198 774 202 732 389 503 931 102 603 289 720 167 255 395 343 148 776 341 630 474 4 288 130 455 133 706 159 859 132 398 104 366 83 212 304 662 51 548 376 537 773 106 75 818 749 487 137 62 196 392 976 179 41 356 685 664 267 912 691 106 60 928 729 398 406 860 269 556 996 442 404 37 154 854 563 389 937 142 509 885 73 259 144 468 618 998 520 835 842 863 380 980 882
985 702 380 86 645 162 978 817 476 774 178 960 540 446 502 904 694 670 129 652 624 813 32 103 176 225 260 617 36 521 702 546 560 257 399 588 157 470 292 163 616 43 78 578 736 846 137 186 450 901 592 388 301 463 982 843 856 241 851 221 183 623 109 768 920 689 408 827 486 710 688 881 106 915 281 230 547 719 47 486 642 872 916 101 964 671 593 532 832 960 873 221 875 72 479 791 455 232 748 491 37 932 445 31 361 256 98 679 845 361 801 744 156 396 986 867 589 968 754 159 808 623 800 724 252 551 94 543 421 877 979 220 309 47 96 609 905 60 58 481 92 594 106 990 748 44 252 792 840 653 234 634 616 286 872 529 372 708 563 164 650 97 352 406 318 529 852 932 39 915 194 292 797 17 112 353 336 376 973 999 21 219 496 275 269 626 124 830 642 651 772 66 561 216 578 327 648 984 286 819
551 754 619 58 672 486 612 660 215 980 206 628 835 953 965 751 157 577 76 284 318 87 45 611 480 639 432 216 398 26 25 398 888 164 360 190 483 601 971 40 578 557 904 255 430 365 928 838 574 617 400 196 257 185 833 234 384 193 441 935 853 128 510 808 822 73 164 731 363 678 794 608 768 960 22 379 302 515 707 662 656 745 467 233 660 40 587 402 388 66 89 656 419 194 930 137 632 671 500 842 455 212 717 854 316 617 387 444 264 692 771 940 272 213 739 619 794 461 719 697 38 776 711 475 123 945 71 433 142 596 344 809 147 208 229 386 722 836 635 119 552 3 644 902 921 858 807 213 694 999 997 127 99 151 25 896 780 356 972 389 86 864 929 806 60 115 984 860 738 360 726 650 925 196 714 945 42 572 821 565 255 320 948 85 948 84 393 130 216 617 734 730 548 230 365 313 559 275 557 820
703 790 442 828 182 170 735 256 833 537 658 586 426 698 606 352 807 944 269 830 963 87 771 986 259 58 485 869 968 645 75 397 642 984 911 527 205 991 468 478 119 14 361 680 605 307 43 699 895 694 159 566 980 82 527 684 390 472 344 19 246 462 962 392 801 383 7 35 946 245 862 454 259 501 407 717 274 102 872 547 261 587 406 870 39 238 815 186 266 661 426 235 894 272 933 140 546 978 344 141 136 748 720 348 186 982 581 592 412 292 564 705 91 521 914 148 553 132 341 346 811 82 354 904 496 931 115 425 178 18 220 895 978 638 850 579 472 327 174 646 590 776 156 415 566 734 266 389 898 25 192 705 423 427 24 266 827 38 385 564 463 371 420 13 401 980 52 80 425 405 959 833 361 118 975 444 80 47 440 576 456 854 762 28 870 423 954 881 572 753 574 864 462 734 151 326 477 860 518 964
129 574 268 854 671 805 774 893 570 285 738 816 903 849 630 473 419 179 356 956 551 281 539 241 64 4 127 548 424 977 138 872 462 278 338 416 394 892 152 218 649 470 231 291 632 237 50 836 911 970 244 683 384 912 32 160 179 184 304 574 927 383 411 768 715 561 904 880 426 606 833 442 959 265 63 226 604 121 734 246 910 140 889 704 922 45 856 512 522 453 918 379 172 930 581 50 195 369 724 126 867 497 35 89 147 562 773 717 404 738 681 58 754 309 683 4 889 935 114 234 441 219 95 129 401 804 696 972 781 182 256 731 915 77 676 448 672 452 766 274 266 308 586 695 890 290 340 886 723 184 340 173 284 601 100 414 589 550 48 418 419 859 954 622 539 224 318 623 813 529 485 617 250 7 574 464 461 375 130 698 577 322 950 254 24 882 905 890 67 346 842 93 891 969 206 951 533 356 87 622
296 826 89 980 163 247 992 719 617 917 735 894 458 339 959 669 257 135 412 945 374 403 240 793 490 969 364 321 423 213 367 515 986 408 405 623 784 659 701 591 174 18 966 267 239 830 600 300 28 228 164 630 624 517 163 572 427 385 448 533 163 273 518 206 636 558 298 809 118 618 933 494 819 135 862 53 266 22 624 381 844 654 446 608 985 438 728 404 617 610 423 677 665 772 285 757 587 75 61 779 429 418 117 356 835 624 250 335 129 65 650 331 551 93 369 511 326 37 599 199 741 646 522 37 526 165 923 811 453 259 552 438 336 364 500 655 974 288 626 179 959 244 201 318 882 17 700 167 625 467 878 647 242 921 933 168 130 586 303 696 516 366 413 19 467 284 233 875 934 129 279 402 30 193 566 930 768 714 770 343 486 560 753 881 425 129 339 184 690 650 739 652 695 145 453 346 310 247 958 652
936 184 271 423 205 397 416 716 121 966 51 346 558 469 852 723 810 539 752 653 744 424 146 537 324 332 848 917 247 439 845 854 731 742 36 509 956 523 510 176 356 93 683 146 624 11 194 686 798 338 872 201 851 686 993 104 131 822 807 251 890 861 844 850 328 738 364 616 204 512 65 948 256 393 965 88 623 800 815 249 55 550 492 463 459 428 991 822 870 595 903 56 911 395 147 71 986 489 92 50 910 424 147 834 35 440 636 40 286 281 726 389 879 496 623 920 149 795 351 221 867 368 290 700 355 945 764 86 664 320 718 155 760 744 268 766 856 189 518 607 420 142 450 591 100 236 322 544 183 785 701 96 73 178 754 886 265 143 622 571 385 629 447 358 671 591 585 634 894 777 857 416 164 465 838 961 466 542 407 463 293 840 859 624 697 363 401 382 855 155 534 691 780 940 996 539 92 208 149 611
783 609 66 163 962 602 655 453 422 560 992 482 288 320 651 845 177 927 633 550 947 790 431 481 453 41 407 707 678 632 912 926 576 738 123 553 417 685 693 987 677 898 346 761 192 426 885 410 443 374 64 925 253 49 259 39 721 485 916 81 205 81 64 133 882 367 307 953 813 560 554 46 722 729 235 837 640 33 264 163 942 8 275 147 943 782 177 887 117 38 836 170 749 859 68 965 317 910 928 830 104 41 407 646 402 302 475 756 346 936 803 562 92 221 377 335 289 41 606 338 796 426 164 26 270 364 283 89 507 347 470 180 646 530 851 666 981 654 984 601 477 819 10 548 48 173 824 40 644 944 652 346 480 599 63 34 655 992 950 847 56 460 409 805 727 129 385 802 970 905 872 340 457 323 837 300 622 1000 869 980 264 569 12 823 251 399 40 395 516 807 206 794 299 461 981 414 610 179 300 620
538 633 945 830 210 945 290 314 39 908 438 632 641 616 498 541 608 552 895 336 565 233 628 881 20 653 699 334 699 542 9 64 644 593 220 361 821 814 507 444 30 364 215 502 638 382 839 683 979 324 796 838 303 365 94 25 316 493 265 866 944 292 132 860 223 706 453 371 897 407 795 188 60 948 92 258 829 239 307 162 172 575 992 52 295 492 941 4 452 823 735 481 758 122 841 26 347 750 937 127 473 234 738 168 367 35 152 839 194 666 704 605 942 375 247 359 951 665 663 138 731 837 537 970 283 105 944 578 569 901 966 111 450 607 590 755 452 89 95 233 602 318 286 101 858 557 47 796 239 414 283 191 514 634 760 361 993 112 430 321 239 801 262 916 238 645 26 548 208 66 405 968 162 239 154 667 271 701 810 906 888 752 403 79 71 151 346 763 779 124 658 906 486 122 848 903 560 801 490 845
200 160 68 435 51 400 79 610 214 420 693 634 94 556 759 746 261 589 807 537 829 215 327 997 805 153 855 679 222 615 428 551 980 67 377 298 633 272 133 280 26 459 946 82 437 520 757 555 494 230 112 563 966 33 854 948 16 562 947 112 225 206 400 658 722 147 641 469 747 43 736 751 123 416 560 836 378 628 525 593 468 907 240 858 988 906 2 541 740 296 870 164 171 69 785 952 79 712 453 454 389 525 310 77 185 304 209 402 130 577 414 71 734 318 450 645 768 335 527 681 756 51 691 722 317 621 419 711 364 520 47 107 740 355 747 366 786 49 750 278 637 294 293 88 361 560 34 726 291 214 160 555 34 440 213 819 181 265 58 829 57 109 935 399 101 93 784 642 933 744 26 348 791 364 510 623 239 217 83 304 149 43 614 137 395 854 730 544 605 704 510 611 701 413 929 132 19 629 640 13
259 874 211 253 478 809 515 689 469 439 595 768 314 850 55 87 538 278 517 761 850 764 539 120 321 805 901 98 62 601 686 388 366 656 687 770 273 69 826 469 71 518 727 135 40 154 585 631 659 557 960 359 303 736 95 911 792 716 353 533 937 864 739 765 943 611 953 929 632 755 105 270 16 85 608 322 730 557 272 682 613 11 242 733 580 580 809 327 799 214 896 748 401 250 588 428 535 816 930 665 811 426 450 326 243 192 987 388 568 943 69 888 747 865 835 503 880 96 631 587 574 550 186 741 442 364 881 16 32 526 727 34 113 290 36 807 889 174 59 790 151 482 817 473 151 504 398 994 581 190 549 217 254 895 955 556 791 19 895 470 833 259 313 479 939 920 117 578 540 48 956 727 714 700 537 464 156 754 247 584 190 327 629 887 894 853 253 452 624 62 584 116 210 85 867 237 364 455 894 55
117 801 811 576 809 581 905 711 558 622 93 338 502 800 263 703 319 770 904 80 766 83 52 376 277 518 814 642 751 531 237 500 987 459 317 864 101 121 481 141 286 514 132 457 733 268 748 185 386 930 96 442 154 687 579 946 342 968 407 848 901 162 390 60 207 695 225 262 735 45 613 920 650 916 634 852 254 578 944 208 782 801 194 354 21 246 156 46 651 799 96 105 282 279 839 288 750 829 935 565 512 377 186 881 575 214 282 777 773 301 722 954 728 511 552 240 240 179 196 812 721 623 967 57 638 345 521 894 295 627 821 666 462 386 988 665 475 466 884 591 648 721 595 168 554 795 18 417 140 66 991 559 218 997 686 472 254 347 328 507 112 199 610 546 654 219 64 895 47 482 915 862 614 298 82 239 244 321 434 994 332 571 724 501 647 353 345 585 242 237 505 82 769 114 119 38 797 279 244 520
46 500 133 168 172 138 798 293 725 439 541 138 788 589 462 640 615 68 483 274 836 264 672 307 713 217 373 566 817 759 68 273 673 513 536 641 526 791 685 30 247 577 300 663 982 396 944 255 470 860 781 435 850 158 503 262 627 490 741 386 354 709 274 477 158 204 919 119 224 690 213 916 275 480 514 182 58 448 539 895 921 67 874 136 440 465 387 820 852 956 96 966 318 700 172 542 726 344 907 797 344 589 140 288 362 53 745 103 991 582 972 82 224 349 917 62 157 471 148 842 971 636 696 590 235 76 463 757 923 178 789 812 738 329 176 252 522 93 516 162 688 798 976 871 649 197 453 314 590 2 363 686 849 413 527 557 960 827 429 681 497 458 64 593 68 304 642 738 646 166 335 224 191 434 425 138 507 553 218 401 26 730 9 3 197 494 263 844 888 193 930 359 30 59 80 457 245 916 203 245
417 169 268 291 412 763 305 442 159 798 982 513 635 510 793 442 46 403 216 868 203 367 332 116 738 57 947 54 140 662 319 761 522 196 621 327 656 329 877 753 353 780 813 632 231 524 111 50 84 925 746 2 50 38 896 801 649 140 779 309 360 828 763 446 810 60 387 11 765 901 246 785 129 166 429 143 720 574 44 326 815 965 183 569 962 423 366 227 863 389 561 915 914 344 25 202 874 774 235 43 595 562 147 686 578 682 656 410 217 663 759 219 960 68 895 188 898 990 909 232 319 216 862 862 530 621 242 242 267 880 752 80 93 886 321 696 832 620 494 40 673 592 912 639 965 169 717 220 487 713 550 382 953 283 830 227 787 575 327 708 578 475 526 985 65 450 465 641 886 258 740 101 60 108 768 368 889 70 893 381 256 135 238 719 269 855 442 88 405 848 48 267 221 239 322 283 922 89 478 904
465 752 606 344 160 667 537 516 32 377 771 928 307 925 615 374 949 452 324 616 408 142 201 74 391 323 644 167 444 626 196 816 649 699 426 234 391 781 976 827 462 161 788 595 63 127 367 568 733 213 440 806 357 782 89 701 981 628 249 355 669 658 301 95 1000 796 715 886 790 359 472 507 172 184 616 831 70 768 382 416 361 357 370 147 836 475 645 874 727 207 350 303 48 278 311 932 589 388 981 944 271 664 1000 8 611 407 336 694 714 923 951 914 443 556 970 992 384 820 534 25 666 239 799 818 954 507 182 982 980 47 421 783 537 790 277 590 437 35 468 987 567 324 968 562 455 682 327 663 950 396 160 266 434 933 276 500 521 983 101 759 772 391 531 295 356 356 800 195 887 111 163 876 831 462 986 570 837 11 545 724 741 179 483 779 727 91 714 450 365 542 840 891 716 346 338 830 27 812 112 554
996 315 897 263 637 55 600 609 135 197 604 803 592 393 821 568 733 679 515 60 168 250 413 78 933 86 993 808 979 8 335 789 694 32 807 770 938 183 766 129 691 668 694 693 502 16 809 285 424 726 5 549 963 406 706 938 171 605 827 526 402 434 391 342 378 865 347 917 455 719 321 385 521 722 6 632 269 432 103 415 650 923 875 550 885 795 182 190 54 130 847 413 917 672 557 173 222 761 402 305 667 686 887 939 836 460 68 281 750 671 755 47 644 485 556 706 266 380 517 172 659 589 400 860 608 97 56 868 278 381 162 227 691 895 107 429 892 167 855 723 960 80 388 87 238 730 496 29 846 153 689 600 976 92 579 705 117 914 731 15 695 96 956 842 671 718 585 639 672 943 509 917 488 690 95 774 153 766 924 750 889 12 494 443 741 357 955 876 627 200 23 896 547 71 807 589 138 127 207 763
243 692 309 774 76 220 194 831 773 770 760 352 194 783 908 422 939 271 802 160 994 421 342 806 922 403 114 939 349 288 754 133 578 992 399 311 892 471 758 235 628 214 229 396 925 313 516 827 852 6 264 527 76 628 458 357 499 210 108 509 576 254 430 140 933 13 315 593 731 439 308 985 487 812 401 68 579 265 724 581 789 599 43 295 675 204 55 943 318 769 129 502 276 643 374 841 393 12 441 285 930 718 226 362 447 557 223 863 247 403 238 656 83 369 844 11 484 869 494 623 886 428 135 562 349 728 874 770 163 920 879 815 54 536 515 212 105 921 416 382 101 24 326 908 625 983 990 287 700 311 264 347 631 938 107 198 347 433 922 754 637 324 337 139 504 874 668 732 794 311 819 600 953 720 86 980 337 572 313 902 956 258 862 91 846 508 903 145 662 566 949 453 162 461 54 664 388 551 269 956
776 525 375 299 904 624 887 543 722 118 134 193 202 975 569 349 361 220 84 228 803 566 593 816 337 487 518 113 750 487 464 997 70 990 330 861 675 667 484 4 780 923 838 970 895 290 445 837 484 351 457 30 511 540 831 217 805 815 966 849 808 491 641 203 564 647 489 420 315 472 200 744 82 416 232 586 509 931 316 948 941 479 889 694 188 139 579 168 14 245 109 154 162 265 615 594 197 604 178 541 167 606 720 68 547 931 936 591 69 168 952 717 292 60 540 900 300 178 349 231 503 822 824 45 217 157 336 720 206 110 441 693 163 239 971 943 243 977 391 857 566 625 978 988 722 873 785 167 464 395 333 541 988 963 240 945 728 762 860 776 721 439 793 47 71 684 726 289 515 145 491 233 801 534 549 519 676 40 978 709 305 506 457 219 74 456 583 363 410 595 208 467 780 509 890 299 907 989 855 859
273 997 588 912 586 578 503 740 826 44 639 496 405 649 755 735 459 723 919 488 490 146 89 568 363 84 613 108 644 528 856 106 947 728 984 984 669 161 309 770 157 966 816 257 306 740 249 29 101 515 353 377 83 834 506 683 20 982 1000 444 924 220 123 740 586 610 467 719 8 220 905 629 195 207 675 871 450 741 597 329 981 807 488 812 154 158 603 940 268 950 750 202 700 736 526 485 587 129 948 480 976 446 56 734 647 203 921 768 480 372 615 805 510 944 527 243 706 917 131 686 904 392 649 138 648 96 286 477 612 2 610 328 765 876 852 650 956 62 56 507 756 51 304 182 283 131 263 148 28 964 247 199 454 857 144 585 777 743 631 845 31 93 811 831 805 957 95 715 606 841 143 165 980 262 481 430 878 867 288 450 577 941 225 3 872 307 665 827 531 14 436 749 788 120 87 804 875 631 488 762
99 762 901 563 935 168 348 99 544 254 180 366 906 211 750 8 748 556 815 321 864 411 868 179 591 729 654 385 139 709 425 216 208 841 60 844 324 375 122 686 733 113 861 263 512 878 470 100 430 425 67 333 792 311 589 748 389 645 952 51 925 162 924 171 741 566 268 695 782 978 176 906 372 919 319 740 906 406 128 719 828 83 736 464 721 258 403 523 517 62 640 326 321 554 517 480 346 509 376 205 760 809 759 950 144 642 792 29 925 430 330 158 245 84 705 186 686 843 301 179 680 222 333 455 769 704 513 268 440 544 577 692 399 921 967 418 866 123 988 142 803 479 419 684 2 384 509 847 781 929 836 586 903 427 62 334 343 557 71 774 792 181 862 631 266 964 584 268 440 648 516 534 778 335 672 555 721 430 913 1 455 362 923 967 412 923 176 397 475 900 904 667 554 161 127 766 810 505 430 502
41 554 190 289 91 483 382 897 372 491 76 166 719 779 184 787 809 593 713 255 501 64 570 538 944 51 627 846 75 495 317 284 551 615 925 43 424 439 857 683 13 577 443 781 162 621 193 568 527 752 919 382 429 683 387 593 852 174 891 92 707 766 934 844 816 828 722 876 374 126 552 560 155 841 409 577 174 199 750 1 749 904 951 133 218 245 359 470 990 370 18 781 799 930 432 586 225 948 933 374 286 925 508 281 99 499 275 943 746 469 986 108 313 907 103 738 29 259 367 852 302 187 342 319 914 238 692 133 168 141 799 299 509 825 871 829 18 355 37 985 760 156 449 1 992 168 377 347 768 785 948 693 572 971 269 177 791 866 278 628 854 710 18 421 177 752 831 805 276 556 156 72 982 779 52 97 538 314 348 998 22 124 172 929 489 6 346 429 179 533 412 90 326 566 199 267 266 300 398 873
888 306 77 292 28 239 38 119 341 951 680 462 806 29 783 270 29 617 823 61 595 938 160 17 218 563 393 499 5 95 353 123 274 357 817 640 137 425 997 935 909 175 740 238 862 911 593 379 785 633 530 26 200 593 41 71 756 242 861 193 675 326 960 316 379 573 7 619 238 982 908 983 643 920 681 280 640 110 765 374 320 11 932 106 995 93 821 822 991 122 67 518 238 1000 374 97 790 779 37 327 581 887 935 915 120 854 62 815 956 240 814 257 420 551 32 189 908 694 745 602 435 372 813 629 156 605 625 38 1000 192 487 305 97 264 319 557 625 201 683 14 578 264 603 731 290 326 626 782 261 943 550 971 900 139 767 970 972 571 698 905 118 935 54 697 290 784 545 10 803 345 459 65 110 238 431 211 548 475 181 630 205 897 775 536 195 832 219 186 412 473 426 624 829 774 802 575 859 533 892 161
357 865 781 934 160 952 306 164 238 135 933 611 854 191 394 417 323 353 652 143 174 427 424 887 66 660 155 902 613 637 739 906 521 155 800 982 675 356 832 108 901 933 208 58 425 105 683 243 413 663 769 911 879 649 71 31 948 876 715 574 669 864 471 910 509 261 726 31 52 883 870 317 414 230 918 545 134 397 553 231 101 522 125 416 143 336 905 105 434 907 727 717 268 103 236 966 641 524 349 446 924 664 674 546 5 580 916 70 579 789 298 456 853 793 286 5 737 801 927 870 747 270 828 74 781 901 41 123 734 398 567 337 356 858 908 49 788 90 771 871 584 934 528 398 920 353 190 964 659 414 396 477 837 178 245 958 614 90 730 551 510 298 302 4 395 414 583 659 164 912 690 959 889 120 9 167 502 781 928 563 87 351 44 497 492 905 692 489 809 644 810 689 816 45 188 852 997 844 133 832
23 774 558 833 482 587 471 526 106 396 806 291 791 582 722 295 724 150 528 919 25 186 228 282 355 780 346 21 417 348 919 775 942 186 329 359 682 900 283 327 750 802 706 63 697 122 802 920 114 473 904 189 573 865 38 319 363 892 360 464 403 696 377 852 662 505 710 437 631 473 861 206 323 366 409 909 986 529 817 303 174 581 94 946 451 137 465 328 539 761 180 417 807 307 830 411 118 147 246 794 28 626 657 586 356 889 652 983 767 479 180 51 476 822 982 116 438 376 982 996 942 568 441 576 465 920 423 462 752 79 379 89 807 729 370 257 865 20 594 600 716 829 43 560 590 814 501 867 387 789 330 39 24 179 623 896 161 301 448 484 788 579 144 837 702 705 182 738 223 213 728 89 91 443 272 780 17 542 171 882 647 298 769 79 804 564 483 65 343 137 282 532 120 614 985 711 612 339 756 734
175 634 382 569 456 711 189 744 845 592 526 244 877 879 92 192 732 176 194 288 606 639 432 707 689 890 562 798 538 918 988 902 27 910 807 223 764 135 318 472 785 881 82 973 139 376 62 75 709 157 6 498 309 836 692 841 458 63 728 631 175 554 393 990 485 175 327 691 188 263 909 717 468 192 482 996 667 907 755 783 941 423 21 790 496 391 444 92 988 891 407 627 617 92 963 705 704 569 758 168 184 462 793 164 739 348 277 196 110 541 625 266 903 651 611 345 678 361 349 274 893 777 253 712 528 97 961 455 395 766 710 555 462 371 492 378 226 29 229 481 280 316 540 496 684 680 651 554 478 140 276 160 310 901 508 965 493 614 436 799 201 340 414 213 739 820 611 230 705 885 868 5 449 488 165 148 210 344 994 14 633 357 467 826 523 176 657 286 478 691 372 947 666 333 185 750 367 480 834 459
702 404 254 512 218 678 666 350 84 206 869 728 530 759 628 241 220 402 430 990 34 447 129 692 317 869 943 228 959 749 262 346 558 112 974 155 117 40 651 319 779 836 905 703 680 337 1000 551 618 708 298 925 616 858 56 83 19 483 639 44 94 539 591 244 776 352 713 370 422 621 356 656 875 178 589 685 684 101 319 885 670 770 535 791 213 612 860 562 801 44 627 173 773 326 641 569 577 753 959 233 261 610 131 655 764 10 171 744 87 673 622 910 822 941 166 278 645 697 386 22 171 674 167 179 521 463 644 632 298 966 953 407 270 143 23 593 754 430 239 361 835 481 852 403 527 323 55 410 920 469 82 710 955 715 295 221 800 360 301 872 939 734 779 123 398 666 891 127 582 544 597 715 718 307 740 426 40 246 51 874 295 4 539 14 550 636 944 291 993 238 433 688 402 998 296 71 304 386 455 294
373 94 963 735 375 748 791 784 669 138 743 895 21 388 82 364 751 838 137 957 562 523 113 474 922 180 532 80 158 424 772 328 604 401 267 251 340 558 832 81 483 222 515 340 745 268 123 934 219 197 776 883 772 819 307 724 91 691 8 53 266 398 334 693 781 472 392 17 925 236 678 275 993 452 151 423 496 293 693 355 412 860 702 221 513 327 289 267 516 870 778 477 772 486 401 693 118 874 135 962 669 686 403 954 554 629 138 420 818 390 834 184 700 979 68 763 421 814 828 452 573 5 626 581 720 282 503 48 138 748 187 501 470 10 263 635 238 63 833 632 601 203 850 552 328 647 851 236 53 978 493 462 984 950 460 44 769 353 852 370 343 160 609 656 180 932 193 754 220 951 207 625 113 303 138 869 373 576 734 338 289 849 382 113 193 892 109 285 167 190 483 873 880 575 885 995 502 200 769 401
654 532 29 458 981 90 155 654 153 909 784 633 438 417 632 311 368 6 823 624 84 996 92 889 371 418 187 399 697 871 198 843 788 820 583 175 414 780 677 289 767 840 775 871 408 360 405 95 256 638 670 998 546 739 464 322 631 79 996 467 438 687 844 485 37 539 770 926 432 364 312 572 803 140 627 757 540 438 928 199 187 704 739 354 15 610 780 958 433 244 282 248 953 414 502 575 327 100 86 701 264 192 638 574 463 804 993 556 749 978 398 121 766 35 892 165 948 126 587 416 729 163 371 97 10 840 480 810 683 122 972 559 400 829 558 950 872 275 992 65 104 675 208 371 754 858 241 195 702 429 842 771 372 177 282 750 703 437 859 527 700 118 825 540 434 412 276 985 316 481 927 915 227 561 980 789 719 656 834 374 419 129 733 290 396 134 669 726 876 425 192 477 287 524 218 141 631 443 742 664
360 604 448 368 11 453 798 909 978 519 539 688 1 565 199 908 137 727 927 709 775 245 53 575 926 362 92 267 74 120 235 42 709 382 506 608 824 852 84 84 667 955 125 192 469 190 225 289 979 532 612 28 120 517 230 245 566 525 187 535 95 128 914 39 53 517 558 180 987 55 841 339 629 480 401 749 570 204 123 606 643 621 823 415 552 388 794 444 193 735 393 535 723 424 488 646 988 808 343 917 885 162 616 154 523 347 302 650 739 43 745 738 838 58 709 556 788 489 796 730 692 385 651 543 493 337 770 29 476 64 664 911 472 679 523 158 671 140 411 943 306 33 306 174 733 489 84 298 203 794 805 275 771 650 382 144 452 203 764 944 914 651 82 542 537 371 892 448 401 885 561 430 468 595 429 531 924 878 611 358 716 298 606 421 638 88 224 93 862 427 818 334 400 585 588 950 420 381 760 918
12 569 12 717 676 324 822 670 423 76 408 418 999 756 63 853 710 386 862 737 686 192 783 990 741 8 273 569 662 658 887 708 82 49 650 205 6 154 262 33 403 94 635 323 403 273 173 952 217 262 946 132 598 39 181 646 122 619 253 854 37 770 655 660 83 735 725 336 78 224 601 985 248 952 981 470 663 365 757 397 464 491 813 403 133 201 472 646 477 993 8 52 878 379 701 845 508 327 510 541 213 834 64 58 582 725 436 857 965 692 248 961 820 510 795 476 490 747 312 542 694 218 479 486 444 315 695 191 89 134 976 397 237 191 971 752 236 959 458 74 576 185 575 200 693 505 514 479 580 766 404 1 62 805 104 92 972 736 270 357 326 519 755 963 512 786 50 871 475 486 407 645 487 442 536 683 510 570 209 958 438 411 642 194 729 905 656 637 535 697 886 91 863 984 535 309 356 109 532 909
811 461 775 91 443 276 879 470 77 12 405 799 61 301 764 851 684 386 555 590 656 260 416 329 708 111 438 727 585 48 541 856 71 250 847 383 159 339 11 712 258 745 847 122 687 713 239 138 574 365 761 867 2 202 821 573 706 417 712 901 682 90 269 337 10 51 104 434 375 55 33 973 837 762 498 423 107 797 807 294 562 338 934 553 628 235 370 870 418 708 972 336 901 691 962 208 964 163 392 503 889 37 418 533 460 862 964 753 957 67 635 125 921 299 494 204 673 754 588 781 726 681 208 884 208 415 969 377 140 93 259 488 176 352 581 559 633 959 919 472 655 474 920 383 943 210 479 253 665 748 983 692 938 203 470 533 578 279 347 626 732 829 830 954 324 306 768 414 48 237 214 56 257 841 710 846 826 803 171 48 16 9 221 301 385 146 60 250 653 305 64 888 354 464 670 138 832 282 457 309
561 437 75 713 433 925 444 657 318 248 78 918 72 535 667 842 281 559 854 62 910 71 174 792 240 751 861 723 578 674 995 682 218 473 449 166 492 564 288 720 343 887 214 397 80 47 128 221 967 555 785 309 44 791 697 519 551 15 375 804 660 349 534 661 24 795 393 414 221 133 57 781 813 323 526 843 496 3 16 538 850 674 853 373 555 788 247 707 285 640 455 282 554 937 779 429 420 906 925 725 675 543 527 131 72 70 264 253 996 438 226 215 248 778 962 665 120 789 303 692 321 29 450 134 808 698 221 23 202 397 498 433 19 445 804 200 143 611 867 884 341 590 493 868 31 47 887 683 421 592 868 600 832 485 35 685 313 306 898 103 21 297 279 209 82 2 734 265 100 496 920 879 491 621 803 217 59 695 25 56 997 673 214 893 207 38 968 895 504 389 223 298 141 853 871 537 170 773 727 817
710 15 776 480 614 787 174 473 976 328 171 647 889 847 184 827 12 477 37 290 860 92 861 23 625 328 309 244 386 942 407 57 440 141 656 405 100 584 762 532 12 59 631 144 424 469 491 807 732 385 575 454 706 756 73 270 896 994 60 511 159 347 374 166 1000 47 491 396 680 176 238 513 660 106 622 291 634 393 642 184 265 803 155 565 104 203 310 952 925 508 726 243 528 108 775 815 288 75 295 171 20 438 661 392 83 603 562 451 72 284 836 417 769 435 951 346 8 153 490 847 980 994 156 576 221 881 584 795 988 331 179 235 901 8 417 285 22 773 827 806 457 493 818 300 938 747 825 363 476 827 402 935 118 678 214 365 23 361 743 784 330 84 345 574 205 739 581 200 657 473 110 440 702 230 361 159 161 120 190 111 551 674 815 886 889 56 760 578 339 878 62 334 739 458 497 44 630 10 403 866
288 748 170 514 60 211 378 287 683 36 648 728 474 548 817 209 192 858 959 983 580 621 700 944 306 507 979 388 604 725 434 974 810 821 368 602 779 206 710 401 757 369 545 781 972 830 928 546 475 14 545 170 240 796 985 696 957 73 93 115 820 847 213 213 32 220 364 632 614 545 453 603 537 280 291 282 213 355 848 925 144 795 926 679 188 694 422 250 969 491 139 946 472 382 811 608 710 947 689 970 347 22 745 551 490 355 617 235 455 626 67 870 195 20 144 848 48 297 741 246 891 350 520 930 240 176 346 424 698 369 183 171 252 822 516 193 25 7 478 430 959 102 770 13 295 158 48 838 893 504 572 515 440 279 634 632 478 983 106 891 464 855 775 831 6 236 164 757 398 439 169 823 522 974 78 885 811 902 997 980 73 972 715 899 183 484 502 94 679 685 342 525 911 566 846 222 422 770 133 871
539 559 989 287 926 282 998 519 869 401 689 367 97 857 727 52 501 841 388 145 996 257 23 622 965 377 863 489 411 990 780 464 900 233 142 219 396 401 564 851 798 290 173 318 593 662 393 415 659 81 314 848 673 433 892 1 855 473 667 397 826 696 973 154 739 288 928 5 268 996 44 555 753 324 362 654 188 533 207 659 802 859 219 516 724 748 237 542 488 456 497 383 759 928 707 629 720 401 306 909 29 732 814 442 708 756 217 62 385 907 831 270 741 264 932 681 494 528 214 141 74 348 828 172 775 123 755 688 788 643 30 529 897 517 678 185 538 878 174 109 187 681 765 855 129 980 541 443 227 352 375 30 409 982 899 141 500 451 274 829 558 278 371 638 268 561 832 86 805 240 592 512 496 835 522 217 612 630 46 638 462 894 999 671 513 878 880 762 63 606 880 828 797 702 520 773 305 333 272 568
538 201 226 159 891 28 517 827 895 138 98 784 846 327 426 419 538 293 278 585 351 83 316 926 879 210 746 901 327 104 622 619 154 318 751 34 52 29 531 296 779 120 95 318 462 729 510 580 144 583 685 915 633 270 888 470 385 5 432 52 217 19 984 448 81 576 260 946 230 759 119 637 343 698 311 649 146 479 279 730 951 446 713 624 827 78 814 937 987 92 380 310 459 454 211 25 396 388 479 597 665 789 399 262 552 651 953 84 865 668 106 136 821 715 455 416 574 74 467 382 791 278 880 43 388 393 723 100 1000 991 240 949 323 211 922 960 885 101 849 779 394 893 908 759 798 459 568 50 443 895 78 273 369 164 333 98 180 459 18 13 567 529 828 479 579 327 894 78 182 494 389 540 239 596 948 358 358 608 388 439 58 508 91 123 76 209 726 916 33 69 190 628 936 246 283 367 457 391 791 493
579 219 21 705 140 1000 758 606 333 17 222 910 567 268 522 147 94 549 654 483 819 375 290 57 902 193 85 815 882 365 367 89 848 37 841 596 392 719 662 153 891 538 81 301 488 996 574 475 522 217 747 708 274 644 725 294 478 309 618 431 489 224 437 557 914 973 414 122 687 213 375 252 255 862 520 175 774 127 748 534 164 450 779 852 237 342 288 897 528 390 389 764 372 784 278 610 575 207 431 977 936 993 928 41 802 313 208 560 300 520 921 406 96 696 367 334 395 894 385 681 208 988 125 319 918 133 69 66 629 204 3 966 597 176 702 371 756 275 541 596 295 801 770 359 306 985 398 820 192 38 373 473 7 551 880 556 882 916 694 299 862 630 241 762 911 934 885 665 321 702 652 355 914 195 597 456 536 572 322 150 414 161 358 810 642 649 758 821 992 326 867 540 160 481 819 590 257 241 205 209
949 180 811 454 958 866 274 753 562 95 550 209 662 259 480 645 786 22 545 876 209 345 428 262 70 432 159 423 488 920 392 265 887 391 155 762 302 935 938 568 789 430 229 447 188 982 647 812 519 22 36 955 511 770 268 3 902 231 524 77 96 182 105 103 778 510 782 748 50 886 1000 948 850 698 335 342 234 896 635 562 43 308 997 358 892 212 653 739 400 525 951 545 54 971 480 926 151 711 23 749 290 943 427 333 511 775 970 764 968 982 599 623 55 285 548 453 415 483 267 574 148 233 527 327 209 407 254 536 76 744 54 732 258 997 130 823 73 217 212 559 482 543 866 859 962 962 568 642 922 77 75 977 394 272 947 713 186 895 173 30 673 724 22 683 787 183 213 275 347 210 94 417 441 356 122 872 270 155 206 683 51 999 798 223 474 980 847 664 15 126 988 151 289 595 101 754 490 585 804 998
870 690 435 804 780 931 134 941 239 501 227 672 887 817 615 383 734 548 634 335 95 614 832 974 427 869 928 623 469 337 274 483 533 468 64 388 122 943 974 55 947 272 558 678 564 600 733 326 783 887 40 403 807 449 308 683 423 588 676 404 195 761 545 874 396 682 268 858 683 314 357 236 33 506 786 481 864 310 642 47 407 978 676 507 676 946 839 582 257 676 988 905 620 671 915 985 716 873 446 711 760 161 200 454 617 937 505 531 950 909 44 825 207 439 397 230 463 599 956 655 367 556 952 508 665 638 160 999 594 121 685 20 758 350 120 252 869 274 454 266 362 453 492 96 300 663 224 582 623 637 270 690 715 676 7 364 195 626 637 897 165 843 192 577 26 759 855 458 323 110 253 101 966 215 480 756 76 951 874 512 372 643 372 574 953 53 423 341 395 713 640 314 10 635 473 858 66 465 676 612
758 585 584 295 489 658 512 167 75 218 242 829 247 301 5 986 554 825 686 819 645 823 727 899 47 132 501 26 146 806 389 561 117 472 545 979 958 325 318 773 438 814 481 339 588 812 4 284 892 649 555 206 453 589 437 982 306 473 344 471 158 90 698 667 130 342 278 451 244 908 989 624 904 373 434 488 429 688 369 341 605 116 42 964 276 679 995 659 942 58 192 266 315 262 834 584 28 805 80 875 137 96 760 340 97 990 525 254 705 883 437 681 229 870 654 503 175 495 193 653 281 870 497 952 410 701 674 568 51 319 357 720 743 233 287 311 644 353 702 776 562 352 99 832 880 595 256 716 161 739 860 31 381 672 648 776 442 829 689 93 547 765 201 442 296 410 970 485 228 168 342 191 426 558 277 545 948 617 71 796 919 429 324 488 165 122 286 484 118 326 294 805 251 698 777 614 694 727 876 395
880 74 940 665 579 762 661 180 723 714 952 721 314 572 70 529 887 109 887 285 380 868 449 982 584 289 584 97 967 772 606 891 229 778 879 883 509 444 454 905 160 99 788 254 527 28 286 428 666 825 703 771 911 850 419 106 327 155 887 971 935 663 483 82 288 519 888 218 648 864 730 79 543 741 633 164 258 1 9 712 316 635 376 624 235 31 473 35 678 165 951 606 524 748 204 666 158 776 227 972 373 810 300 170 891 142 76 163 195 805 860 371 144 482 686 345 573 362 308 231 154 525 291 593 473 86 202 445 28 673 968 748 97 1000 845 733 955 636 416 3 918 617 771 617 605 59 191 365 739 693 248 487 913 640 376 464 112 675 257 778 983 687 723 946 819 459 48 81 616 170 698 617 410 59 395 573 381 595 85 750 232 60 233 481 993 417 65 959 561 196 311 263 288 22 2 866 723 868 638 96
800 298 766 659 240 401 499 924 420 431 941 948 107 46 964 267 153 837 369 765 336 547 358 463 927 927 243 749 264 872 396 676 742 456 785 154 555 844 234 335 139 60 494 345 114 813 853 508 876 654 1 674 766 133 952 916 176 889 503 651 47 365 317 13 643 908 876 251 727 494 378 950 129 146 392 674 936 277 538 55 467 264 366 76 46 634 413 599 864 60 405 213 121 16 352 112 720 506 929 956 887 826 99 710 503 432 682 454 417 90 560 179 360 667 287 75 300 344 366 993 886 31 134 279 56 915 367 495 657 961 215 248 821 588 554 109 241 811 314 448 200 561 723 9 532 22 326 15 619 443 831 804 129 461 311 28 201 866 940 931 538 206 584 786 940 286 720 810 291 757 446 758 235 750 295 244 930 841 218 115 327 888 612 79 148 950 578 724 776 318 467 155 179 789 187 237 528 784 5 709
780 621 525 145 158 491 989 35 691 323 153 642 114 349 108 840 490 733 120 51 581 971 912 266 479 843 944 602 844 952 910 669 157 728 539 788 988 98 265 335 178 254 479 608 968 10 819 703 567 96 35 456 812 731 491 397 873 707 306 966 775 1000 512 562 210 991 234 67 299 564 864 41 618 119 529 649 336 384 495 290 939 740 282 533 172 629 215 48 914 748 961 528 945 85 202 496 789 446 754 234 653 480 772 128 392 569 594 965 166 778 697 855 554 629 813 187 763 379 118 301 191 912 402 870 571 814 153 891 462 753 676 466 385 937 121 140 228 552 764 234 177 469 229 552 95 178 982 399 452 511 722 873 604 701 700 285 78 870 110 594 170 495 460 471 716 311 193 784 28 203 826 667 162 175 45 965 387 486 714 809 183 451 363 32 372 352 289 941 741 930 642 367 628 703 290 357 578 968 776 413
