500 500
332 971 155 405 667 50 75 841 549 97 375 597 60 932 520 220 39 89 445 429 72 247 93 565 435 61 847 580 127 971 229 646 643 597 971 64 591 600 407 51 1000 227 48 571 880 137 297 430 148 554 121 585 316 574 836 699 186 106 596 585 655 193 382 100 561 730 65 578 62 634 211 509 697 545 438 796 322 477 600 946 465 371 307 255 814 185 716 799 250 84 589 308 538 507 897 352 747 460 295 624 75 121 525 429 169 776 351 156 956 501 432 41 986 685 80 783 572 587 809 897 838 322 349 712 359 609 509 594 817 468 71 861 96 968 277 486 714 681 67 63 749 719 318 663 592 698 842 457 292 734 396 909 685 356 24 964 473 364 173 626 120 506 61 224 787 295 133 757 254 408 401 939 893 509 83 171 460 412 563 285 905 141 839 441 885 564 286 724 426 368 700 906 390 981 237 155 85 181 155 238 675 239 13 497 852 604 187 270 289 5 150 430 548 379 625 580 327 976 129 708 880 528 974 633 671 693 758 56 468 922 892 799 975 896 697 818 573 402 408 409 404 107 494 650 411 64 196 69 214 452 167 113 349 616 54 105 1 581 155 550 104 972 373 629 27 73 896 213 629 386 153 650 259 979 356 617 373 486 126 119 870 500 478 492 496 320 88 148 105 768 351 759 272 491 849 709 166 529 24 211 974 975 541 371 151 707 557 937 28 777 541 306 659 885 94 713 866 268 531 376 931 172 365 791 229 546 555 798 515 338 652 229 628 831 808 777 874 200 826 246 838 411 758 823 233 205 531 505 365 749 30 29 810 287 484 266 199 710 620 980 353 458 828 960 741 358 978 998 374 83 226 105 233 482 202 346 210 495 640 922 625 861 2 491 932 669 353 819 659 87 855 677 123 932 398 802 729 769 205 490 911 183 445 809 652 341 89 821 969 995 740 406 475 412 762 970 87 743 163 175 131 29 155 605 927 477 826 672 150 627 847 611 486 674 960 359 160 562 562 135 22 15 819 995 744 666 106 540 768 957 143 445 893 200 846 895 217 29 258 218 300 514 247 783 601 334 266 558 430 855 135 63 932 758 363 920 470 679 598 835 926 530 431 847 940 900 514 134 545 156 537 523 20 894 451 796 188 624 5 795
819 154 177 145 485 634 743 124 570 64 334 699 531 544 569 495 804 796 109 905 574 59 255 196 284 44 791 101 520 464 576 29 779 916 935 65 454 334 628 997 518 621 525 205 710 284 464 521 547 827 490 520 965 254 716 536 898 898 965 951 266 945 573 915 966 208 861 459 141 427 125 402 453 324 75 688 247 439 75 218 686 311 803 126 919 796 159 963 734 659 677 375 147 260 905 141 991 479 225 765 976 97 408 907 499 167 684 853 230 166 724 442 528 414 348 432 201 366 327 95 740 375 20 347 568 470 452 721 19 394 340 530 639 303 525 984 66 116 941 808 235 996 898 108 87 272 279 41 928 798 186 277 774 133 840 433 870 934 693 839 969 265 416 153 550 942 528 585 507 718 335 92 286 59 819 705 188 436 917 75 276 961 18 650 91 821 267 86 623 877 228 69 271 884 125 465 12 348 567 428 949 938 275 637 133 45 540 727 245 961 113 993 166 269 52 186 207 955 320 644 313 544 778 211 297 457 513 689 183 278 356 823 19 257 38 16 19 751 518 565 195 527 487 252 958 458 109 675 839 666 443 673 507 560 855 911 403 994 519 316 705 221 236 351 204 853 904 724 747 652 144 415 356 56 858 133 15 73 641 759 901 262 442 168 57 87 682 862 391 892 519 687 995 289 614 249 710 301 47 471 190 162 276 457 4 270 373 985 337 996 561 332 251 36 989 904 317 224 366 188 2 344 391 86 487 286 515 672 206 255 517 795 6 94 271 837 92 148 410 601 43 404 24 307 312 645 239 87 600 981 542 874 769 159 674 915 734 803 901 611 399 783 334 738 507 154 291 742 634 659 149 45 845 856 733 914 526 643 440 752 718 832 518 143 932 537 771 517 583 855 833 824 17 847 703 599 818 915 729 700 980 710 659 236 88 32 43 137 653 370 983 108 386 856 463 572 52 643 20 642 545 698 251 502 271 4 468 817 72 767 955 516 920 549 95 676 539 68 764 755 486 259 829 77 867 272 241 747 775 211 237 758 666 1000 472 506 866 392 79 491 933 701 295 786 48 632 648 659 204 80 615 151 340 261 668 762 710 312 637 582 137 13 494 63 498 276 996 689 102 709 223 692 502 298 726 529 293 476 478 478
786 122 916 563 205 320 88 959 485 18 297 470 79 840 519 992 461 276 397 215 939 969 953 216 77 596 93 146 766 537 269 976 369 136 618 840 647 521 287 909 116 721 374 237 510 920 898 498 404 26 163 4 973 504 698 462 416 310 745 145 427 353 386 324 124 861 340 2 333 769 347 860 408 123 963 949 201 731 13 924 758 297 260 382 67 403 400 891 604 79 370 948 439 774 282 875 50 288 105 53 855 678 293 651 959 153 256 995 273 447 524 324 195 792 383 804 980 439 906 30 832 780 647 410 936 897 964 568 563 209 737 83 51 956 750 421 462 630 771 142 660 891 294 498 51 934 950 564 131 175 484 425 352 289 305 262 757 757 1000 669 267 416 672 245 309 495 571 685 404 123 172 659 166 77 213 513 928 832 510 564 226 464 929 341 778 461 438 143 561 198 250 93 179 351 570 94 327 245 378 265 829 584 207 909 21 768 892 423 393 424 764 537 216 386 277 347 771 64 511 285 589 991 369 129 704 516 542 645 810 884 869 222 95 278 919 255 394 410 662 457 443 977 320 870 834 894 992 23 131 34 436 727 783 918 824 485 992 602 502 1 75 401 953 950 951 846 541 876 480 996 460 255 802 112 230 159 156 535 996 699 112 965 846 740 718 663 867 784 917 469 88 565 796 41 2 802 129 239 584 942 39 661 733 312 986 132 642 258 541 652 448 716 783 115 102 73 308 538 967 597 197 398 268 229 810 616 2 11 551 309 472 286 982 324 661 860 905 249 487 539 241 561 253 30 984 422 722 666 315 57 23 199 511 907 691 663 431 84 264 234 684 435 948 380 233 505 35 713 347 736 431 372 699 406 203 7 817 300 757 866 517 70 211 508 994 206 320 785 840 199 237 477 227 272 779 911 303 112 975 639 508 625 192 918 229 497 428 933 682 58 972 610 150 945 403 56 219 25 998 611 146 426 54 727 62 189 403 461 920 730 905 322 751 116 82 954 170 338 196 190 669 959 538 765 479 33 320 681 743 388 860 383 340 454 174 112 3 81 287 83 360 431 979 907 127 575 988 778 213 390 366 788 842 317 842 824 443 90 51 723 485 201 382 555 942 458 198 332 373 756 919 486 32 647 421 254 832 641 786 415
42 385 36 476 65 823 943 64 264 200 766 65 921 621 348 372 279 344 981 977 632 45 269 765 734 707 325 947 283 305 4 739 774 610 939 825 650 970 966 67 25 846 240 110 487 733 980 477 977 795 396 809 258 936 441 835 506 136 951 509 188 9 822 954 757 311 843 709 792 155 622 242 336 882 328 472 371 803 802 611 81 525 203 402 771 164 254 418 67 666 35 494 566 558 334 165 437 905 108 74 272 640 87 214 99 432 511 727 996 458 178 240 137 427 472 636 913 691 241 766 552 868 793 681 778 125 799 862 301 301 287 581 275 382 261 756 267 204 450 254 191 252 242 158 289 906 930 593 193 335 67 406 258 252 520 539 237 666 828 103 670 476 38 105 5 487 905 839 237 861 460 937 383 42 898 301 239 123 52 195 615 997 848 598 199 953 77 382 525 887 183 460 618 267 794 797 681 969 7 109 653 611 727 635 359 223 39 378 349 145 46 209 262 40 614 750 668 936 209 835 12 839 336 419 695 381 190 636 320 80 209 33 815 508 562 496 65 418 104 815 405 680 564 159 655 547 94 669 168 408 713 278 420 291 684 315 428 977 53 320 764 581 905 366 425 427 19 885 786 822 373 660 202 401 746 415 209 965 7 445 924 161 434 117 841 93 416 592 905 374 472 792 167 134 16 53 565 146 657 826 932 407 92 587 638 950 380 755 517 176 150 357 291 166 534 176 948 69 112 393 503 772 825 812 991 825 203 309 130 858 966 45 999 935 495 323 55 623 949 652 398 89 926 730 636 705 845 913 165 656 805 878 228 636 415 630 867 201 850 485 188 579 224 43 410 962 531 161 393 368 127 154 253 994 743 836 919 198 43 906 576 863 776 689 40 684 859 332 121 400 614 467 564 870 643 797 314 665 431 316 597 256 436 399 675 377 458 516 449 184 24 4 634 502 477 241 458 782 634 799 839 470 857 184 830 485 410 110 69 132 368 441 375 94 822 453 517 523 673 42 42 652 134 85 945 752 322 797 738 524 82 56 771 517 917 387 669 974 804 140 27 878 68 629 750 710 835 113 199 135 907 504 295 980 831 939 815 170 703 808 739 953 227 68 854 360 626 775 259 163 332 919 629 282 927 836 468 148 261 515
988 942 492 214 607 270 631 519 244 327 382 38 204 187 414 166 652 959 285 696 336 917 386 173 812 804 271 118 787 544 50 652 879 369 990 894 464 569 534 594 706 904 918 108 259 549 645 878 404 756 817 381 272 385 378 592 150 369 339 783 84 453 236 181 631 762 981 50 304 840 529 260 318 655 990 892 600 951 680 918 321 751 2 766 35 227 153 298 631 641 443 428 525 373 918 49 136 501 233 628 669 47 23 56 3 581 364 312 109 536 366 547 230 424 598 309 604 137 210 376 639 849 487 163 138 15 960 821 250 725 153 462 99 66 654 149 893 682 801 277 412 832 271 991 12 58 661 841 576 915 359 609 662 593 455 617 960 531 752 505 255 170 926 1 46 64 545 26 416 191 244 164 60 934 798 108 13 628 565 673 964 202 146 424 205 531 623 659 520 664 657 426 833 628 179 521 317 66 308 641 50 911 742 802 490 733 552 7 385 865 448 764 935 477 83 760 672 464 180 232 108 268 238 660 40 127 344 913 768 948 712 966 866 270 729 54 273 652 568 696 447 703 808 940 536 996 272 303 658 951 989 916 223 88 902 520 16 174 267 927 242 862 762 208 968 164 765 937 335 197 902 399 337 616 245 389 930 873 646 944 710 682 862 550 481 484 860 544 715 7 879 28 448 979 743 240 585 906 316 809 218 401 638 600 80 579 933 176 149 34 28 115 110 637 952 166 354 146 718 30 32 43 142 710 659 650 44 714 70 755 48 68 878 605 781 373 205 838 978 840 547 913 681 68 901 889 774 937 729 967 394 110 253 211 209 115 35 36 973 869 933 832 772 650 90 845 770 647 648 295 489 103 136 101 811 776 662 210 302 327 345 434 268 22 360 263 953 290 50 733 779 377 933 329 788 988 617 516 488 872 295 634 764 32 808 423 32 447 532 792 101 356 481 722 50 551 580 222 732 883 848 94 589 840 295 175 447 2 537 207 296 781 769 56 5 357 503 98 504 712 816 846 189 991 507 607 356 981 852 528 267 592 967 163 291 835 220 961 717 238 511 170 113 962 652 786 83 503 807 714 575 806 108 644 335 365 98 411 951 405 914 912 764 89 433 910 662 26 381 212 311 270 439 923 559 514 176 389 906 646
240 967 472 130 545 609 773 706 772 620 662 35 357 596 335 535 160 889 864 462 678 568 760 332 174 475 450 706 792 264 594 237 130 343 474 659 907 714 244 520 197 274 309 773 721 847 864 633 159 741 160 999 254 741 335 618 535 357 165 242 336 979 194 265 999 978 747 105 169 986 674 105 201 394 155 152 814 310 751 305 446 281 201 112 654 934 110 288 212 907 398 476 35 13 409 875 810 448 711 228 513 648 304 475 23 146 264 619 756 415 6 759 249 930 874 441 718 588 602 768 663 432 867 235 684 740 669 902 899 793 658 717 598 873 235 696 186 657 128 465 443 321 267 644 718 101 917 430 249 802 410 731 730 645 161 257 870 434 495 467 21 637 880 420 531 692 677 953 894 188 916 671 336 797 11 399 852 502 930 999 109 40 258 557 224 165 734 801 975 964 205 532 357 104 868 589 468 555 210 735 488 525 17 655 812 849 379 535 352 421 760 971 468 216 701 189 402 527 782 956 126 747 629 365 653 58 259 281 392 410 63 14 77 429 938 431 644 716 692 361 595 272 112 230 311 760 411 963 977 540 995 225 821 984 402 474 218 169 133 952 796 71 830 818 650 198 481 658 576 739 232 835 987 150 362 683 655 851 839 815 836 424 480 302 779 562 666 129 799 854 481 364 803 872 236 274 722 386 704 260 437 696 191 494 3 825 740 819 288 367 251 671 310 329 492 497 439 639 653 88 676 919 372 157 952 311 875 395 59 88 848 579 928 333 803 966 144 544 852 354 649 597 16 674 12 215 975 74 672 301 257 623 104 593 147 875 240 191 795 463 355 804 157 214 926 413 811 548 172 625 913 705 623 801 93 685 924 916 562 807 652 859 305 203 507 710 219 544 81 760 860 450 688 904 120 569 122 271 430 240 847 143 485 505 571 60 496 479 928 148 718 504 253 511 169 553 614 884 753 7 165 861 329 480 713 577 510 682 304 861 477 384 437 429 984 693 78 185 653 370 652 663 30 22 625 47 699 755 954 339 829 97 523 496 497 776 920 148 35 219 736 426 641 130 347 97 883 675 375 350 486 798 539 568 790 935 216 291 446 351 433 258 568 54 847 297 300 364 848 506 414 342 516 279 894 519 354 999 209 671
505 811 121 339 197 325 731 307 131 601 997 651 90 804 42 409 741 568 907 416 559 588 51 409 308 112 7 48 195 842 944 487 624 785 674 62 808 513 932 557 627 386 632 151 642 690 714 706 611 898 698 85 218 41 684 649 469 641 781 179 104 680 186 891 38 432 794 104 937 953 672 14 378 893 843 143 806 317 576 728 265 884 310 190 432 36 327 21 442 580 658 593 957 936 56 510 582 535 41 845 122 793 830 432 590 713 941 415 458 69 15 697 397 609 607 961 676 160 487 789 423 562 105 85 660 484 218 918 156 642 16 438 5 10 701 686 125 990 880 91 224 891 125 133 484 19 283 737 583 249 462 752 763 192 945 52 375 793 766 731 712 877 149 748 778 87 301 644 571 727 511 472 686 955 912 261 936 988 54 735 33 12 63 16 905 667 704 837 634 82 399 319 320 747 615 170 981 882 855 499 624 62 324 377 972 589 746 450 482 694 171 149 990 817 120 372 977 661 168 645 822 428 489 395 797 806 464 968 279 804 773 581 342 300 287 63 637 998 667 721 822 848 615 341 891 621 744 16 852 155 616 853 317 599 439 1000 910 253 386 397 702 386 617 790 918 240 827 463 291 706 2 330 270 275 433 162 601 943 836 782 909 802 44 296 854 145 832 912 889 586 151 281 999 872 817 827 561 702 796 936 512 356 548 88 553 567 497 817 391 206 807 769 740 955 240 317 622 59 694 405 477 726 212 949 261 601 770 10 811 395 471 554 90 550 826 364 791 65 239 408 594 534 919 266 907 854 535 329 489 519 604 207 194 218 197 95 186 826 718 297 372 592 578 368 413 799 530 878 153 253 46 945 506 384 888 109 381 648 475 807 84 160 324 612 32 354 288 532 622 22 97 35 210 892 887 580 498 601 581 219 268 948 798 287 437 100 970 458 786 608 839 624 987 135 261 864 39 347 206 186 388 86 29 53 36 571 379 892 723 470 499 970 866 932 917 66 884 613 656 407 945 123 724 983 93 264 327 579 239 657 92 980 943 686 519 403 188 460 871 164 380 989 241 739 228 177 40 965 263 964 361 61 925 567 927 29 858 942 49 265 806 526 727 758 663 780 496 58 104 149 326 774 6 962 204 694 767 306 604 606
452 777 669 108 483 332 381 264 400 128 384 493 389 173 452 245 827 147 937 694 914 13 480 735 935 200 819 37 161 950 853 226 80 957 634 888 383 911 768 144 797 458 981 100 949 952 395 863 23 644 77 464 996 348 331 843 240 489 119 644 375 147 340 227 754 59 185 731 463 567 911 149 450 892 153 273 429 422 253 160 27 278 585 860 304 343 824 172 267 503 112 326 468 925 495 117 158 526 59 647 917 807 685 948 217 574 489 856 294 123 264 773 207 994 374 443 268 245 948 244 100 400 297 426 918 167 59 853 744 301 148 656 17 453 827 520 350 524 144 454 2 809 853 967 540 294 191 369 446 42 934 419 224 284 586 186 142 864 185 535 789 236 729 180 202 616 82 849 90 911 624 749 508 780 281 180 211 141 628 686 725 644 832 197 597 316 208 11 68 709 751 533 418 862 739 939 57 531 831 356 344 289 863 655 886 969 505 93 16 420 933 782 489 137 893 682 273 255 191 577 852 376 38 168 720 381 589 610 879 5 365 533 955 457 992 529 74 124 366 732 251 837 850 887 935 329 798 729 889 391 591 770 920 63 299 894 111 977 749 507 458 526 27 544 824 551 138 22 250 991 91 230 634 187 172 106 320 257 569 837 979 31 20 99 949 716 757 200 268 19 858 614 653 591 476 536 245 720 455 106 360 891 97 735 184 47 280 127 477 506 600 513 780 287 113 125 125 416 906 141 555 607 233 882 233 151 685 587 474 765 407 169 971 846 19 961 651 399 711 431 612 860 618 539 38 406 994 964 54 796 372 347 411 247 859 344 733 447 864 578 824 935 329 835 411 868 575 55 333 530 151 981 697 957 362 256 892 433 680 648 12 374 112 544 192 71 333 444 206 517 686 22 231 143 431 993 407 796 960 465 649 48 829 906 997 906 42 36 887 657 636 273 940 695 639 280 644 556 826 947 37 637 103 257 125 533 14 445 243 974 41 295 116 313 356 664 171 124 62 609 983 980 944 527 924 275 87 478 605 547 955 152 451 127 524 135 907 301 938 417 592 296 281 250 754 90 759 560 295 860 466 625 712 584 227 666 396 207 562 728 376 472 914 562 311 628 490 481 839 318 32 249 342 227 194 525 560 393 993 600
406 13 947 362 167 883 975 245 332 571 334 504 277 292 900 222 303 59 791 23 163 565 69 621 893 357 451 674 64 530 398 855 451 363 754 782 112 534 231 983 694 757 957 159 427 346 685 361 144 692 208 632 626 871 284 841 860 531 98 757 877 762 945 778 487 276 804 646 726 648 937 721 131 423 892 106 5 421 785 564 600 121 510 408 986 586 154 428 871 803 287 894 637 622 114 389 873 464 710 469 295 741 362 300 362 401 539 569 610 394 664 330 7 806 764 870 512 390 455 308 189 550 312 823 149 447 590 387 596 238 91 842 943 339 332 993 864 623 859 249 982 334 210 996 437 913 933 979 11 27 49 263 579 918 510 308 943 550 793 320 552 635 448 530 846 530 745 702 441 399 476 367 42 609 693 360 464 971 11 693 70 538 235 102 420 384 513 411 665 575 951 588 158 901 193 988 432 499 412 451 786 640 921 602 352 709 543 765 836 95 175 372 326 376 77 846 319 525 180 114 672 916 302 707 352 841 958 522 910 995 431 647 161 537 297 836 524 213 518 915 193 423 187 62 646 579 618 110 362 584 647 652 741 44 709 422 11 807 3 315 728 708 567 5 940 312 408 863 101 601 16 685 31 202 180 510 788 567 581 273 893 663 918 545 527 148 589 204 421 617 125 149 161 531 778 522 110 30 103 78 175 971 536 503 843 479 628 441 826 820 64 666 13 701 790 593 331 148 733 244 363 283 174 34 274 644 102 880 926 971 597 65 358 197 461 639 395 21 56 226 912 406 597 783 983 45 451 56 636 245 256 229 46 164 954 602 876 178 323 7 921 888 836 467 311 429 618 259 984 909 508 973 70 249 694 400 692 736 599 227 424 317 409 897 729 497 23 812 890 250 90 178 175 367 389 192 8 995 904 298 406 576 372 118 344 547 893 395 344 413 667 68 985 127 433 846 935 360 568 251 397 196 479 291 353 243 447 36 286 681 26 350 825 160 248 723 133 95 202 277 558 856 807 131 569 454 479 857 815 825 246 164 377 362 222 740 415 386 645 982 595 214 305 974 488 517 210 233 879 464 692 135 965 724 268 611 922 451 602 377 548 253 414 623 523 218 129 894 769 126 695 526 94 556 873 277 754 791 784 395
30 674 736 582 149 319 16 400 728 89 712 182 795 872 238 329 193 679 913 112 70 576 936 371 825 513 777 305 198 68 736 319 91 232 296 130 837 734 409 290 365 414 865 931 476 794 644 904 644 882 884 136 960 284 181 31 376 696 819 680 708 360 919 423 26 675 721 717 474 255 868 411 361 928 644 101 187 299 118 278 935 624 752 225 730 694 42 415 41 624 166 442 203 776 311 160 390 757 41 566 319 645 654 965 184 579 860 234 584 510 734 534 261 948 446 687 701 590 358 959 1 115 855 783 796 672 294 923 44 897 875 600 622 713 49 998 251 698 114 39 811 327 216 796 937 354 768 936 89 428 712 762 404 766 631 849 227 288 540 93 358 970 973 435 454 953 349 709 516 757 705 850 860 644 641 464 521 56 693 716 211 439 690 525 867 951 797 131 502 781 194 45 976 720 845 826 573 268 179 560 168 993 800 653 242 557 267 256 987 61 173 367 356 422 95 207 652 319 141 140 703 724 499 687 495 244 723 248 7 528 709 456 137 959 657 360 715 307 137 906 725 146 602 577 247 342 645 835 121 562 435 779 964 174 694 683 159 614 473 860 785 416 852 212 118 707 297 13 370 499 212 45 62 918 288 312 202 114 719 317 459 986 116 166 333 456 480 583 372 297 173 571 74 47 12 480 769 498 86 766 735 340 757 578 271 112 661 501 980 445 501 195 803 557 330 9 368 942 94 660 293 643 629 958 749 669 717 258 669 252 81 142 766 29 26 794 405 860 149 304 377 191 986 654 539 867 918 949 699 173 105 804 737 851 318 761 632 335 389 189 663 846 365 328 236 378 140 565 942 379 858 852 260 246 60 43 110 581 823 644 944 840 723 413 927 52 968 222 507 434 512 749 162 307 618 596 642 83 146 705 233 168 142 454 653 994 412 92 41 872 451 491 196 224 741 382 3 33 862 626 876 854 806 524 436 147 291 74 678 57 527 728 432 912 347 65 450 10 683 979 846 181 926 743 169 388 303 5 454 824 577 692 357 582 201 481 88 556 332 530 472 439 995 548 931 641 887 159 998 411 985 624 635 84 831 830 62 741 693 340 624 675 305 579 585 432 976 378 493 673 663 141 307 887 352 544 907 649 29 869
194 228 695 758 459 708 88 151 677 593 381 569 595 966 427 369 543 247 579 452 406 268 117 233 185 992 912 208 562 768 115 227 883 858 260 666 98 193 544 687 258 727 502 233 568 470 232 555 587 714 116 754 526 932 603 581 83 872 418 696 76 820 451 138 885 516 564 520 732 859 776 971 118 642 984 739 528 105 472 851 703 402 558 176 992 984 197 577 487 794 96 141 383 795 634 59 415 243 49 382 43 16 719 609 979 219 471 308 124 725 139 437 931 910 90 637 894 207 577 118 940 746 892 364 173 376 764 862 350 824 782 754 697 12 846 262 126 246 382 526 755 538 971 366 740 501 45 837 619 362 103 365 563 336 823 618 116 35 948 933 692 249 261 363 198 711 458 22 859 596 451 117 811 22 500 114 76 820 265 190 154 568 954 297 895 704 686 390 857 148 603 897 257 552 707 780 828 276 972 455 15 26 351 155 499 514 496 895 33 820 858 37 77 187 636 838 661 696 615 402 864 488 991 163 710 866 460 403 235 894 981 626 530 78 370 338 541 222 319 916 135 604 640 45 217 174 839 370 745 479 340 591 480 398 960 363 322 7 344 594 496 342 233 22 255 471 898 624 47 647 150 745 688 148 280 394 280 66 513 269 366 583 588 541 599 980 143 716 35 938 575 925 790 98 894 205 793 437 649 586 650 102 372 811 289 813 815 244 894 816 962 145 698 74 312 987 782 350 758 372 522 874 651 252 359 894 564 733 416 343 62 722 346 688 331 905 802 494 516 377 916 250 829 241 358 155 139 211 8 911 892 688 465 415 457 406 583 791 310 952 173 601 68 148 309 738 316 259 745 586 565 675 960 989 349 76 944 195 598 947 82 599 184 312 595 362 480 366 994 794 707 439 739 890 945 70 859 497 327 921 180 283 920 264 560 24 777 169 642 275 243 722 21 224 49 410 459 206 915 618 290 885 514 664 102 202 248 752 59 987 133 616 50 82 76 829 836 897 590 350 737 140 6 193 278 550 658 897 16 656 331 946 29 218 330 335 889 768 28 665 498 416 625 696 820 346 179 59 885 425 816 47 90 642 628 343 795 507 613 410 264 963 475 895 14 27 948 325 578 670 321 58 426 629 728 742 855 338 161 96
20 160 216 147 543 786 861 93 367 834 371 434 353 552 697 603 887 569 158 674 617 589 339 236 759 634 265 833 729 490 782 33 795 663 317 668 792 563 724 465 573 285 371 536 543 964 281 136 259 10 572 488 103 672 829 793 372 155 644 234 411 775 93 960 29 640 138 126 62 557 514 210 569 797 187 266 963 621 375 756 153 925 182 892 756 877 944 798 166 542 30 360 797 727 249 453 881 511 219 652 935 353 923 820 399 472 218 332 809 926 28 111 676 751 16 68 827 661 936 412 691 885 360 62 234 578 386 420 929 942 385 968 673 643 881 230 32 258 22 269 727 445 248 237 363 209 334 778 436 659 286 306 901 511 222 584 810 161 489 884 957 891 788 274 978 770 140 843 308 290 91 340 5 498 894 913 256 166 328 700 625 612 980 464 218 594 54 905 801 215 872 905 754 370 48 799 793 885 450 187 446 885 144 959 305 702 26 825 115 156 998 935 10 137 934 310 155 515 754 361 100 770 173 476 700 407 93 425 348 658 941 682 734 407 904 344 917 34 600 241 207 812 643 707 16 39 139 517 610 238 589 441 716 108 746 21 50 916 325 67 900 113 124 981 500 994 140 539 439 3 184 230 702 554 152 649 756 559 513 116 543 363 860 509 981 941 80 358 994 221 874 991 996 905 230 749 75 280 721 182 16 271 276 71 990 45 202 521 50 418 809 570 975 372 274 11 334 705 43 669 465 558 289 562 339 707 421 896 764 735 276 409 433 326 553 430 393 997 155 397 780 395 903 420 824 147 920 651 6 245 623 514 949 261 711 626 748 387 247 846 204 680 119 89 864 636 803 35 931 734 51 416 711 572 333 702 662 454 563 685 324 467 995 592 1 485 765 663 874 482 523 351 607 560 390 241 845 645 811 762 891 388 364 730 66 403 1000 539 273 628 676 694 847 330 74 644 817 557 681 229 947 628 784 272 269 931 862 485 879 739 357 535 604 489 585 227 146 68 950 776 542 373 537 210 541 174 833 375 245 690 177 157 842 678 472 182 656 971 848 877 916 668 889 933 45 330 391 371 853 885 838 439 126 420 158 720 258 385 106 374 366 679 823 536 534 310 464 679 91 282 406 298 457 712 115 461 650 490 749 818
179 778 530 154 7 697 134 376 501 534 677 244 638 380 536 349 821 391 259 19 570 206 1 585 266 60 605 183 314 736 558 282 939 332 262 248 272 855 449 94 538 652 506 880 91 207 132 434 982 812 298 633 800 381 943 45 735 454 385 376 43 730 772 303 994 418 442 664 623 831 263 361 245 395 871 593 133 948 634 197 995 873 729 595 382 65 682 209 338 881 73 82 775 457 389 403 539 425 509 959 923 659 776 811 27 111 608 578 474 958 474 718 860 447 425 485 181 912 67 451 408 504 139 525 771 845 10 687 238 759 206 412 555 42 948 697 302 568 339 788 397 789 471 121 93 227 869 79 585 838 16 105 509 91 869 772 221 578 466 57 844 698 205 729 344 495 884 57 564 708 766 428 864 598 144 417 837 52 893 642 150 329 343 195 531 7 191 552 282 533 269 89 321 393 262 680 880 306 570 405 524 908 431 698 53 315 312 255 888 390 822 447 878 553 264 313 207 135 54 213 550 668 383 955 476 673 501 727 598 145 375 953 821 350 206 468 942 724 570 680 53 747 322 9 546 70 419 975 579 844 332 37 281 225 816 450 299 206 728 215 822 997 607 626 466 416 958 746 456 209 900 209 60 185 445 879 655 128 51 141 884 902 74 834 611 510 185 15 945 739 575 755 820 169 511 227 691 738 692 767 302 822 217 548 859 163 150 797 940 733 212 529 104 477 98 207 804 94 974 52 425 230 675 854 264 724 928 454 703 435 159 890 59 947 713 137 43 164 857 458 301 777 239 896 597 817 327 724 575 737 158 317 934 265 333 562 862 220 156 969 819 682 237 401 998 34 336 390 160 657 299 229 671 559 711 96 203 476 153 746 189 441 342 696 412 118 40 849 361 126 674 946 216 672 962 537 539 75 298 502 357 19 769 801 509 911 953 935 96 206 497 287 885 311 613 598 554 775 91 207 144 482 278 787 915 784 866 926 233 593 947 308 34 595 614 104 991 2 353 200 968 156 673 308 52 177 342 359 461 493 254 338 761 373 184 113 807 852 306 829 72 742 573 466 98 765 565 116 807 166 610 403 473 37 35 41 526 594 100 423 663 714 136 426 592 858 362 79 384 746 680 752 168 369 174 679 965 93 340 6
863 661 895 857 492 311 153 268 97 110 901 245 120 157 509 277 549 555 121 333 480 252 168 583 549 44 519 263 376 973 203 291 414 569 209 131 931 246 745 893 548 514 246 912 98 16 109 966 55 501 811 811 719 585 216 706 762 235 90 769 176 158 862 271 32 435 403 640 531 113 299 584 912 124 87 680 593 223 240 250 610 794 803 526 728 839 64 842 252 75 614 346 101 43 221 634 792 709 179 835 311 351 87 831 778 473 607 943 188 12 326 963 954 422 806 417 34 91 808 251 152 752 524 696 172 155 817 353 789 144 209 203 948 225 703 340 726 1000 69 3 811 902 492 39 510 539 798 338 930 71 770 618 652 65 204 888 641 52 867 375 806 422 95 667 735 995 358 597 167 823 989 505 689 791 764 509 139 266 849 711 960 311 927 55 763 478 853 808 822 697 605 169 446 396 845 656 804 961 892 526 307 766 984 608 545 671 969 648 119 70 992 802 807 822 259 769 859 868 238 246 203 602 469 576 243 899 505 589 930 956 702 911 728 52 402 680 803 405 813 642 700 793 965 351 846 389 416 971 90 234 669 689 857 811 348 680 610 926 857 437 812 313 5 308 501 619 17 974 114 900 832 487 429 421 620 307 469 150 344 559 219 86 363 404 865 478 635 34 300 344 91 278 192 719 911 453 418 677 552 827 248 124 222 700 643 43 385 843 919 189 400 278 341 981 155 372 172 230 360 912 836 625 904 916 984 404 316 512 327 979 898 519 810 622 194 878 851 992 167 401 540 10 1 874 180 107 968 252 466 579 829 673 257 755 361 693 104 566 753 883 772 527 683 386 139 951 772 916 260 683 427 78 527 639 340 455 273 981 303 371 313 678 727 648 703 385 961 535 829 693 62 929 671 511 506 373 709 1000 19 59 897 855 910 700 122 571 387 459 319 770 525 913 156 747 622 768 470 36 971 334 495 141 8 976 960 913 278 148 193 602 941 591 521 48 402 178 766 604 657 288 643 781 248 299 792 558 27 431 562 418 665 87 825 973 693 655 390 505 987 998 727 369 708 925 285 332 166 854 589 508 846 50 813 546 356 916 144 206 529 827 899 64 167 316 757 534 175 698 320 930 55 602 305 995 393 796 991 369 986 711
192 279 317 913 967 487 203 636 329 951 449 413 112 698 267 371 404 328 395 813 987 484 274 116 209 949 931 638 462 514 858 419 653 164 798 914 323 46 156 286 776 549 482 678 573 869 687 422 771 79 282 402 372 735 940 406 543 831 296 872 646 125 266 461 790 13 43 545 847 715 581 313 363 617 963 369 272 250 908 72 897 562 99 772 618 695 849 423 855 828 729 114 953 315 170 661 181 991 741 650 761 709 121 794 414 404 862 963 809 761 860 350 410 402 512 826 345 359 886 191 730 893 147 545 754 534 424 686 950 924 296 137 219 347 699 68 947 424 69 515 4 873 588 684 242 592 443 414 220 588 747 281 805 866 696 808 874 859 136 155 228 688 871 773 245 513 128 920 290 921 35 761 994 841 953 665 391 900 295 135 663 722 897 721 394 628 918 282 730 69 791 618 620 845 522 280 623 219 926 230 317 97 369 693 583 999 910 822 81 369 24 717 530 74 125 859 977 333 224 4 469 645 783 143 458 282 516 61 457 605 569 610 827 34 41 551 848 479 114 496 230 302 645 959 349 988 339 544 583 236 224 570 813 841 214 289 860 998 829 592 550 731 32 229 797 178 30 831 517 275 435 384 65 978 646 281 742 92 599 116 410 400 525 978 603 419 232 683 889 903 57 824 381 985 545 338 674 258 74 658 490 590 137 442 465 993 700 902 726 633 466 196 350 631 195 115 413 170 290 778 199 79 754 919 529 17 450 797 203 810 721 761 202 792 272 207 574 774 719 859 997 304 766 806 972 24 943 758 740 628 737 17 65 363 211 428 14 856 885 657 740 766 646 551 271 572 364 643 168 579 648 324 364 314 108 46 758 180 708 364 432 921 31 824 731 466 792 105 352 110 879 158 373 797 906 483 498 85 934 346 814 327 488 919 842 1000 132 871 112 541 577 258 521 399 215 363 258 673 22 961 931 198 728 285 969 835 532 448 794 750 744 394 165 832 918 862 448 138 142 14 114 220 746 600 545 389 29 10 833 851 997 805 89 475 800 45 209 911 587 548 936 73 880 332 347 640 574 907 473 497 788 655 926 211 8 250 210 928 364 392 902 107 101 606 899 130 968 205 451 468 586 600 943 652 702 724 936 451 780 70
584 742 737 56 883 482 174 410 668 690 883 731 246 735 666 481 709 902 484 621 146 122 931 510 614 391 65 717 245 820 911 235 6 402 580 807 764 844 230 650 757 760 664 40 249 97 930 1000 205 822 1 39 478 50 412 247 964 954 983 225 794 689 46 953 570 654 592 942 424 270 43 158 480 19 491 776 980 107 778 997 904 728 99 192 147 827 542 167 631 525 332 109 523 806 980 912 391 939 901 3 74 872 31 570 664 842 88 515 576 635 628 609 811 819 551 80 723 56 678 559 630 298 469 407 687 8 574 763 214 25 192 850 520 832 858 469 214 126 726 666 754 213 688 440 114 628 1000 89 560 533 361 694 97 90 748 245 871 903 869 104 92 377 281 310 317 781 303 152 506 621 591 343 788 197 8 81 77 45 117 700 710 786 614 220 533 395 467 418 946 626 589 665 216 939 777 751 771 816 82 935 23 858 61 734 747 32 687 698 139 871 934 442 821 900 57 185 634 966 301 453 262 724 138 259 807 308 867 357 30 333 392 97 167 454 167 970 670 672 955 485 781 639 857 772 769 771 334 281 823 256 14 423 551 22 349 237 558 908 366 944 836 337 2 789 790 794 245 912 351 814 82 545 166 108 37 846 872 322 436 643 346 376 66 551 125 989 470 165 217 544 55 666 680 552 251 961 940 418 954 936 532 707 796 991 647 92 664 218 224 295 774 929 907 14 732 267 442 733 122 971 181 626 449 630 704 171 708 971 764 292 772 401 255 350 264 984 29 94 708 888 215 657 266 634 988 672 659 759 606 146 672 72 613 70 712 401 312 80 66 748 69 549 15 76 371 77 146 571 116 740 506 664 993 523 705 899 281 943 788 461 183 922 103 262 311 405 419 714 707 178 456 746 900 98 882 955 472 351 331 853 211 32 398 849 804 232 110 876 214 823 360 687 344 285 640 11 866 195 75 927 92 162 802 676 678 602 320 678 270 185 47 148 493 100 857 59 393 261 668 92 584 598 229 64 67 303 16 275 874 954 134 959 987 364 373 556 740 181 142 379 807 755 258 380 376 171 536 680 115 894 255 932 816 170 293 780 390 955 784 31 230 665 199 908 225 781 394 874 375 247 657 915 484 270 891 8 52 102 680 387
857 379 241 289 31 484 449 500 119 113 471 569 729 504 96 415 121 497 492 946 178 932 237 437 451 63 122 196 70 273 370 455 481 245 960 347 569 59 74 522 228 496 763 222 577 626 892 986 951 879 386 113 62 967 443 538 58 246 535 175 523 886 324 218 104 86 489 272 480 947 969 472 804 749 135 77 827 464 647 326 101 211 288 679 809 370 70 123 721 487 494 264 185 522 12 643 669 832 528 925 26 660 482 704 759 33 551 664 240 792 511 681 620 143 667 374 149 397 823 909 969 330 759 43 878 879 377 673 925 667 187 717 233 17 613 470 924 742 84 461 223 871 37 293 450 999 144 860 197 312 767 322 598 205 962 68 412 26 696 170 13 369 972 496 239 68 489 383 524 874 972 761 504 689 218 637 928 222 198 854 482 207 318 804 468 278 232 999 985 774 330 33 417 182 352 423 685 726 24 583 383 789 166 245 848 858 1 159 623 832 265 622 466 487 576 562 729 396 141 268 247 576 124 281 984 427 153 933 141 535 139 596 329 908 772 59 172 240 433 172 83 600 840 464 809 419 260 910 584 678 229 881 155 980 763 276 991 965 730 418 98 53 447 937 840 107 991 18 926 297 73 296 772 991 180 892 142 431 76 543 386 870 308 827 680 670 723 526 598 120 457 250 512 674 544 601 697 821 379 921 535 986 572 198 447 78 607 920 260 585 392 186 881 709 980 262 659 243 422 376 980 537 264 694 842 76 718 760 59 640 699 484 218 689 336 819 943 10 456 487 349 695 780 727 979 664 912 185 477 982 333 805 995 239 441 92 981 995 213 556 419 411 985 138 922 766 239 380 753 726 369 390 680 507 786 374 131 228 656 221 901 273 116 37 523 140 906 416 631 431 662 80 481 597 466 965 341 591 556 365 354 722 777 448 323 180 831 494 710 19 693 693 800 165 404 379 120 986 645 786 300 856 564 658 209 650 255 722 607 990 788 202 379 785 871 309 665 262 168 842 67 616 466 871 682 897 786 603 47 204 919 16 610 548 423 744 575 279 30 72 818 5 858 178 88 713 255 5 178 236 179 272 923 729 805 243 20 25 117 85 958 91 994 204 153 482 344 76 535 358 328 299 428 766 491 896 265 342 57 950
86 271 167 272 94 65 640 54 714 997 270 135 811 889 747 337 350 514 504 145 193 620 952 574 825 53 770 158 860 710 433 395 303 735 18 235 319 817 74 822 484 97 68 601 156 196 813 725 464 824 480 811 835 237 638 96 845 680 484 579 446 142 14 198 956 597 221 111 861 650 469 247 769 265 514 434 535 546 340 742 59 32 235 742 25 227 526 298 217 656 736 708 466 630 197 924 189 210 319 679 921 268 135 162 64 232 475 790 348 847 721 734 698 982 719 814 825 318 407 324 536 739 314 57 794 624 324 92 301 51 333 527 243 155 180 955 645 899 252 473 31 203 329 123 804 519 736 534 891 372 703 734 488 542 319 795 77 109 675 72 639 397 448 496 69 259 823 685 526 228 461 326 873 489 961 730 429 789 723 381 548 458 799 950 743 957 323 634 53 108 788 467 90 653 945 286 137 39 879 967 932 571 133 65 478 701 635 36 308 674 71 873 769 677 790 349 448 533 88 149 404 715 97 734 987 754 53 33 295 932 787 687 139 543 110 717 73 324 168 839 545 619 854 417 174 246 178 397 784 827 437 725 347 372 127 913 249 470 996 566 120 94 266 966 759 963 914 738 926 396 485 232 980 190 619 831 296 777 477 403 734 207 752 807 133 767 199 938 982 503 110 889 833 526 347 822 254 29 262 526 481 834 713 153 1000 876 631 329 321 177 747 763 870 350 700 193 676 429 58 842 1 884 238 589 353 11 807 782 261 622 41 921 39 975 335 234 869 326 839 903 273 973 375 309 384 633 362 404 388 291 113 966 233 13 932 693 421 775 652 789 909 581 774 934 251 837 942 660 824 54 911 746 176 773 155 833 315 260 517 672 334 390 448 860 315 137 246 553 731 345 687 841 57 354 918 865 177 869 328 900 793 143 878 961 978 763 895 694 556 669 933 50 813 892 863 561 467 969 348 482 802 473 802 767 891 858 220 747 349 370 256 66 103 122 335 908 27 925 816 27 233 379 73 630 70 510 759 54 204 881 474 656 412 319 822 489 977 388 318 654 648 909 917 591 482 327 922 354 752 860 320 757 895 361 588 937 109 615 602 850 918 531 71 496 457 427 13 902 979 682 233 213 214 372 556 372 950 982 675 713
884 128 671 937 583 36 473 606 583 443 25 735 135 440 95 189 537 298 841 528 808 763 366 104 228 813 763 619 821 60 225 376 905 965 756 444 162 390 653 727 79 953 427 207 336 310 337 528 750 996 192 504 560 771 513 12 685 893 147 620 980 388 852 575 922 815 169 188 18 933 665 565 901 778 116 890 583 371 55 947 57 213 518 24 923 515 872 921 732 923 730 978 221 524 474 956 159 574 219 148 157 647 449 823 32 435 140 617 705 266 619 283 240 431 222 526 644 480 56 95 793 6 822 349 925 735 170 767 802 243 552 262 238 530 842 180 238 618 180 926 894 207 1000 600 739 739 113 768 474 730 609 728 222 280 857 859 435 948 524 54 501 967 2 454 891 89 890 72 920 816 573 694 426 146 328 472 176 655 222 557 345 419 785 739 252 204 234 166 891 420 366 634 447 311 318 166 651 224 457 88 146 198 604 324 128 517 304 189 428 492 861 451 788 997 607 498 485 968 284 483 531 203 484 607 522 149 513 174 239 76 361 719 393 991 72 414 103 363 752 436 344 361 722 708 861 402 661 156 477 886 855 587 562 7 43 870 804 746 489 363 522 646 730 943 695 412 975 443 635 306 161 568 669 679 765 753 5 973 703 149 642 375 695 873 409 811 335 605 586 694 225 349 821 968 161 563 566 413 667 187 293 119 140 920 927 820 999 28 632 331 826 492 452 508 282 373 534 917 21 359 563 545 811 952 333 655 961 489 120 341 261 397 625 624 579 805 878 267 18 380 820 398 69 372 830 935 644 552 13 283 913 341 295 842 507 165 962 707 387 23 78 198 215 61 755 825 144 151 319 234 225 59 448 271 125 752 995 738 929 933 110 970 148 565 565 945 997 92 792 948 153 445 858 198 41 767 509 880 748 396 433 96 645 894 726 772 184 612 130 309 40 87 58 165 128 40 23 336 726 712 646 173 116 475 166 110 186 203 624 367 689 964 993 203 370 124 878 445 334 401 419 260 457 239 495 999 26 690 723 922 180 170 185 915 156 813 360 642 755 671 61 457 543 638 698 928 35 802 451 561 810 906 590 15 463 450 903 24 616 649 346 677 406 524 966 152 881 50 937 806 575 529 146 509 180 705 393 161 708 662
5 513 822 945 805 719 528 962 6 865 818 371 425 723 686 194 584 390 746 679 419 342 983 492 979 594 952 630 166 324 917 386 196 276 926 217 812 681 808 630 841 5 594 705 335 326 658 776 574 269 821 626 345 163 588 879 560 501 975 282 880 946 85 504 953 849 776 48 153 439 780 85 588 425 929 302 601 520 438 722 956 5 90 604 796 137 106 386 284 898 117 621 893 446 453 904 744 829 263 84 748 460 665 378 100 37 506 855 740 307 220 67 671 265 285 801 380 211 943 521 966 513 540 437 788 586 710 828 664 777 285 468 659 885 326 411 700 973 715 485 982 122 48 768 857 149 831 696 303 55 617 886 554 755 759 961 135 361 653 872 386 879 256 266 835 519 35 456 490 27 89 84 872 811 915 905 36 221 476 616 481 898 736 83 747 298 352 861 956 624 190 980 140 661 835 777 123 661 191 859 513 267 345 169 168 929 953 229 486 879 805 230 257 266 935 63 227 165 929 628 310 995 790 65 646 393 546 640 876 992 455 218 101 427 936 481 825 321 699 62 763 393 238 669 475 493 843 543 986 201 946 266 165 534 701 123 568 326 415 911 172 937 141 921 482 481 505 956 275 577 377 102 568 510 781 998 604 337 167 352 908 98 377 389 983 115 994 144 511 597 290 991 339 395 592 561 183 322 789 30 326 210 470 127 980 292 467 645 379 577 797 971 961 702 713 372 493 973 952 650 203 557 982 884 681 686 180 369 193 620 195 308 301 993 727 251 727 997 601 66 431 11 215 567 73 211 528 520 679 121 772 857 243 686 114 701 294 949 104 198 695 595 731 684 2 273 51 999 437 90 993 288 321 917 583 710 10 528 426 359 925 728 604 546 845 186 14 587 208 184 928 853 230 105 216 955 125 274 600 902 758 528 980 332 692 990 394 415 715 28 69 611 851 715 435 114 850 765 914 277 527 152 439 373 892 678 23 977 28 56 438 639 545 670 395 165 381 744 375 565 137 368 942 922 379 262 557 146 167 162 156 153 114 603 816 821 128 164 317 515 581 589 99 574 509 423 475 557 769 16 745 60 242 433 144 243 948 775 6 248 917 844 366 248 793 95 855 489 604 397 440 344 488 784 43 228 999 687 855 51
464 516 245 946 39 619 948 186 203 72 267 85 793 340 773 91 347 665 81 434 773 316 76 525 798 960 458 251 703 159 177 313 443 333 954 932 109 724 526 440 951 170 602 47 510 126 868 753 664 761 161 839 641 810 60 292 520 41 344 49 105 534 761 767 734 196 523 415 173 235 686 215 444 266 678 465 94 246 925 479 4 719 229 678 408 104 204 418 90 550 704 295 374 344 255 273 678 687 339 228 39 411 427 705 865 442 71 160 87 73 59 557 197 270 943 644 103 392 515 697 501 260 199 102 686 948 508 577 829 459 299 65 957 604 835 914 485 130 145 69 496 448 131 676 703 26 715 190 593 1000 737 47 809 733 810 821 77 116 822 330 246 56 227 597 972 741 275 357 175 713 850 376 417 730 848 284 166 449 449 184 4 136 94 557 744 442 886 241 653 930 160 675 893 267 735 120 118 828 390 95 688 227 4 157 44 896 363 87 896 314 605 326 868 931 767 805 573 886 957 603 453 993 977 660 804 971 860 580 546 202 319 532 210 495 745 346 130 383 364 523 573 603 228 635 285 676 515 132 516 23 429 441 681 613 190 45 545 301 283 122 789 644 721 457 800 384 530 488 255 722 948 893 524 556 385 558 298 301 412 850 726 33 839 263 495 329 749 699 219 747 463 883 367 727 314 466 369 89 773 370 751 670 213 846 240 804 443 671 753 693 262 651 376 711 18 280 562 63 350 370 420 34 448 986 623 538 912 687 890 990 313 824 815 235 349 346 484 112 737 815 755 755 191 500 105 379 202 277 918 499 45 730 135 917 348 870 431 889 981 450 296 432 160 322 158 998 657 188 730 162 361 288 63 945 691 874 252 340 38 873 178 913 56 438 435 197 156 792 804 384 522 123 115 925 279 451 523 408 610 262 21 402 400 191 389 801 12 754 381 117 780 329 341 130 696 36 640 734 193 212 21 594 691 587 626 238 301 101 205 726 876 870 932 247 239 483 601 791 589 904 330 125 38 586 334 529 660 871 617 93 523 472 126 244 218 452 319 427 938 372 16 924 234 119 340 410 247 670 878 433 250 342 602 247 387 649 39 533 816 564 830 312 276 481 795 732 491 480 14 56 680 390 474 234 614 640 180 797 614 863
481 562 980 397 164 819 980 108 267 777 771 766 451 962 900 94 319 473 893 218 710 3 70 96 927 94 189 378 5 443 421 520 467 297 942 719 357 529 378 731 174 103 523 541 506 117 381 298 882 555 215 226 899 397 367 869 344 617 630 573 577 281 291 780 87 633 979 734 379 864 118 375 673 545 658 336 141 337 691 866 117 347 166 428 24 980 920 370 228 412 4 166 679 203 681 545 458 370 416 265 239 177 809 722 469 169 852 939 384 835 752 60 30 386 225 909 984 329 699 412 692 44 509 559 484 821 203 555 178 70 661 179 711 191 265 831 661 514 140 719 628 789 176 675 522 891 322 298 564 548 138 734 495 751 632 114 138 281 317 309 695 206 560 997 632 807 799 963 586 854 228 688 454 761 851 328 581 130 772 874 373 506 460 564 994 169 842 61 669 958 110 83 627 640 34 607 957 706 996 525 746 152 274 826 867 72 182 928 848 973 534 24 17 634 912 236 451 90 851 846 706 465 546 245 884 187 208 322 921 650 347 618 27 135 345 382 68 932 74 24 640 737 124 52 164 719 300 688 286 308 943 753 928 90 891 210 985 451 618 815 995 288 567 949 6 831 61 750 294 234 316 94 972 948 678 566 496 628 616 883 905 147 392 717 556 476 386 805 826 467 850 202 962 980 226 288 278 763 977 852 523 254 137 712 313 406 47 230 98 223 451 977 810 378 473 523 357 514 497 28 640 772 785 764 817 897 725 366 411 215 164 356 509 750 935 674 956 416 161 538 783 158 436 941 189 484 994 519 215 806 970 203 670 740 255 362 585 832 923 97 271 283 357 651 125 494 289 386 608 593 862 223 324 448 827 2 894 818 310 261 813 851 142 566 566 616 577 642 919 129 718 796 175 300 689 884 98 806 995 695 446 835 479 448 855 690 731 976 448 194 869 104 160 422 177 522 919 153 326 227 660 888 445 398 285 153 103 188 740 592 861 195 166 487 601 551 198 451 662 516 498 857 102 18 953 893 205 455 40 911 786 662 584 105 551 446 223 871 800 314 646 745 609 234 963 587 177 664 356 381 107 492 827 67 659 162 708 315 158 259 564 832 751 821 104 62 860 587 892 920 52 203 255 211 87 262 259 854 89 270
502 187 257 1 308 940 473 229 381 249 808 900 741 424 117 773 229 885 9 118 338 768 111 464 714 503 800 24 231 215 360 38 321 776 398 422 668 954 547 402 230 320 428 75 634 971 828 525 767 452 694 448 599 788 544 851 776 488 282 183 848 417 928 913 841 418 217 677 51 574 221 473 976 589 925 251 571 521 886 122 82 702 378 921 902 442 10 14 266 643 500 648 162 864 198 482 838 135 896 308 445 730 651 746 956 210 147 659 403 673 3 674 304 23 392 453 738 333 533 612 238 345 70 132 50 687 81 294 45 810 303 314 815 559 705 828 167 119 94 749 658 70 959 307 26 798 742 939 378 722 184 631 405 652 514 758 425 917 126 121 536 476 308 499 991 455 393 110 446 948 234 390 993 205 330 492 662 730 853 388 403 532 774 570 286 855 113 601 44 668 460 269 895 947 208 158 452 400 782 625 283 371 157 618 532 176 436 153 962 280 919 859 244 126 575 18 427 84 35 629 456 680 938 809 311 933 601 451 728 782 65 105 947 820 112 415 309 519 734 838 20 831 385 373 130 818 485 91 17 28 155 516 228 654 84 835 93 567 200 619 531 73 141 297 841 993 427 452 258 601 247 321 860 988 49 577 761 1000 100 557 968 673 419 313 612 60 884 115 103 439 66 586 711 221 602 859 739 884 285 694 509 297 192 589 448 22 289 468 600 334 307 564 282 654 658 522 88 97 821 529 508 349 235 378 118 325 521 853 516 299 737 316 383 254 423 936 915 526 281 610 613 914 247 445 966 477 264 969 834 877 627 821 209 139 561 664 132 830 830 572 16 82 264 885 721 180 370 266 707 631 952 199 409 474 179 731 667 99 308 677 821 107 189 488 658 666 542 704 430 45 918 196 982 984 402 401 702 436 201 384 683 713 576 759 1000 666 293 413 675 584 410 528 406 193 400 973 145 989 525 797 346 570 477 38 860 84 247 700 761 78 733 572 962 177 854 369 901 801 275 914 807 471 487 341 320 616 378 819 912 863 189 865 559 686 182 175 91 160 914 582 543 218 490 345 886 105 538 159 147 735 565 230 869 832 337 994 870 296 310 85 274 211 405 942 13 972 446 226 390 478 13 452 883 647 385 806 1 97 984 969
234 413 260 247 25 608 102 474 727 430 596 683 517 93 253 460 294 219 994 60 382 588 33 908 864 128 783 869 606 22 644 729 601 830 906 713 497 563 150 833 409 159 917 553 474 273 355 409 165 196 93 726 587 805 798 680 644 344 614 445 945 199 832 297 581 700 334 49 951 513 381 520 105 40 342 261 724 762 954 966 662 267 679 281 960 441 797 537 457 461 473 479 778 581 326 943 113 706 635 180 829 117 255 761 701 694 914 724 131 215 139 215 505 684 343 193 973 342 746 457 494 813 48 647 858 178 834 996 60 179 457 78 69 464 32 19 905 493 762 422 517 978 89 424 238 871 142 799 52 601 421 244 348 313 646 504 426 405 59 662 904 518 10 331 39 622 807 442 208 227 344 13 28 97 863 57 874 434 880 857 502 715 505 990 383 858 102 600 388 595 324 13 982 393 644 268 420 636 982 68 512 556 540 385 107 504 101 415 675 105 510 750 443 820 517 613 26 119 750 614 481 892 786 868 777 312 47 621 900 432 681 611 284 685 943 3 846 486 917 920 254 360 591 480 388 106 304 644 780 618 632 54 340 315 557 241 951 846 581 410 936 909 580 819 676 30 441 472 904 566 650 745 595 992 150 639 752 490 312 650 925 547 47 722 297 970 683 15 152 329 727 898 719 62 784 810 251 32 933 664 169 820 269 244 751 391 858 232 764 722 736 542 621 789 334 630 601 146 978 825 798 839 975 104 254 450 529 908 395 975 355 158 823 460 180 865 572 986 793 296 958 380 20 541 278 816 505 54 959 126 168 859 861 1 407 856 561 698 951 765 66 335 338 73 160 389 138 953 311 555 718 42 595 900 125 874 821 471 520 769 147 499 841 858 841 124 222 909 963 158 830 315 235 925 2 56 889 935 846 265 100 920 785 187 792 449 649 535 853 827 336 854 133 944 190 322 724 700 403 701 149 870 693 581 459 283 826 258 620 556 188 139 630 881 381 911 156 249 712 714 21 690 895 125 207 798 314 785 7 314 331 101 759 289 943 791 695 478 826 835 554 164 454 110 96 358 412 901 185 166 213 76 956 771 7 94 931 684 411 86 129 253 465 680 54 895 967 420 641 461 120 32 407 349 206 248 602 808 447 732
356 804 465 545 371 717 872 131 898 395 69 300 429 289 299 757 121 220 448 334 456 290 193 885 897 654 815 493 311 389 638 944 92 962 122 461 65 581 455 884 438 263 507 265 405 106 238 515 718 787 657 161 524 443 196 7 493 902 392 856 860 988 914 352 386 657 127 571 652 741 759 87 946 402 676 160 316 421 528 132 295 333 457 851 480 295 935 892 928 794 949 604 490 627 988 637 143 178 944 261 656 513 894 17 424 727 818 26 282 869 550 840 509 384 898 849 895 219 438 771 21 480 421 746 202 715 820 699 749 95 92 653 227 318 385 208 425 381 591 678 912 703 968 466 649 444 375 399 111 232 71 316 532 118 598 768 458 779 959 424 678 360 585 429 648 176 246 962 642 606 520 556 437 338 257 395 323 506 749 457 39 512 577 524 212 678 55 833 163 58 355 306 802 81 911 221 243 511 800 306 453 922 551 420 546 79 44 750 68 177 684 213 706 95 390 157 942 541 840 766 310 371 69 146 567 333 671 439 230 128 45 81 499 333 36 882 755 413 641 745 286 381 457 239 274 191 479 186 164 836 781 465 969 733 923 356 778 827 138 611 732 670 832 403 781 576 67 196 311 998 372 689 281 546 242 655 829 103 569 343 394 237 635 864 327 14 10 456 708 890 442 802 648 737 381 309 512 238 587 722 226 306 214 741 649 359 575 779 490 587 365 836 714 943 388 85 887 11 590 899 771 31 604 559 710 398 646 789 664 323 510 214 446 803 665 564 613 774 215 502 38 481 790 911 224 335 484 797 1 712 266 300 682 705 783 141 652 777 454 821 751 640 685 867 211 292 548 504 613 189 747 930 203 319 408 352 23 99 304 357 938 748 198 592 151 178 424 750 293 120 383 770 604 152 987 99 311 258 779 528 424 277 658 906 466 961 914 291 784 768 695 713 943 575 352 262 675 973 995 980 747 14 228 339 235 329 799 204 817 441 270 920 351 25 748 856 663 317 289 14 526 922 977 279 141 218 375 120 654 377 351 123 521 185 438 257 89 593 947 457 511 313 375 539 530 793 841 742 44 352 431 941 638 811 269 576 186 487 511 338 935 138 251 907 265 623 707 101 242 948 254 909 253 35 202 718 537 244 134 549
698 855 507 359 882 511 383 682 60 197 682 642 237 436 531 488 193 47 729 352 43 88 281 358 121 498 153 526 541 910 179 977 814 647 99 530 638 153 882 386 130 311 223 597 784 343 482 81 955 491 347 805 408 213 981 792 353 21 990 504 913 501 206 204 559 515 964 995 121 706 870 472 793 990 768 230 616 783 103 346 982 154 105 196 803 573 741 658 326 371 702 81 421 107 769 554 45 305 956 641 394 825 823 474 483 277 832 351 309 835 559 851 26 193 502 182 82 210 880 353 694 596 436 193 998 745 970 66 980 686 85 542 722 867 746 45 621 130 17 540 947 500 450 964 610 677 835 260 282 939 30 421 946 580 278 541 43 278 140 473 213 758 884 215 249 151 29 920 652 681 691 598 277 135 499 424 371 970 920 4 446 430 715 59 519 107 511 977 599 862 869 750 894 44 415 713 140 505 790 504 180 149 797 525 414 822 898 135 516 898 954 431 285 273 88 245 119 471 950 664 373 584 101 912 872 524 548 525 188 531 221 141 17 95 337 237 321 234 127 49 429 186 36 95 943 490 496 891 900 673 715 897 748 217 777 418 309 769 747 649 212 147 569 698 610 475 795 482 172 44 353 569 845 214 824 343 927 122 750 216 452 110 121 742 766 764 343 664 533 799 967 529 593 576 152 944 701 664 49 672 276 603 8 506 592 776 432 587 55 133 338 437 644 432 69 443 246 575 532 371 530 401 151 438 268 381 305 996 624 93 452 18 332 739 117 405 508 460 180 607 123 376 38 245 579 16 155 895 53 962 727 293 892 477 690 332 932 60 931 915 241 857 686 247 460 261 846 715 896 816 925 481 455 397 120 240 191 818 828 885 809 879 375 118 358 608 838 723 733 805 471 937 149 992 62 435 750 221 71 742 829 456 682 594 485 808 913 960 955 784 632 134 103 713 603 9 432 419 256 516 951 736 748 125 602 235 451 351 223 587 915 333 93 451 627 833 866 187 746 738 531 339 991 968 745 975 67 336 893 621 20 114 257 421 959 639 180 654 513 351 864 35 459 128 330 574 211 176 885 314 549 634 153 923 528 274 261 935 600 701 283 458 802 744 160 301 269 719 450 218 930 623 170 602 197 455 135 898 219 743
341 178 405 839 778 313 414 874 487 406 159 793 374 925 50 436 847 944 661 257 181 939 538 342 699 212 391 279 846 139 132 907 936 369 716 839 472 526 540 612 212 141 182 660 345 698 789 557 272 3 690 728 766 444 191 71 986 267 94 217 112 843 304 564 512 335 613 255 299 845 287 807 355 694 810 714 808 56 715 763 907 580 670 674 117 587 46 24 169 580 265 887 541 81 842 645 600 887 441 198 248 501 558 772 826 350 466 48 869 313 263 869 786 121 408 669 799 365 802 911 567 305 727 104 765 204 975 826 873 620 659 728 699 332 289 281 280 625 89 240 798 45 87 628 392 359 589 192 670 447 348 954 276 254 641 169 887 645 984 673 529 523 303 184 592 896 918 114 567 179 32 248 377 527 527 488 140 567 974 745 430 916 595 480 170 43 382 851 89 19 666 326 857 147 27 617 62 801 189 132 312 302 840 872 888 706 989 112 519 703 162 814 914 419 665 160 556 675 303 327 180 138 460 169 457 413 185 130 311 395 139 565 332 566 246 414 379 820 808 90 542 338 621 956 468 886 765 943 97 784 770 549 568 807 643 587 889 121 582 262 625 100 156 897 337 330 885 418 20 552 101 104 185 723 960 815 432 816 971 903 267 325 57 149 767 780 281 710 128 381 356 352 668 158 947 852 468 472 669 832 45 348 312 329 727 526 104 764 323 904 57 362 729 711 544 414 701 883 365 779 568 569 605 372 461 281 142 907 73 821 889 313 644 87 711 200 673 988 441 41 42 830 950 542 290 568 939 553 185 421 936 571 552 93 137 942 256 106 697 143 977 689 453 657 639 827 850 710 2 954 244 53 231 11 741 243 773 798 951 157 387 545 902 789 153 161 873 541 879 923 778 766 590 408 992 491 829 285 5 984 857 802 238 697 324 312 573 750 803 499 947 818 36 373 447 903 130 702 639 462 133 577 614 825 677 542 340 984 667 8 729 919 994 732 723 502 566 871 564 153 10 346 490 732 849 844 408 382 581 29 665 506 47 938 127 481 79 91 584 410 330 239 268 671 459 664 81 456 931 552 859 866 573 955 456 594 316 544 618 553 356 499 999 869 980 745 223 846 442 78 424 127 522 354 730 130 556 433 942 683
855 214 982 245 227 247 228 350 24 411 281 294 58 16 541 429 308 942 690 807 575 399 612 745 308 779 753 588 706 647 732 174 483 466 476 878 293 411 42 100 478 971 632 331 191 652 881 520 901 29 875 740 836 956 501 889 180 237 278 379 756 626 617 114 337 7 596 362 937 358 397 613 770 116 969 865 906 347 339 931 735 338 836 313 146 181 810 989 24 604 869 846 881 65 473 556 751 322 226 960 514 107 3 383 221 419 548 265 980 340 260 548 27 77 969 547 271 713 575 657 370 75 592 570 957 727 970 392 899 590 263 933 841 776 19 355 427 26 967 303 261 17 377 51 596 61 243 566 726 542 669 470 98 609 943 347 74 546 714 261 357 101 148 982 80 760 803 819 869 470 461 814 242 994 183 949 733 546 829 282 958 531 349 840 748 486 686 800 864 257 419 635 573 588 870 839 204 87 880 26 556 550 878 589 59 150 818 945 847 450 352 190 419 422 867 606 304 440 198 3 699 95 845 731 558 136 132 262 454 827 607 883 696 903 734 179 732 6 773 28 614 867 374 328 19 62 442 270 243 248 603 109 462 215 955 77 655 712 236 111 236 229 102 450 599 116 333 446 324 487 957 167 815 412 483 718 162 332 390 816 459 189 549 104 696 643 100 464 575 941 506 108 76 765 247 686 815 380 874 132 86 627 693 777 423 484 484 387 703 141 625 886 434 509 191 953 475 295 564 98 918 615 919 571 164 337 382 229 611 646 835 757 243 254 457 707 838 879 401 516 962 507 448 552 668 807 888 147 209 234 354 855 340 67 73 314 121 488 185 763 474 646 991 953 901 686 480 2 413 74 594 38 534 443 193 28 539 963 648 130 208 774 877 353 424 334 983 215 367 666 635 198 555 955 270 207 799 925 5 965 256 979 329 763 904 866 513 60 38 683 307 15 625 725 829 974 112 26 798 985 400 998 537 856 432 765 449 365 859 942 17 940 651 754 638 717 463 145 602 37 162 851 854 690 732 646 476 321 585 274 785 943 885 545 480 21 295 349 913 358 19 70 790 75 925 453 835 805 5 537 428 878 115 808 744 492 829 858 809 94 811 906 124 276 14 399 96 899 863 545 850 645 529 979 241 406 878 227 124 703
333 623 2 705 532 425 711 790 991 821 582 595 170 543 794 650 950 650 987 9 85 181 769 239 232 179 333 350 401 881 62 355 446 682 132 513 845 509 204 719 312 533 8 786 208 345 424 211 763 462 720 959 909 238 317 43 869 347 755 398 588 236 418 955 581 395 79 94 100 109 319 555 127 498 50 885 735 90 749 711 631 33 211 38 740 129 846 907 635 542 233 636 579 431 405 245 276 354 153 658 886 348 648 469 956 177 460 271 986 522 478 61 877 310 224 554 233 494 309 932 927 592 681 653 594 600 810 805 566 376 666 1 752 556 812 748 130 76 115 228 753 674 656 135 866 21 165 507 165 7 556 266 375 392 839 211 496 3 834 267 703 250 877 333 139 425 270 369 335 332 151 20 518 858 317 756 609 505 679 3 666 239 83 923 484 469 673 211 853 840 496 913 140 126 966 514 465 575 121 6 328 189 634 555 690 195 644 617 636 829 388 544 71 674 17 201 858 588 886 866 927 305 78 908 788 119 176 455 355 119 206 578 881 993 839 956 853 391 285 959 203 267 415 588 119 690 427 240 260 391 421 103 435 816 543 189 167 140 885 285 154 656 678 653 146 538 799 875 713 771 215 506 548 976 174 212 248 190 151 401 79 481 359 711 908 327 672 678 90 225 66 606 952 543 19 28 691 97 589 580 982 616 773 83 108 792 379 247 958 604 432 543 987 349 384 970 748 406 579 434 574 554 860 710 167 789 698 552 932 735 821 654 949 983 46 994 307 779 210 222 169 583 408 451 931 237 442 801 481 227 754 727 74 502 806 438 423 724 275 743 309 993 448 820 756 271 728 686 885 508 713 964 45 458 510 367 513 27 670 482 168 546 855 316 306 108 502 496 77 73 903 176 450 455 994 357 490 513 284 543 347 398 634 137 470 19 642 573 89 994 376 289 154 361 798 328 329 761 423 506 620 816 841 6 153 136 990 212 928 378 231 410 339 395 134 989 578 450 599 590 532 987 42 658 607 609 857 849 242 343 707 37 738 981 147 548 597 579 69 922 763 316 383 427 659 502 291 385 941 517 378 207 283 529 916 239 228 497 278 183 499 761 561 119 971 216 481 815 887 77 425 518 802 707 730 262 813 73 121 785
912 103 366 505 834 230 483 81 913 898 490 378 264 873 155 935 509 130 52 851 168 715 896 207 588 510 884 617 155 230 492 273 480 7 111 408 270 740 944 744 741 241 522 869 625 292 882 109 977 299 609 874 52 257 893 652 169 934 246 660 141 631 525 937 597 977 472 137 482 10 145 215 736 806 551 353 317 293 854 953 962 53 945 326 475 71 236 398 261 461 160 263 799 762 895 927 117 142 253 519 998 991 222 911 891 462 172 108 322 468 332 531 388 805 186 191 157 287 978 413 13 791 626 495 98 67 769 86 434 948 165 229 759 899 108 234 241 49 332 89 669 78 791 398 989 996 534 364 101 734 715 36 840 529 129 553 521 101 486 594 765 457 857 336 96 851 336 708 89 124 410 109 346 54 242 270 610 652 570 992 49 993 341 886 362 128 642 811 823 781 844 485 980 250 614 501 122 220 222 709 133 5 626 138 640 787 879 707 11 982 11 80 997 180 269 588 271 215 888 940 115 97 812 345 919 245 576 624 849 7 186 622 201 629 432 790 520 530 38 117 104 228 183 669 51 82 759 110 296 257 750 816 388 560 409 366 488 987 34 595 933 245 72 580 463 876 60 378 695 445 475 592 391 617 654 434 186 54 597 861 330 597 485 13 731 154 21 891 520 268 322 547 614 511 841 887 479 934 645 95 296 118 263 134 523 30 546 888 229 395 784 833 512 246 365 338 260 140 857 309 924 696 961 381 254 317 73 601 647 638 26 27 877 905 696 308 346 632 453 270 700 306 165 388 374 236 806 92 698 472 600 805 106 120 223 529 263 879 33 310 656 662 587 501 947 497 568 719 941 432 481 19 530 361 289 33 476 55 960 970 500 403 3 330 363 984 203 89 639 20 522 561 488 367 950 256 781 165 90 401 32 383 718 391 612 105 669 636 513 45 37 393 463 533 856 19 617 151 46 354 128 695 927 92 559 795 169 198 724 860 947 886 935 661 986 827 998 90 276 475 984 830 422 350 691 148 187 887 595 722 368 8 122 66 959 571 867 977 795 633 452 898 964 108 623 590 336 187 772 340 936 153 921 475 728 48 918 673 871 662 222 927 146 787 108 78 806 890 596 556 388 959 369 504 84 329 721 929 178 807
855 553 748 924 147 505 554 335 262 679 307 727 228 472 578 283 941 431 315 732 553 234 165 162 304 496 373 674 389 69 781 278 490 995 61 274 897 791 652 313 109 88 98 498 153 891 796 329 50 721 973 636 439 494 821 681 213 535 598 188 76 713 483 132 679 318 300 873 118 582 838 524 855 728 477 505 132 394 971 566 672 23 692 360 392 41 263 522 930 74 670 379 163 501 876 248 290 450 825 117 667 163 620 760 670 274 302 855 833 556 855 776 866 860 229 261 12 421 379 371 569 79 783 897 586 703 273 502 446 559 523 901 461 72 55 367 75 703 150 548 64 510 687 265 862 229 823 687 63 350 24 960 640 924 716 994 348 284 619 527 208 107 102 368 298 77 554 514 126 980 475 781 249 373 978 283 876 954 887 54 738 866 616 877 251 71 698 974 710 662 219 399 436 318 624 379 540 807 889 374 917 559 335 217 9 806 798 571 664 747 671 596 77 505 78 193 921 738 373 513 485 997 15 200 591 651 213 64 327 575 527 757 531 162 134 779 887 992 379 846 950 810 139 971 363 734 193 561 479 845 894 826 992 645 810 685 572 183 889 347 71 334 493 880 761 801 205 298 493 552 61 54 64 475 336 747 80 593 973 180 368 398 375 876 71 546 216 646 910 451 561 472 839 981 567 284 670 539 708 491 145 211 150 543 519 88 818 416 443 45 61 418 958 928 141 878 906 722 47 666 564 150 876 267 515 432 112 774 475 446 730 429 335 413 821 534 875 288 63 976 526 195 721 136 800 562 946 360 199 739 356 41 356 693 848 374 186 950 961 308 941 444 220 326 550 547 124 288 918 686 504 422 651 726 339 299 230 468 598 571 363 736 631 669 998 440 432 88 303 115 494 151 358 189 628 188 908 678 772 350 240 930 862 240 819 252 855 188 475 148 718 699 765 593 774 258 86 830 75 692 506 439 888 623 784 673 557 452 758 94 870 374 488 969 956 383 120 655 76 91 410 793 65 885 926 383 319 381 526 259 22 215 884 132 67 704 906 522 244 980 384 986 992 896 467 968 171 859 444 26 877 133 197 1000 384 895 294 631 276 635 322 447 142 436 596 150 684 562 506 282 208 125 288 892 439 589 597 898 786 302
848 591 668 284 43 851 77 215 854 664 160 569 789 334 59 82 160 499 957 536 777 838 668 209 386 190 525 313 199 822 50 238 223 650 142 33 524 85 726 556 509 368 116 527 485 328 964 401 721 571 39 431 709 518 565 45 396 905 727 594 898 356 46 292 963 192 792 957 674 862 781 388 953 618 56 566 684 206 554 35 138 754 878 167 579 518 18 399 23 854 169 228 670 990 628 116 575 676 447 535 181 14 420 982 809 501 891 879 44 220 856 970 488 85 222 125 416 813 77 601 595 475 225 44 719 467 178 400 707 494 633 85 729 438 974 589 303 480 700 45 407 378 916 513 846 601 782 569 615 245 268 506 930 64 993 121 973 150 347 544 842 16 696 498 860 637 822 598 466 954 405 299 815 443 671 859 553 637 895 222 33 14 247 476 620 100 543 863 131 91 38 904 605 231 95 138 384 772 781 694 948 421 809 611 27 567 369 972 752 520 114 553 427 474 192 422 189 707 729 115 799 709 454 951 643 780 96 557 496 362 382 100 625 95 540 553 773 902 710 887 616 188 372 768 479 827 207 492 149 879 481 192 212 344 626 527 745 248 460 425 310 849 888 510 402 14 430 409 229 899 495 446 724 482 371 879 679 768 506 790 13 220 986 357 295 806 559 296 982 170 212 953 66 95 211 365 157 949 872 93 530 148 43 682 279 940 524 332 179 681 314 193 927 456 573 239 856 612 114 116 677 533 11 664 614 91 824 562 457 317 564 763 913 631 186 932 797 622 542 188 422 190 88 721 762 830 155 65 543 427 39 290 479 783 894 524 574 918 763 22 784 541 285 71 634 827 385 271 486 77 544 726 684 156 173 490 859 820 165 12 321 747 870 740 650 376 935 975 574 39 826 979 133 206 76 36 714 781 58 166 199 771 271 8 714 127 218 367 322 87 518 483 133 355 455 757 115 505 799 989 524 864 75 176 507 940 67 917 241 579 683 540 161 175 223 329 127 226 739 201 343 629 25 333 70 787 378 587 959 848 371 90 369 868 294 520 361 648 245 947 713 964 416 607 739 979 599 269 144 231 308 835 771 850 17 153 647 835 559 274 732 85 337 7 489 527 489 572 768 793 75 523 160 266 933 604 717 266 500 212
166 238 478 917 634 373 766 902 4 754 991 276 274 568 772 9 995 956 748 647 858 116 721 532 984 508 482 687 780 297 521 932 570 638 457 75 175 839 510 906 134 312 271 729 114 881 409 904 22 73 824 857 262 255 33 822 553 704 200 477 404 924 968 823 940 985 982 332 588 172 753 539 687 992 410 633 511 531 521 552 221 976 268 508 865 163 867 348 715 283 706 80 523 654 587 186 683 531 8 940 455 304 993 448 211 359 479 63 80 293 262 466 844 154 34 306 818 611 818 422 889 131 264 528 954 446 381 543 462 681 974 558 355 698 11 114 90 5 743 271 424 109 80 844 828 256 573 981 657 695 806 197 772 728 729 326 855 540 924 78 744 853 43 807 88 595 251 708 877 349 234 131 885 333 825 758 450 577 182 138 95 247 938 487 82 15 571 46 120 461 684 138 273 911 768 132 353 768 760 814 876 324 771 556 590 54 632 549 397 524 1000 617 266 300 979 318 673 432 874 324 996 668 913 904 778 706 123 187 704 949 741 604 519 985 871 876 110 296 613 378 805 743 796 365 690 789 65 109 490 902 276 587 623 981 407 334 467 135 551 832 603 702 912 456 289 290 282 921 189 652 116 553 870 29 942 247 129 722 369 17 926 871 885 549 328 295 311 512 69 865 256 223 515 16 616 260 861 485 578 699 781 159 843 127 521 339 946 94 141 126 716 106 893 819 912 901 610 44 612 824 505 864 243 667 627 308 113 840 411 84 484 48 124 978 374 227 130 938 831 773 720 48 600 97 435 662 814 150 769 683 303 689 497 238 410 489 989 218 396 893 646 669 708 838 637 177 63 345 908 635 799 997 528 213 605 611 505 761 774 565 546 272 285 223 529 825 219 469 6 401 534 680 892 840 737 154 215 542 521 721 598 727 594 63 472 927 522 980 705 469 903 8 529 9 803 45 697 439 123 763 266 421 322 294 363 221 503 984 302 475 251 752 319 381 549 717 513 947 325 164 789 645 300 982 852 385 535 899 113 824 869 328 712 148 486 826 615 426 450 359 371 475 780 746 425 916 401 939 515 785 369 181 921 379 144 8 58 206 325 349 937 182 682 488 505 135 731 669 674 421 231 253 326 703 8 336 284 25 852 859
215 773 734 900 773 301 922 271 256 714 415 150 2 990 909 669 21 562 236 53 84 291 887 434 649 754 149 634 606 660 80 790 995 234 766 806 832 768 162 185 256 248 76 41 870 565 742 84 218 193 873 179 39 943 809 90 293 157 995 69 164 682 144 89 391 637 825 310 101 866 808 2 558 294 818 911 345 767 44 39 102 564 741 130 520 755 783 994 204 386 286 706 217 822 872 720 721 118 159 129 744 794 40 606 478 748 264 163 783 552 736 950 701 25 203 260 44 486 656 371 712 464 10 168 859 818 919 579 370 901 532 133 667 428 948 666 762 529 469 788 502 987 34 193 561 509 424 213 344 827 404 31 227 879 320 818 766 221 907 696 468 230 866 527 129 88 529 222 763 101 800 922 397 464 172 940 984 722 624 510 669 95 355 865 116 32 585 188 415 867 912 312 680 150 774 566 584 597 771 612 138 831 149 595 586 612 136 195 955 94 272 723 797 744 789 683 614 261 956 499 787 312 656 411 932 988 92 306 794 57 14 982 641 325 547 925 76 289 429 741 685 85 889 838 79 920 522 607 815 929 120 651 915 774 962 559 351 540 214 825 149 182 225 895 429 147 725 360 960 572 186 977 391 438 754 674 804 1 81 429 63 24 119 136 956 829 192 118 307 589 539 332 538 246 32 533 114 197 693 199 415 42 95 594 491 732 382 817 814 50 618 185 81 77 604 565 565 984 28 797 403 115 247 553 528 367 956 259 724 26 619 480 263 724 448 307 540 566 388 58 578 404 93 846 431 135 109 409 838 519 590 772 287 832 407 755 12 391 60 729 749 205 250 632 237 17 581 198 986 180 317 361 952 756 122 22 899 898 999 94 102 974 359 972 976 630 995 861 69 964 620 459 863 877 30 36 194 800 667 664 335 796 328 153 11 86 13 536 406 621 537 704 429 184 582 358 993 222 260 191 840 342 984 772 689 923 451 970 429 973 479 639 128 240 77 584 287 801 178 949 922 490 371 563 897 496 577 727 920 850 919 934 729 887 460 505 250 6 578 916 320 211 849 877 44 411 652 975 348 269 431 754 556 152 894 540 366 430 981 542 979 150 539 860 578 368 203 974 809 802 498 343 781 773 944 424 639 348 712 38
563 218 135 603 471 682 64 93 185 950 953 390 732 139 874 446 371 62 840 622 264 234 606 223 241 653 333 948 814 14 559 733 820 597 108 499 778 432 341 12 716 361 417 536 502 344 198 900 349 709 866 186 831 235 814 329 504 371 512 1000 864 917 121 429 231 841 14 697 504 119 465 652 979 613 954 767 416 570 508 74 108 714 772 366 532 624 172 630 898 957 44 447 198 280 489 376 181 142 811 273 800 811 324 345 614 952 337 20 244 91 318 696 869 335 105 201 691 586 909 787 998 253 826 822 52 780 495 432 224 186 125 455 249 430 753 869 589 598 134 97 293 138 68 740 949 978 773 828 484 26 985 156 459 212 713 261 196 311 644 478 610 969 531 872 793 203 543 52 323 959 685 970 972 5 52 906 498 109 143 633 766 182 442 25 859 62 686 259 983 200 594 958 610 506 998 823 945 347 354 106 282 944 350 66 551 946 726 956 62 678 726 972 525 622 244 764 62 611 367 228 156 81 580 761 297 463 481 128 10 573 116 272 462 269 349 898 367 634 690 767 773 837 563 448 261 463 728 443 236 367 345 798 64 906 397 306 787 729 685 221 207 9 179 702 283 795 159 338 472 65 737 726 329 665 779 740 865 978 144 502 934 134 445 281 667 387 673 542 155 540 533 302 105 62 778 647 572 735 936 712 96 407 908 879 459 18 145 133 967 19 256 568 278 536 174 234 992 539 486 4 499 38 498 986 624 907 806 72 410 672 568 521 343 552 237 861 818 657 806 964 147 699 808 938 444 120 158 843 122 328 275 943 426 811 990 714 774 741 401 57 537 228 802 649 60 329 553 745 582 34 736 881 351 586 621 723 754 326 391 308 699 706 926 16 379 168 539 654 496 391 859 789 277 771 293 404 402 632 668 483 159 352 236 516 97 749 156 423 963 28 274 395 652 586 838 93 299 211 602 900 471 325 30 71 253 705 346 965 666 152 179 234 497 140 278 941 579 331 705 327 531 145 769 284 638 686 86 428 673 724 496 551 778 318 960 395 361 659 871 22 236 504 666 629 6 508 845 169 457 602 466 740 510 382 114 236 474 709 219 643 340 56 301 277 401 955 636 290 487 301 73 592 47 382 604 971 162 405 133 375
231 388 176 516 456 861 291 599 691 541 907 74 695 27 20 115 447 318 496 138 146 443 238 373 475 745 725 991 699 73 431 717 659 960 136 484 626 156 905 22 907 289 144 939 171 156 924 715 43 781 884 69 758 634 303 24 111 755 308 814 999 330 325 3 300 751 96 718 636 303 375 602 337 228 832 829 992 403 374 811 227 204 734 438 607 454 482 319 827 743 155 860 481 227 876 98 411 270 433 738 822 858 995 369 774 383 722 850 848 145 942 988 977 747 545 982 398 185 8 351 540 318 364 796 1 160 39 315 469 955 297 17 724 369 810 803 9 690 814 690 348 500 822 94 160 852 582 780 706 490 773 576 165 824 435 507 322 487 584 497 696 754 916 754 491 343 599 796 216 385 698 690 846 387 6 921 712 963 762 797 110 391 974 360 880 444 915 620 585 35 774 559 291 951 531 66 949 913 814 586 220 371 741 415 737 46 772 460 432 634 121 200 876 558 899 160 739 887 223 622 512 474 527 999 373 807 502 825 469 440 499 642 244 1000 737 931 889 182 245 790 43 391 631 612 783 577 666 758 335 308 614 695 200 379 858 802 867 506 600 659 762 108 287 236 5 318 918 22 538 78 662 229 851 786 912 680 396 500 400 400 458 745 963 852 251 372 827 430 296 376 944 351 158 422 210 869 683 63 188 82 810 812 573 521 658 569 307 963 783 139 896 829 392 925 512 807 225 783 257 128 873 543 658 513 458 750 656 673 190 4 776 366 721 590 288 190 50 555 54 333 739 269 617 758 370 966 761 195 768 660 385 202 33 600 864 79 565 714 594 425 702 787 562 691 929 434 9 540 992 430 632 588 418 361 930 243 917 419 611 180 10 845 639 164 423 588 808 851 865 135 492 865 220 319 200 258 110 39 814 110 311 275 325 542 887 963 704 177 464 296 66 382 78 656 325 363 807 686 548 154 299 45 435 594 511 742 108 138 867 50 328 685 344 68 281 948 160 708 101 165 413 420 731 58 955 90 891 361 899 899 36 932 959 772 995 653 465 599 324 524 518 672 960 509 408 951 857 812 309 914 416 577 696 548 988 354 353 345 444 891 412 924 216 85 364 938 809 743 193 665 489 226 291 113 593 611 792 250 119 638
499 659 193 246 662 650 695 864 227 495 237 574 311 952 337 980 915 867 895 967 811 287 404 954 469 739 207 746 472 641 974 502 94 800 404 541 201 784 866 713 309 537 500 594 54 194 708 650 527 408 821 739 511 763 915 270 508 257 292 613 754 51 994 960 973 738 256 506 892 371 938 80 971 568 900 792 75 121 611 102 986 703 979 482 770 811 468 422 105 894 626 330 211 550 881 601 91 462 893 838 953 723 105 839 673 259 459 517 54 557 687 598 873 17 236 832 194 459 834 163 93 876 128 570 616 759 119 758 220 638 734 937 607 58 78 342 942 168 703 652 392 225 775 29 103 140 877 179 1000 554 324 467 349 476 519 13 881 541 774 260 375 94 842 59 5 155 867 411 975 171 475 827 168 119 753 527 897 332 638 74 947 989 977 87 144 666 857 775 694 495 984 913 151 615 738 567 929 119 919 339 870 876 447 34 525 502 870 136 389 52 262 102 33 262 210 527 144 962 952 174 317 215 361 674 998 236 708 87 445 531 108 762 375 291 298 777 972 147 431 944 997 516 277 611 49 645 921 304 77 704 807 137 610 56 291 373 855 789 440 121 330 572 290 967 109 953 983 386 569 708 120 746 459 671 933 24 867 705 407 781 180 199 822 98 408 70 314 558 861 109 323 869 391 426 217 792 752 884 439 22 187 936 437 947 622 570 883 355 914 618 333 48 24 995 681 308 704 40 663 668 823 969 832 159 641 947 842 285 129 542 969 719 683 826 97 323 173 883 657 94 314 922 960 635 286 418 498 609 516 467 963 56 312 818 914 886 741 490 583 932 969 306 905 208 768 558 559 884 45 945 226 33 667 436 120 155 659 994 356 163 397 14 843 409 861 852 766 80 458 518 549 119 700 949 623 908 81 579 924 780 47 753 120 735 675 370 202 773 772 468 704 115 170 144 931 982 683 673 737 866 821 295 485 701 845 549 961 436 713 668 86 519 382 419 721 133 375 79 171 673 468 976 145 563 486 558 102 342 745 41 219 447 959 747 110 152 647 541 659 201 204 781 643 532 563 401 631 779 190 635 489 406 857 890 633 697 250 830 343 399 901 882 55 604 490 538 526 924 441 3 953 109 635 863 799 466 731 299 413 463
505 54 433 84 913 849 407 778 330 202 809 326 146 79 266 326 356 534 771 537 519 200 869 330 739 582 813 45 605 138 719 689 500 134 402 921 773 56 625 57 778 283 417 192 569 520 611 311 122 14 344 75 378 428 756 347 802 341 712 97 186 941 473 815 938 263 179 149 358 995 631 942 724 26 377 708 601 473 125 542 944 861 99 894 613 437 325 432 774 593 732 476 426 885 156 782 784 932 718 699 578 163 764 618 972 52 251 752 707 154 827 903 273 754 925 788 322 691 979 879 597 89 997 754 906 658 801 683 380 266 470 338 602 269 825 934 427 135 921 187 222 433 534 879 149 175 181 298 14 49 823 584 858 636 498 406 657 817 688 559 701 700 890 88 485 338 964 22 793 164 568 871 368 139 111 611 152 387 353 689 497 893 916 850 84 989 580 990 205 409 361 499 781 388 285 792 337 990 537 551 866 317 102 259 913 612 687 112 608 11 417 691 391 632 416 986 733 456 454 102 731 848 898 590 90 974 20 345 964 310 199 148 834 66 415 83 231 838 13 234 439 221 615 56 155 12 589 295 220 903 922 769 793 263 479 414 177 427 604 726 186 292 665 364 449 516 730 243 779 440 270 766 725 517 188 58 182 358 937 584 49 238 870 397 481 573 37 374 123 188 722 896 160 68 273 929 240 98 827 568 979 559 199 420 832 641 207 905 764 327 824 62 323 205 76 900 614 674 773 358 399 476 332 579 707 745 582 245 936 312 165 409 352 688 708 745 929 671 478 520 807 465 113 846 655 753 338 487 711 73 305 505 192 431 276 538 741 410 730 492 935 438 424 697 67 352 829 181 263 687 736 449 501 454 455 880 32 964 233 25 767 415 471 318 903 827 890 547 518 574 3 314 411 582 547 450 56 41 892 158 154 107 595 909 278 531 391 765 477 868 297 451 176 452 684 850 642 781 83 14 997 434 109 963 229 11 289 4 374 761 503 923 925 353 104 106 588 96 640 837 264 555 364 69 456 385 909 753 796 102 492 274 71 215 367 225 837 290 445 772 401 750 655 106 42 848 664 131 703 734 116 216 428 685 877 334 269 43 543 354 355 695 566 420 401 377 353 241 947 635 710 891 454 343 173 478 516 375 536 888
748 377 691 697 674 182 440 556 457 277 936 789 376 522 976 169 581 387 350 206 565 90 954 841 711 229 845 229 581 405 634 137 144 93 852 662 656 663 664 47 312 445 782 239 540 726 329 378 517 791 932 696 125 861 793 713 50 394 337 979 16 928 417 688 694 446 613 513 306 47 378 911 212 851 355 609 648 478 434 823 137 22 485 410 1000 257 443 623 633 363 304 622 691 919 414 421 3 118 131 14 456 856 489 480 644 453 300 31 951 106 734 1 492 918 776 49 502 330 720 485 61 588 529 228 762 662 306 655 244 442 96 303 762 106 446 297 239 219 853 32 692 827 288 282 763 481 834 172 816 774 26 683 601 56 872 475 648 960 619 530 436 110 843 85 547 78 361 335 508 792 483 612 192 927 689 86 855 479 670 31 11 181 415 423 785 474 135 856 518 473 700 838 548 439 339 153 18 870 721 186 171 902 616 44 537 297 741 646 115 517 998 37 766 340 894 997 189 881 738 557 388 172 717 97 716 234 419 846 971 814 449 120 479 110 733 840 156 750 918 371 341 735 909 227 149 272 127 801 605 450 247 196 451 114 206 717 742 712 756 780 703 70 138 227 49 126 597 647 84 144 734 274 561 440 955 62 838 395 671 962 848 949 520 250 298 579 63 465 721 775 682 770 648 701 525 113 467 353 942 993 386 46 144 804 975 780 736 918 309 559 448 529 160 663 505 178 502 815 397 964 806 294 257 445 994 918 218 214 291 431 850 642 240 316 743 952 281 521 419 367 481 995 253 330 843 706 964 381 948 301 163 450 27 684 451 537 759 965 561 829 984 541 252 700 923 268 553 412 245 67 949 404 423 770 356 324 948 190 552 480 918 981 662 113 620 443 273 235 159 832 517 429 530 455 779 899 135 305 988 460 110 314 535 553 36 664 767 343 137 645 367 432 342 852 738 571 391 745 758 587 591 714 889 400 198 152 324 373 458 334 725 15 470 788 475 538 982 492 204 722 22 69 568 129 581 735 548 42 750 890 459 521 440 991 325 880 193 418 431 352 543 445 374 788 223 473 643 738 530 25 767 372 526 366 760 551 506 970 595 237 431 467 958 975 849 582 673 573 536 106 744 580 693 952 904 249 781 794 240 261
673 731 895 289 287 610 543 794 775 34 24 861 249 537 614 251 318 315 844 568 188 759 519 183 421 72 181 237 861 650 358 413 91 782 303 745 770 377 706 604 189 150 438 624 236 663 308 243 788 683 246 143 14 996 567 561 163 945 514 685 494 220 237 750 216 630 884 388 107 710 892 779 569 697 677 224 733 989 808 932 331 445 110 949 236 536 353 504 196 545 250 185 502 453 148 295 243 30 750 717 20 442 627 219 418 728 414 265 410 490 495 219 147 17 105 886 332 376 784 303 988 957 438 379 409 555 227 144 73 422 823 897 709 845 282 838 427 937 958 237 198 54 232 134 410 667 763 559 544 379 233 730 28 226 550 623 462 428 56 143 654 795 175 189 674 820 175 780 558 448 945 465 60 210 611 143 328 714 469 380 31 577 44 377 873 273 422 167 123 781 428 444 662 157 32 895 856 158 355 235 252 161 865 574 479 797 129 32 191 948 733 720 562 852 447 432 760 448 341 97 174 269 654 892 222 292 285 923 62 854 651 943 694 144 886 433 184 854 777 319 274 251 513 22 528 547 746 564 107 217 427 266 819 649 259 177 58 805 482 894 343 431 807 134 501 585 721 303 709 108 86 727 683 573 406 278 473 254 664 742 426 939 79 361 625 600 672 227 982 477 978 595 41 313 698 620 97 555 734 45 122 389 425 870 152 735 560 508 608 932 641 299 907 331 623 816 791 420 119 121 894 594 953 618 606 404 848 269 564 313 445 800 165 618 493 113 731 950 814 430 916 598 531 997 968 358 381 708 20 580 437 633 554 425 792 829 240 517 26 442 740 629 196 700 873 188 580 336 140 325 534 553 791 230 905 979 423 58 429 153 253 609 772 693 389 617 184 946 807 207 735 48 354 551 806 360 661 406 605 406 964 904 367 293 594 709 603 582 369 292 937 934 503 262 482 308 32 198 453 718 933 710 16 374 654 121 95 610 542 346 751 564 56 672 759 2 116 47 345 839 284 889 517 90 729 229 650 437 487 853 71 317 875 980 480 94 926 928 7 59 933 617 694 996 459 740 539 936 384 360 256 979 608 926 120 281 137 791 632 940 974 219 401 472 789 810 588 351 940 444 349 459 277 172 381 281 608 896 284 268
180 918 863 823 75 584 444 310 328 2 552 121 614 849 461 982 296 986 21 287 596 960 900 451 534 377 693 931 300 840 774 695 305 293 725 110 347 188 105 270 722 197 978 585 412 323 954 221 934 899 875 378 556 4 824 10 629 565 909 31 188 571 430 27 197 481 334 634 16 553 484 222 504 859 469 996 168 834 43 955 995 482 377 85 557 228 424 776 806 87 173 700 232 326 462 947 558 196 886 344 341 5 994 398 813 898 717 99 792 532 218 615 955 860 274 336 547 622 387 976 150 996 970 579 426 347 822 666 327 748 369 697 438 692 196 394 73 734 433 361 380 239 530 103 74 567 41 175 338 289 285 305 66 381 546 427 793 999 512 539 563 578 411 12 561 493 834 676 536 668 525 621 360 98 190 713 219 136 92 71 292 34 42 559 426 89 587 945 118 248 774 515 463 298 639 23 441 973 814 313 696 637 124 905 562 795 272 143 765 397 380 925 230 374 35 681 459 122 773 258 682 954 396 53 871 421 312 444 326 697 713 802 256 998 495 327 769 87 232 221 336 6 541 276 638 636 149 916 163 102 255 275 353 911 824 602 424 410 571 74 170 58 741 223 833 632 604 60 828 515 606 838 624 3 293 295 26 424 601 625 351 754 786 695 498 445 224 347 94 642 258 471 652 952 566 542 73 600 491 682 373 494 505 873 680 815 615 241 905 313 368 507 667 998 842 835 237 568 966 312 304 183 661 426 950 437 177 443 130 263 810 493 576 588 91 105 675 807 728 786 200 784 255 59 40 175 483 39 692 515 422 22 604 74 620 967 46 141 55 825 520 579 947 362 724 585 457 715 266 347 136 539 662 708 783 612 403 343 88 340 284 230 725 432 790 6 410 246 909 269 400 171 25 81 210 399 912 545 723 235 89 413 294 836 405 913 493 352 26 44 944 169 544 385 271 189 33 229 585 666 956 867 736 782 880 550 895 523 682 681 59 184 319 241 596 721 427 635 223 363 70 164 887 343 684 662 307 260 482 709 894 992 148 11 645 125 239 738 927 792 820 116 971 320 393 878 520 205 330 398 360 971 977 448 993 917 523 931 573 502 519 677 513 930 810 442 127 941 285 817 863 291 523 369 954 708 169 222 263 795
199 71 110 665 931 301 526 841 328 517 176 764 653 704 864 452 507 533 525 131 373 248 992 353 136 366 899 676 319 248 168 244 438 896 598 801 73 955 185 798 532 200 223 500 879 854 114 826 65 234 996 495 749 604 915 12 521 250 414 760 646 683 560 458 283 585 190 541 931 355 227 88 39 760 430 792 309 446 530 788 130 848 487 709 328 828 234 990 905 41 207 965 832 464 958 797 586 755 718 101 879 601 930 92 768 750 338 347 248 386 444 280 759 830 699 657 367 306 436 759 829 190 816 822 546 619 119 785 307 632 289 466 712 534 476 453 605 581 883 293 141 314 764 819 530 838 90 989 294 703 543 517 409 405 803 723 793 665 236 966 2 766 288 393 646 286 919 47 937 800 340 439 25 404 158 55 542 508 958 920 20 284 97 762 321 778 892 677 385 611 166 256 135 691 898 599 558 991 799 528 480 364 213 928 116 640 92 350 125 666 426 157 105 194 857 906 938 475 669 822 220 650 483 896 243 782 822 428 612 885 403 668 394 598 217 476 216 294 708 184 320 237 108 621 396 702 464 259 409 395 620 413 676 996 446 739 348 470 900 408 228 231 690 157 474 484 225 656 523 109 488 114 178 565 617 516 353 266 682 90 802 630 415 337 392 629 81 460 217 950 637 351 827 645 142 607 1000 418 937 451 375 435 553 679 689 557 338 686 376 980 740 473 497 626 448 415 577 458 120 13 482 406 302 581 172 81 538 685 720 527 539 511 489 686 631 432 800 992 220 232 9 737 583 987 713 552 392 370 409 477 352 252 249 68 811 350 884 42 286 410 579 447 471 9 135 550 752 642 545 289 329 932 387 926 953 269 353 113 334 830 90 111 824 704 567 180 403 723 305 56 519 90 101 889 311 528 216 462 762 996 808 804 615 232 142 723 124 395 92 476 534 321 782 233 378 310 359 280 954 194 312 895 302 389 648 575 47 831 946 695 626 161 981 976 534 955 636 860 455 338 628 851 158 658 746 32 7 387 655 715 148 558 692 971 832 810 62 857 66 360 352 345 930 605 3 896 818 152 90 128 512 452 680 74 652 449 807 442 229 52 252 591 790 990 542 416 19 738 315 240 967 977 283 142 297 301 462 621 908 678
829 461 395 311 683 549 29 678 67 880 381 746 650 426 144 44 513 874 679 191 292 57 174 88 251 81 884 293 583 593 279 673 298 293 837 528 332 341 213 594 435 112 921 640 957 1 823 945 888 215 394 568 268 194 530 456 6 271 945 657 236 798 127 865 585 998 126 467 844 563 443 360 525 296 906 521 424 997 963 57 529 766 397 331 129 613 458 272 730 737 82 509 318 247 459 669 5 874 101 89 930 242 85 900 408 952 686 56 38 610 954 738 212 349 986 828 445 622 601 437 619 176 92 924 519 768 326 809 722 753 603 697 731 132 179 420 238 522 802 42 58 785 89 105 935 578 100 274 358 167 689 976 128 636 918 751 715 622 734 578 281 894 479 65 969 388 107 225 415 611 569 404 696 943 655 239 680 276 167 940 588 739 813 440 774 383 54 752 738 153 480 740 232 233 261 826 352 76 89 937 144 883 372 25 151 164 350 937 671 839 313 299 133 821 445 594 252 253 236 705 957 425 241 146 438 872 637 735 635 250 221 438 178 700 384 381 220 264 542 540 749 974 239 98 610 258 302 495 190 741 785 9 123 658 43 142 889 212 599 139 591 512 590 189 989 12 377 380 920 902 706 658 77 980 923 82 281 807 909 136 922 928 526 708 528 984 188 300 501 554 778 993 570 921 498 548 313 926 487 137 205 755 477 615 868 905 123 345 761 475 471 833 645 262 852 381 554 867 822 665 243 502 659 16 65 783 804 425 502 244 405 396 226 141 17 861 253 817 446 990 691 908 166 718 433 260 775 1 351 635 153 372 175 449 282 713 634 490 69 339 888 223 441 469 178 518 104 651 538 172 358 477 514 315 111 344 364 591 518 224 87 4 514 385 861 388 605 707 133 617 647 509 85 86 146 942 10 317 544 422 182 363 286 650 124 972 917 197 149 223 691 168 826 935 461 252 597 68 342 109 839 356 703 765 80 90 721 680 145 911 493 330 188 767 496 535 671 662 751 832 334 94 56 61 462 971 937 287 566 975 635 402 785 158 654 847 972 194 978 115 757 508 827 750 146 204 272 687 728 980 595 520 883 793 723 340 951 176 1 674 543 114 554 507 519 283 780 411 787 670 649 129 633 169 62 634 916 32 722 19
929 320 628 970 662 970 910 36 765 817 650 113 41 934 25 93 735 565 868 956 396 43 216 986 452 238 862 382 774 272 134 85 207 660 213 454 764 462 257 879 910 124 422 366 198 602 426 442 144 424 901 607 24 570 427 119 388 462 40 914 228 592 748 880 282 431 13 895 825 930 228 879 532 744 156 581 764 524 870 734 14 616 903 997 616 185 744 921 210 774 879 454 199 869 780 294 495 401 515 591 351 994 951 249 166 868 394 674 559 943 147 308 185 680 656 910 335 906 108 716 61 860 941 650 864 566 809 197 780 531 337 266 969 362 44 376 311 63 246 731 863 915 187 491 785 410 201 715 349 781 996 345 129 767 596 908 282 240 775 441 69 238 694 930 264 959 981 952 337 566 686 792 30 241 963 579 649 288 937 892 762 675 62 528 762 455 390 712 206 29 912 936 680 6 358 190 74 915 665 426 61 885 245 291 50 988 177 138 766 573 274 168 259 286 361 819 677 754 168 660 507 620 373 144 877 849 546 945 583 544 612 192 260 89 234 263 759 996 41 325 574 288 938 538 36 742 809 736 799 350 315 476 31 424 922 403 830 706 783 442 216 504 978 103 657 903 33 52 972 716 563 189 341 912 612 932 652 41 29 732 219 419 812 506 15 945 199 671 72 133 597 873 142 557 804 811 463 58 802 936 568 996 164 197 374 493 813 158 341 911 961 74 345 768 642 183 263 22 741 141 291 802 433 620 741 108 849 887 144 723 178 932 218 591 786 610 691 598 735 879 828 95 240 928 509 762 6 746 361 580 616 935 267 691 815 342 218 451 453 309 701 5 228 631 680 595 410 822 50 802 109 145 668 121 843 122 697 775 884 74 682 798 289 859 608 610 872 545 964 166 333 242 618 88 572 114 575 402 583 300 577 442 849 315 276 838 916 650 855 287 197 920 604 11 203 480 67 283 226 834 210 668 8 509 27 596 827 367 886 774 885 646 76 63 25 40 879 212 384 778 354 81 718 220 544 93 338 40 154 318 118 730 252 928 968 40 183 229 633 538 337 273 50 501 334 514 463 271 674 120 712 430 186 831 142 561 551 547 831 924 585 749 356 46 951 291 801 520 261 307 925 496 528 462 543 861 324 635 615 564
868 528 230 913 515 362 469 135 452 181 962 250 736 99 717 401 569 311 818 391 466 976 534 178 231 681 913 127 431 535 416 152 761 997 890 800 30 493 843 435 590 846 540 436 841 208 309 490 63 314 960 264 205 792 610 358 232 641 752 311 126 117 980 800 174 794 95 722 1 625 849 179 249 514 15 854 337 804 920 606 727 647 175 461 57 157 867 901 19 270 260 167 410 867 718 749 714 259 888 254 953 24 279 334 255 634 126 416 338 98 106 15 985 861 589 140 503 187 59 372 934 302 251 213 789 956 210 734 278 280 141 334 548 260 292 621 586 266 733 886 232 480 135 186 528 933 410 948 458 940 378 905 169 561 126 970 745 31 650 861 705 672 654 576 526 112 202 128 936 546 940 470 442 268 171 386 918 572 416 454 824 3 128 730 614 4 279 9 240 477 311 32 406 778 660 400 418 96 882 907 159 3 876 647 448 925 812 544 405 730 264 138 916 749 652 590 740 960 536 91 728 409 980 251 759 678 993 38 358 883 306 485 905 331 854 910 87 446 254 424 779 971 860 208 147 171 256 177 263 310 424 428 565 393 833 472 970 37 842 351 326 521 122 56 453 494 695 927 450 669 956 969 953 881 492 506 613 22 61 698 591 373 863 807 340 289 135 464 778 699 552 258 480 802 131 622 568 167 588 668 728 58 924 527 78 500 851 797 330 868 426 813 353 909 827 279 452 465 74 792 486 89 152 145 17 542 53 580 390 98 462 888 1 841 141 949 924 557 329 669 556 28 978 350 708 701 397 813 52 120 152 915 812 543 679 814 305 209 168 405 656 370 953 798 255 256 910 547 217 214 988 187 709 729 544 951 209 981 244 558 147 650 214 246 231 925 428 37 244 453 679 159 246 491 273 442 429 224 174 357 53 330 93 487 5 218 691 264 51 317 492 205 911 777 630 760 314 817 412 557 438 607 329 537 56 356 161 186 147 535 213 424 339 399 106 631 170 205 94 523 493 710 771 510 695 759 599 799 279 459 329 218 277 44 164 710 371 377 727 298 267 86 204 185 613 914 257 484 240 868 44 865 452 255 182 232 175 908 807 243 35 613 815 959 956 477 279 435 92 981 431 884 954 950 671 724 288 230 707 50
396 23 213 946 550 556 628 905 143 981 815 244 691 994 416 281 816 184 614 279 252 760 963 991 361 849 494 451 844 191 824 496 920 557 372 774 238 762 526 559 957 182 628 471 893 750 201 745 520 224 940 230 585 367 813 383 828 310 454 736 706 392 709 500 451 517 533 638 830 725 903 388 258 377 726 693 843 565 926 873 708 247 398 479 386 263 210 823 282 728 556 7 267 112 788 146 839 606 266 794 934 353 225 82 388 600 413 630 75 441 455 278 911 356 311 238 747 833 697 391 410 731 574 563 961 235 303 287 687 9 884 464 940 578 158 776 266 300 102 149 194 16 396 973 736 953 939 501 606 583 150 386 861 148 961 287 38 589 806 514 177 684 283 691 918 866 646 616 388 330 968 307 105 780 343 16 264 670 302 980 898 651 228 50 719 35 751 804 26 190 958 433 606 668 814 692 286 295 919 699 412 936 686 480 763 406 580 703 554 895 545 704 773 950 179 801 640 980 826 257 249 690 121 215 982 121 556 350 221 969 314 302 25 317 762 950 182 102 776 623 362 203 844 945 68 536 11 313 65 783 343 346 248 965 880 938 458 918 872 597 500 609 382 171 348 294 49 93 466 32 974 891 995 616 955 570 101 956 453 200 854 973 158 179 67 835 211 959 87 569 758 255 730 562 870 52 309 720 813 207 183 203 81 867 151 810 490 71 565 192 619 675 488 176 728 447 528 154 346 94 171 497 391 556 303 868 596 4 306 364 897 74 471 566 136 170 699 340 459 993 956 666 867 685 805 621 568 207 780 702 340 994 92 756 860 100 353 724 207 37 671 360 872 609 172 535 202 111 513 863 210 327 519 15 661 27 591 439 208 207 319 171 103 603 839 971 968 482 349 572 202 717 897 880 991 929 342 197 182 514 939 879 620 748 905 863 151 519 809 104 122 828 136 115 125 247 371 327 426 490 674 200 961 826 440 150 593 259 421 879 393 832 272 254 6 397 262 756 741 297 819 703 703 87 452 2 421 761 194 726 249 569 898 602 693 414 391 548 191 505 418 301 936 428 43 441 592 920 913 415 296 866 467 382 228 621 976 947 140 509 494 577 13 550 472 650 471 873 15 217 156 165 512 776 486 671 311 42 56 845
332 94 357 900 107 132 614 131 226 199 545 280 727 81 15 837 510 378 653 913 916 411 707 840 858 245 679 977 230 635 833 478 774 261 499 832 948 828 50 828 930 218 366 694 556 889 817 573 172 903 508 49 16 650 38 94 979 600 225 462 438 615 124 910 955 909 519 803 876 289 279 512 475 127 253 863 604 728 725 399 588 870 599 691 318 529 976 768 20 629 171 224 684 475 997 48 868 253 331 966 600 468 819 585 252 663 372 633 597 901 510 921 909 324 809 914 420 324 359 701 501 162 807 654 664 308 965 820 681 397 521 986 612 119 255 765 964 665 745 18 373 471 368 120 22 865 103 436 651 129 557 887 129 787 957 266 588 417 633 3 270 514 158 414 334 328 36 92 207 230 508 707 400 985 779 342 146 81 212 937 536 690 704 823 322 260 212 339 129 343 373 389 406 817 471 246 969 349 685 764 291 213 485 40 774 996 405 937 796 324 913 291 36 472 610 216 594 806 477 907 799 730 652 410 233 861 226 959 874 189 615 685 845 177 337 562 815 913 420 782 759 722 301 792 66 268 526 909 78 5 468 965 874 175 591 872 273 165 218 526 572 429 522 272 926 776 176 157 478 74 459 747 386 598 191 13 393 118 556 888 199 140 329 746 540 206 963 197 495 575 355 938 36 531 710 353 117 119 242 486 989 631 999 360 586 753 613 648 810 65 665 51 930 539 458 620 338 571 440 235 538 353 177 735 662 407 411 542 424 234 536 645 507 491 263 3 945 773 60 823 681 214 965 591 720 263 478 534 273 115 721 75 429 459 331 393 120 611 621 156 728 367 788 403 157 123 210 520 653 324 133 904 908 441 950 56 647 956 268 292 576 416 785 13 354 461 666 153 616 226 931 767 795 657 686 656 559 967 912 233 618 667 706 884 319 748 110 572 436 228 553 993 849 227 449 918 980 342 307 197 690 592 380 331 301 613 633 976 104 59 318 109 115 538 506 134 541 291 324 127 689 894 456 72 840 924 696 754 265 267 850 961 31 547 241 41 30 495 975 119 549 254 862 896 615 94 239 922 443 22 386 718 636 813 521 394 970 912 805 786 379 510 746 288 474 164 618 79 422 555 538 256 193 455 544 167 82 789 310 323
686 23 155 646 536 514 137 84 904 33 217 132 954 941 927 988 207 290 885 698 362 72 934 996 655 709 27 38 15 142 409 109 649 357 960 483 808 460 334 9 829 167 11 711 558 848 399 530 78 46 942 838 674 823 658 656 636 429 131 283 488 763 919 235 573 818 654 640 471 768 367 653 12 718 224 274 191 540 94 732 56 16 774 876 76 715 115 851 524 215 142 870 730 390 574 876 552 244 783 307 936 540 229 537 265 13 745 782 809 1000 428 671 612 359 95 481 816 600 931 607 436 940 563 581 790 985 20 490 908 457 802 30 198 332 251 495 600 12 675 451 283 119 306 274 612 906 257 938 515 118 228 602 910 499 756 55 340 305 776 548 158 436 943 584 298 68 856 628 437 627 849 195 462 581 831 957 435 913 79 632 881 534 430 768 801 465 124 724 712 382 183 569 770 752 723 600 954 618 980 394 897 359 134 672 53 457 609 452 929 388 287 298 980 641 223 900 907 200 126 666 377 545 384 653 729 680 531 410 698 11 677 373 645 534 115 645 205 949 674 226 669 830 359 37 814 530 133 515 907 264 502 10 465 506 709 266 556 521 931 124 771 66 423 610 348 232 238 233 921 499 542 159 301 502 374 866 231 376 259 757 139 445 1000 174 753 782 369 201 112 523 999 14 912 292 98 377 891 732 565 189 275 451 769 446 475 9 798 591 749 245 556 903 882 230 244 905 342 137 827 625 732 758 956 722 589 160 369 327 270 685 241 700 106 26 307 47 325 850 843 731 8 245 515 800 520 817 163 334 711 682 213 490 761 58 174 829 900 206 320 649 97 168 154 964 210 578 136 729 322 561 994 384 721 404 541 772 121 76 482 90 120 891 749 335 470 179 525 189 896 762 460 647 409 497 729 434 473 647 209 604 323 318 348 887 257 693 813 16 94 205 396 274 753 101 34 1000 987 599 630 960 668 689 197 993 209 329 864 186 999 162 16 467 837 54 205 79 147 612 677 98 248 861 694 865 835 293 689 149 337 526 827 768 39 570 722 334 127 973 388 94 169 647 83 239 548 941 307 158 933 371 926 990 744 345 524 549 663 909 341 548 481 76 561 968 432 987 456 262 873 821 756 754 926 880 930 313 426 77 376 229
787 512 644 784 90 752 573 937 807 798 387 306 524 57 508 494 119 338 788 891 437 928 868 552 576 793 794 745 639 533 326 453 320 976 540 817 960 585 34 50 153 867 788 564 770 330 220 130 764 596 745 890 844 180 4 921 157 229 199 707 566 327 497 39 344 166 123 274 60 965 952 861 910 975 271 511 722 512 902 64 782 438 508 596 345 444 66 18 673 968 48 673 996 518 207 954 711 743 650 159 211 252 473 54 434 645 184 591 406 357 65 563 725 327 995 330 555 869 410 527 180 148 823 757 984 708 688 107 914 387 204 126 890 718 357 16 318 892 422 67 815 856 443 197 693 542 517 729 954 962 830 896 446 156 869 733 56 441 963 172 415 474 519 961 970 20 181 716 41 556 81 904 135 487 432 256 646 872 684 111 757 706 565 301 153 56 491 172 133 871 794 161 433 941 475 151 14 951 508 54 377 676 835 547 829 611 757 948 887 233 510 834 584 275 829 474 257 56 413 738 746 483 732 223 351 900 502 574 344 323 906 180 767 121 740 901 172 105 850 217 732 923 101 554 71 92 104 367 225 350 783 732 786 361 712 385 378 255 961 936 156 496 234 182 452 795 267 624 754 150 855 525 762 565 332 732 595 364 323 425 563 833 544 173 157 981 866 335 832 888 797 902 94 841 240 891 768 403 827 994 633 527 956 16 437 737 233 381 486 155 309 502 390 843 802 215 332 150 730 383 608 378 23 903 523 259 888 310 664 549 872 473 655 118 989 40 569 436 560 203 479 775 849 302 501 681 277 672 408 18 975 630 235 338 517 259 445 662 20 648 856 219 959 729 113 77 349 57 215 909 566 951 786 970 662 976 759 727 583 183 543 154 548 322 967 481 990 362 447 273 207 83 551 597 434 665 829 255 945 49 635 869 84 192 548 299 132 550 263 839 733 690 278 479 199 162 411 954 617 893 600 501 275 54 357 693 499 411 34 407 595 388 635 282 729 144 37 666 315 531 266 442 22 769 651 515 310 166 975 275 128 573 651 683 939 649 465 764 313 367 484 786 386 597 957 261 608 129 560 641 215 868 496 974 671 837 79 843 111 605 458 252 109 304 883 802 280 439 496 602 563 37 19 767 114 80 205 239 816 629
805 772 90 372 167 456 679 170 253 820 641 601 502 893 86 755 745 100 796 788 533 733 843 43 728 965 611 300 476 783 538 330 569 326 584 59 68 239 874 892 536 562 101 793 515 408 194 771 443 356 737 519 772 376 166 745 295 35 992 773 644 225 191 721 625 196 254 935 76 252 675 882 115 55 144 538 695 697 990 71 746 768 111 147 661 61 642 18 612 21 597 749 678 930 3 14 511 154 81 49 847 417 54 330 978 197 179 836 623 108 42 648 372 148 728 670 57 133 781 202 732 555 273 462 147 677 21 781 563 702 120 801 685 759 700 443 599 998 395 409 840 924 65 305 560 870 557 344 941 755 799 723 246 23 393 596 611 506 390 172 65 716 469 466 486 144 157 724 16 700 933 61 144 177 578 72 968 290 787 866 606 745 292 109 690 63 827 789 212 526 235 192 422 515 613 202 912 586 606 938 274 936 743 246 154 598 110 436 10 107 591 415 593 853 476 985 568 960 193 916 216 26 600 719 414 894 512 588 937 518 479 381 762 841 63 221 503 948 56 207 204 509 194 653 394 453 163 948 957 191 308 631 312 971 73 378 652 803 325 560 109 916 483 633 211 660 857 438 794 856 45 461 680 143 599 230 428 817 660 60 309 185 222 643 635 699 710 477 344 669 928 430 64 604 167 40 752 422 341 998 391 589 443 349 479 639 912 1000 256 477 491 427 735 842 272 872 179 232 831 685 171 306 740 362 897 823 942 372 538 937 409 498 369 889 793 133 135 415 242 35 477 879 871 911 460 498 265 476 694 994 942 396 208 314 70 141 855 942 589 822 440 540 374 747 53 856 22 685 862 111 440 665 958 893 51 487 481 438 276 660 549 196 612 231 697 527 440 117 808 681 244 516 711 39 273 166 502 313 809 709 482 136 219 383 304 636 200 773 95 278 859 506 196 672 573 298 621 969 566 163 612 348 393 315 244 920 684 961 895 42 699 615 674 975 981 928 260 276 589 738 847 739 669 906 2 628 524 530 837 928 208 802 404 26 261 466 630 557 857 612 990 871 8 467 374 921 193 722 868 411 207 630 466 308 862 54 160 497 106 47 489 307 172 864 521 994 145 203 952 170 595 362 855 462 614 146 122 827 429 162
36 553 2 279 163 663 234 119 506 525 869 188 18 797 198 99 74 329 857 28 687 892 248 309 922 178 878 501 921 748 195 616 374 68 814 49 704 189 321 969 410 921 228 308 718 50 263 651 735 204 916 914 88 941 756 801 687 796 934 798 433 852 731 389 737 740 569 14 278 712 141 456 616 805 983 464 774 724 27 600 776 632 773 9 819 231 661 264 495 721 404 939 979 644 903 777 52 652 923 150 14 262 59 596 195 773 568 430 297 712 384 343 662 323 644 173 415 424 891 594 555 113 200 953 807 9 453 749 962 356 584 961 185 294 57 27 439 708 342 388 838 433 683 622 452 906 677 450 698 496 337 908 200 548 670 890 583 472 49 586 166 225 442 737 93 936 538 737 405 375 303 79 769 786 756 568 69 950 612 223 837 621 171 928 239 685 227 853 335 586 241 239 164 399 261 241 514 832 404 792 839 41 330 785 329 654 896 273 673 8 641 881 138 918 261 488 312 383 816 195 968 436 938 870 79 866 830 484 955 58 410 241 968 144 53 119 465 138 176 327 958 52 789 303 967 877 392 248 648 522 18 872 674 16 609 745 728 557 376 31 499 913 146 815 119 104 189 985 663 591 479 651 896 218 299 32 326 723 997 731 659 186 819 35 477 589 730 316 61 353 240 889 411 580 705 121 636 716 882 738 546 582 67 977 170 488 762 666 166 58 329 309 61 308 973 441 758 524 610 118 708 32 56 411 259 244 600 60 25 431 337 674 829 527 750 903 385 717 172 986 769 95 891 649 84 34 429 332 561 547 710 221 208 17 842 121 624 816 818 499 971 484 700 836 687 180 305 419 280 330 383 760 830 95 611 630 286 905 925 780 530 789 993 669 618 753 625 354 193 117 492 807 690 618 414 695 536 718 181 657 378 845 424 541 761 513 163 727 203 704 660 485 48 904 130 20 470 454 609 852 548 774 326 362 737 529 93 407 872 6 930 84 468 234 188 894 759 197 541 293 963 572 503 714 105 664 83 317 869 350 471 14 439 814 276 387 315 299 682 213 615 506 613 154 284 334 325 108 472 195 541 328 336 16 110 550 893 754 61 196 423 702 301 237 60 722 303 855 452 497 706 173 266 243 389 328 923 64 650 108
457 329 218 368 805 881 953 615 246 496 872 496 383 619 491 743 27 82 249 549 247 687 208 943 846 629 974 852 327 126 822 920 309 231 595 720 200 932 461 528 270 605 972 814 320 537 459 502 418 729 63 486 143 591 316 307 823 157 159 229 995 164 605 688 19 702 192 72 598 680 524 531 352 925 429 73 841 826 185 956 764 179 977 382 391 160 645 593 702 697 816 932 734 273 841 246 346 770 815 990 612 936 985 865 332 810 635 714 882 434 779 804 715 455 150 450 160 940 326 990 668 973 34 644 676 370 123 188 199 610 285 873 562 82 736 879 970 778 235 408 88 103 879 190 605 591 942 612 733 505 134 367 371 225 892 461 28 293 150 883 497 918 278 194 522 439 986 276 395 379 896 129 969 43 753 315 372 649 645 6 786 35 348 318 487 881 92 6 160 477 815 94 317 632 720 570 440 632 728 275 293 267 89 906 684 850 264 938 210 631 475 686 509 396 912 749 714 600 446 28 452 402 615 959 133 946 306 371 619 155 963 494 616 548 215 34 991 588 816 498 229 171 378 824 35 377 781 211 224 297 847 286 735 772 795 812 579 53 249 765 37 6 609 437 14 848 532 342 793 716 144 348 448 477 555 964 155 697 207 445 626 406 178 949 156 513 227 610 960 791 919 12 115 66 587 187 422 377 32 938 258 184 667 691 20 67 982 471 293 315 357 674 972 645 143 637 134 810 484 379 321 828 327 144 597 520 973 383 425 952 45 138 382 332 874 550 443 112 63 597 256 57 233 132 360 541 326 161 687 311 737 47 46 78 150 284 842 978 897 683 808 234 182 692 710 936 78 664 692 359 227 830 860 806 864 329 479 49 743 237 968 404 915 705 663 778 631 203 366 350 700 356 145 611 469 552 88 85 95 808 684 681 437 438 213 348 972 607 298 506 553 798 503 543 190 859 563 777 727 914 384 307 402 933 192 932 290 965 589 183 303 160 150 86 327 93 959 719 650 52 261 476 978 364 379 746 69 48 132 738 477 982 372 304 182 414 197 759 556 313 242 867 959 657 228 797 482 444 150 70 572 837 403 631 996 782 745 695 786 830 461 845 718 392 84 681 817 116 861 357 993 944 64 11 178 921 507 509 415 570
635 252 608 947 268 30 902 403 461 823 795 310 740 643 411 528 112 604 191 791 145 236 899 47 44 833 53 711 306 768 378 820 898 206 65 899 336 656 231 968 400 570 620 887 678 59 335 170 444 567 570 684 236 396 260 74 100 908 877 74 571 911 317 239 843 723 445 608 397 242 761 337 417 248 21 546 295 285 582 557 686 289 343 124 751 714 259 268 432 972 64 415 749 269 401 736 914 923 428 380 567 751 440 340 95 982 308 102 38 534 4 752 556 57 640 252 294 960 424 82 419 959 373 34 194 716 558 663 683 452 28 626 903 610 266 616 487 217 223 409 690 319 416 429 596 591 418 213 521 319 89 205 292 436 769 339 178 868 68 302 899 811 336 435 415 120 384 589 723 288 265 207 92 33 960 482 483 990 827 444 686 263 311 133 478 596 848 196 79 774 863 610 818 226 605 796 540 991 492 348 994 50 461 327 18 12 474 159 361 412 940 997 536 536 984 413 167 940 393 620 15 22 53 82 729 331 34 353 228 404 445 753 943 161 242 705 5 143 719 377 714 110 142 290 951 887 953 959 844 393 560 311 719 127 360 660 577 364 344 741 321 318 83 539 831 528 783 204 10 792 526 125 24 144 559 286 172 37 984 232 327 213 537 507 269 870 926 964 9 916 311 636 232 909 765 262 381 955 883 53 336 718 129 194 466 834 89 949 156 148 536 914 589 125 219 118 185 301 535 920 456 837 494 421 687 723 145 402 13 587 67 864 815 926 720 175 158 718 339 390 316 807 946 143 423 473 732 743 88 940 43 966 231 547 658 727 458 729 894 669 843 125 681 901 159 984 675 905 233 92 86 410 432 149 908 627 880 518 289 95 454 82 137 477 552 640 380 416 797 484 408 650 563 715 791 725 213 426 576 176 832 891 489 42 460 211 438 196 83 609 742 637 496 103 527 909 589 190 704 355 76 150 745 970 277 316 395 595 128 208 863 40 633 878 833 854 528 616 113 208 411 879 81 977 102 598 826 913 1 62 399 420 43 957 783 876 430 34 265 373 463 1000 385 257 741 318 667 122 944 890 396 753 687 549 814 874 364 984 3 27 383 284 710 644 988 539 453 911 421 597 390 37 622 838 23 73 935 720 977 226
32 971 7 234 322 150 76 788 51 891 558 560 412 967 820 234 771 201 703 393 481 463 767 203 458 944 13 769 412 296 587 232 356 291 403 405 121 671 68 795 131 973 866 84 366 201 916 390 609 975 220 469 399 737 716 850 294 472 564 387 81 795 414 656 588 909 278 899 977 131 499 677 890 695 657 63 578 373 876 181 83 993 288 421 500 12 840 956 191 605 799 460 91 855 359 472 475 667 733 679 536 903 870 337 710 227 393 849 534 689 399 99 894 952 312 186 509 251 215 257 294 830 811 704 702 252 68 431 534 917 953 984 877 229 130 967 163 60 65 319 329 367 978 256 33 926 705 616 947 689 840 535 586 424 160 597 243 710 966 575 888 683 227 238 353 628 629 311 395 219 715 890 197 114 169 649 334 416 746 482 9 893 239 764 757 793 61 17 830 281 812 768 1 303 231 1 749 124 891 708 553 911 606 90 652 267 176 840 708 813 14 229 916 583 836 449 517 757 979 408 576 327 549 781 37 713 1000 371 613 732 728 269 103 513 193 105 353 429 429 205 91 320 473 361 477 335 796 519 250 922 354 870 219 303 650 138 464 90 440 907 951 779 980 757 678 930 638 411 94 176 590 94 890 410 216 787 86 88 662 449 379 84 161 220 498 567 550 666 862 966 157 329 225 238 423 64 742 193 337 36 382 2 48 119 19 550 332 468 785 929 511 498 60 89 298 150 981 718 746 318 768 628 241 497 354 798 448 730 444 329 290 467 159 28 434 902 663 999 650 189 390 98 704 631 212 558 116 544 3 100 342 188 817 969 541 186 240 672 494 912 554 201 124 459 599 952 545 459 656 312 741 140 132 800 941 744 709 733 454 573 194 977 675 869 195 284 473 907 155 432 424 388 991 640 613 256 525 104 634 920 671 355 617 100 292 412 218 897 621 245 952 347 893 213 501 18 303 282 602 284 48 488 509 297 803 775 991 261 94 841 206 392 492 459 624 319 988 955 110 235 132 848 497 959 813 992 30 78 390 895 728 173 431 258 184 255 73 692 780 509 523 552 202 700 798 782 473 412 8 375 616 942 24 78 368 796 280 473 206 546 131 257 858 966 841 312 222 329 133 61 751 913 51 850 493 52 935 152 365 296
358 30 462 510 780 869 990 738 966 516 612 312 372 326 892 273 725 618 530 478 626 128 344 505 742 990 745 899 689 639 543 884 706 499 397 509 841 713 95 207 73 608 943 514 419 306 8 510 240 183 659 254 118 458 555 57 307 553 377 100 469 844 353 19 943 827 866 307 768 978 230 337 376 149 348 686 344 250 677 833 313 490 47 274 93 606 535 229 999 272 946 85 976 244 790 225 37 163 795 427 384 461 558 609 74 565 250 699 150 629 777 482 960 876 262 145 605 282 856 13 389 932 445 902 432 418 306 863 373 576 855 954 129 923 648 340 703 286 795 426 839 980 480 94 371 604 25 268 394 424 948 481 430 664 814 354 919 885 960 859 751 776 509 805 308 745 963 96 825 760 762 815 58 939 664 54 707 290 139 685 335 374 466 523 260 276 110 421 156 379 469 104 14 813 813 457 428 459 286 308 258 906 324 969 614 116 733 552 441 139 733 406 587 392 831 747 396 784 413 25 415 360 958 119 549 851 2 168 627 946 578 352 20 156 853 715 851 190 495 373 778 450 878 649 666 531 528 680 920 812 982 991 42 636 447 437 126 509 563 356 845 854 33 560 24 714 220 839 820 713 570 909 502 465 802 714 439 907 481 500 320 841 542 286 41 164 952 873 824 565 986 685 613 548 265 439 125 299 920 545 259 813 170 740 541 17 735 523 588 889 49 141 801 546 692 586 333 412 945 178 507 702 786 702 94 358 315 437 775 165 701 973 719 538 710 98 29 532 877 717 43 657 249 869 310 185 512 108 99 560 439 565 144 732 344 810 353 924 117 23 823 871 32 891 206 559 915 483 415 291 969 341 315 590 532 284 540 987 415 568 364 412 588 817 499 520 177 358 566 867 854 947 56 16 208 614 765 773 410 520 820 414 40 737 602 161 390 487 645 205 93 886 255 805 262 407 434 805 658 556 191 671 280 245 60 791 138 665 350 535 269 692 412 247 799 792 265 538 784 915 871 203 171 274 746 283 298 51 280 447 361 80 798 238 654 336 394 212 699 585 832 414 201 348 886 6 534 341 652 198 882 888 219 722 480 37 727 795 17 250 401 363 555 555 460 7 517 508 858 670 117 930 738 934 290 616 86 716 474 15
133 299 470 91 173 201 456 217 141 273 105 215 650 455 70 619 545 691 849 133 385 869 666 381 245 85 650 441 765 638 37 370 713 746 622 319 410 836 998 956 877 837 915 64 964 430 415 546 990 393 191 99 603 397 123 241 172 134 429 302 5 393 61 989 862 690 896 663 778 936 149 597 968 757 152 484 538 815 187 897 709 2 39 957 127 34 256 656 394 75 345 775 308 444 330 140 639 864 477 254 229 923 830 394 686 572 516 456 824 780 10 363 587 526 823 236 346 346 363 114 992 268 796 285 582 707 615 149 659 158 167 997 241 658 376 88 628 886 619 778 151 625 222 986 329 547 381 143 906 12 93 752 475 241 567 229 854 219 73 175 73 562 98 151 373 754 959 594 800 524 45 985 606 287 186 231 165 330 795 253 829 303 313 230 788 353 454 606 577 570 747 358 287 366 28 958 586 663 321 539 216 346 419 962 969 743 614 625 735 632 45 526 557 346 717 316 886 445 779 756 52 737 835 17 87 789 117 483 408 951 615 970 389 766 852 85 62 663 680 121 6 435 161 133 508 309 687 54 828 553 417 95 331 250 610 797 61 301 93 594 886 316 652 996 839 357 955 763 252 780 191 492 952 940 268 330 219 949 304 89 876 233 654 885 463 107 11 883 866 229 394 789 286 131 752 513 323 589 169 572 793 884 981 36 149 726 558 874 520 535 686 242 522 817 561 441 306 268 194 792 744 783 219 845 198 506 741 16 258 25 774 566 512 38 814 637 960 137 795 452 21 231 707 465 229 218 146 486 599 530 350 870 22 291 988 995 373 303 627 38 673 287 428 377 747 612 211 69 254 927 772 797 804 764 209 184 54 460 703 325 877 282 183 332 422 960 205 164 948 391 483 939 851 735 259 126 617 397 765 235 351 996 275 618 87 589 644 638 421 336 205 784 329 589 327 686 128 125 608 849 159 496 222 716 370 243 833 727 676 218 406 865 811 962 380 339 911 817 204 645 604 568 364 927 649 687 457 664 78 960 381 467 480 108 114 8 110 741 889 482 696 898 36 996 790 261 625 205 145 588 907 22 804 104 187 76 697 305 784 452 903 201 328 705 514 777 981 853 383 560 746 773 485 816 550 746 586 326 201 590
957 845 141 253 67 368 629 12 225 616 894 118 950 456 822 192 144 119 284 910 398 338 762 982 807 756 401 602 493 496 472 665 173 831 42 195 426 554 321 277 293 192 917 224 30 808 751 956 22 443 424 179 268 182 419 315 622 381 530 906 733 539 259 503 415 642 716 182 702 380 185 451 654 68 51 314 731 586 819 618 444 273 643 75 350 585 137 159 441 5 332 987 379 749 960 76 327 118 789 792 873 26 644 225 35 736 281 694 384 77 449 25 587 557 191 999 228 519 23 689 412 809 121 495 240 152 20 859 863 740 234 427 520 231 593 62 43 158 560 672 822 747 245 200 647 221 742 544 575 359 367 511 524 4 684 672 448 339 755 504 768 452 770 445 237 150 501 178 783 304 406 576 905 61 769 319 254 151 549 853 206 938 843 431 65 524 366 573 765 211 854 77 402 447 966 655 900 603 577 608 339 291 198 50 706 831 62 921 665 17 235 433 192 41 631 240 400 726 58 362 152 985 809 97 398 904 799 674 633 653 4 268 351 563 615 661 250 743 136 754 522 333 117 675 129 452 228 395 233 331 33 665 952 711 625 856 184 114 560 181 398 486 509 286 222 133 768 145 985 45 44 439 915 138 30 133 98 923 720 949 662 153 353 525 825 933 46 374 429 58 956 869 55 669 153 729 492 385 360 466 70 363 860 662 810 975 601 587 427 650 570 78 513 278 583 264 329 986 835 307 533 96 242 269 599 870 797 425 511 254 333 950 558 183 707 716 187 513 908 516 420 418 429 350 532 481 778 133 176 122 189 856 500 166 17 254 446 843 132 514 204 394 375 367 918 268 627 650 287 803 654 875 523 269 3 367 451 319 720 296 827 320 989 16 18 616 527 655 390 43 456 91 840 974 448 734 557 708 778 228 890 985 598 560 541 144 104 465 386 456 196 27 792 24 688 609 140 735 594 618 896 541 869 392 386 680 376 842 544 22 429 849 998 742 873 8 915 210 32 109 471 969 932 370 639 268 964 616 271 409 71 215 267 999 933 188 691 87 97 403 157 845 825 936 465 453 414 969 143 296 817 955 776 106 224 745 685 75 915 269 368 169 237 884 763 916 638 393 405 512 5 891 332 742 722 955 192 198 493 644
789 165 357 883 129 973 693 856 702 792 624 688 930 44 381 155 523 911 464 234 877 945 338 247 538 378 970 844 948 761 878 192 430 837 453 188 346 371 809 344 710 314 632 922 238 621 1 745 890 845 340 606 843 781 875 957 878 761 751 760 744 372 840 522 965 897 942 815 901 258 330 766 943 878 94 701 189 190 888 646 561 583 977 490 340 604 68 905 154 485 905 712 828 439 309 670 979 38 228 960 318 291 315 205 406 499 712 490 580 500 950 736 349 189 147 815 140 334 53 409 898 919 403 757 375 746 278 813 8 434 402 355 338 536 652 869 753 179 676 719 227 487 783 967 567 727 576 945 424 548 473 740 256 375 213 912 321 526 219 720 641 240 583 869 755 83 769 510 994 784 541 631 707 542 554 489 576 349 830 318 675 341 996 521 855 456 753 561 526 686 667 829 598 562 830 325 522 624 996 596 71 462 873 471 845 242 585 514 77 865 826 893 491 495 355 394 315 47 969 550 344 489 593 530 426 329 678 662 571 599 545 260 109 801 27 666 831 3 113 532 624 286 199 760 104 333 533 50 689 163 268 340 355 662 370 722 973 853 472 979 96 571 265 48 713 682 625 363 157 621 908 179 570 407 280 250 436 695 125 970 964 377 155 516 322 652 654 783 310 367 372 275 794 671 671 318 516 510 853 645 570 547 997 332 357 835 220 659 417 279 920 921 877 742 62 990 178 189 242 690 799 378 709 160 170 138 810 830 886 179 835 715 357 560 839 591 267 856 955 509 145 887 403 456 312 716 841 443 783 996 545 392 551 237 300 279 602 477 49 304 740 821 979 218 468 504 475 615 600 9 389 977 951 288 220 465 500 903 708 123 765 699 315 622 125 272 707 630 129 120 845 750 20 130 902 200 835 306 519 274 912 190 798 454 689 658 266 905 92 294 120 359 99 826 692 459 719 716 969 930 392 425 373 373 882 719 811 77 427 10 625 978 339 424 402 818 75 213 537 555 331 771 811 738 552 712 131 91 945 937 97 57 631 840 713 579 748 637 28 228 847 808 674 779 37 256 953 427 426 727 881 228 239 266 383 506 218 401 36 313 146 588 157 749 530 388 494 839 109 207 939 651 907 531 916 281 903 428 614 933
366 434 457 515 830 945 942 409 625 874 854 70 987 726 1 124 659 280 87 88 514 903 495 915 371 813 92 511 642 115 346 533 933 921 253 739 822 2 49 856 972 910 603 666 23 782 731 699 640 516 5 517 455 974 18 268 64 353 696 605 784 920 334 45 161 825 281 778 234 797 570 391 280 735 935 351 16 495 236 568 640 142 459 479 85 71 397 193 288 921 818 63 246 565 655 429 692 969 427 573 47 253 548 159 111 707 247 158 948 437 180 981 58 164 500 33 303 32 978 860 474 918 173 279 323 354 831 350 817 649 141 312 543 480 942 668 559 282 953 138 373 670 388 668 920 4 314 444 108 867 639 608 641 692 320 1000 264 208 231 405 152 345 920 956 601 524 895 154 674 849 348 629 728 617 278 133 517 94 643 684 796 403 252 177 773 246 557 847 643 971 98 568 539 8 95 955 646 243 812 781 393 497 444 250 640 728 573 139 500 863 692 703 703 358 451 57 185 694 460 230 605 722 352 669 239 882 130 62 834 494 316 349 991 351 186 264 188 853 973 467 86 564 849 121 570 716 649 230 128 688 347 366 273 184 566 202 82 28 539 399 935 948 827 36 165 769 814 922 458 451 616 384 456 638 316 313 805 253 267 936 131 659 679 511 725 471 427 815 442 758 103 289 766 320 889 420 35 57 86 430 114 118 701 682 136 341 185 334 437 224 649 257 822 235 428 908 800 466 390 560 436 327 854 977 482 613 517 175 562 697 332 2 773 32 759 330 219 845 440 320 932 182 793 376 805 547 594 191 202 980 668 188 593 986 155 78 59 835 539 2 940 515 336 982 654 731 107 688 900 155 909 491 308 584 736 513 758 246 442 161 902 364 48 987 295 569 120 441 847 34 757 319 235 949 676 361 524 521 582 226 427 555 580 546 574 703 327 352 376 416 168 892 647 732 841 547 234 636 603 471 400 534 186 27 65 586 38 248 762 138 846 289 48 523 123 203 395 595 115 486 810 229 944 695 611 656 453 974 813 344 64 795 429 639 517 586 423 38 134 316 474 440 941 47 376 102 684 844 452 114 834 574 596 245 864 540 313 402 507 273 717 468 363 285 864 968 447 472 529 131 41 760 550 169 533 762 560 794 188 945
969 532 357 766 718 811 397 835 526 620 659 916 756 763 893 392 532 378 313 861 13 950 165 387 932 946 50 813 83 713 762 347 209 282 403 297 927 703 208 475 282 229 401 150 756 830 509 196 75 176 731 545 785 56 22 415 65 209 925 880 366 568 841 506 480 868 19 46 864 118 968 188 9 644 579 398 806 861 868 598 981 743 927 789 907 933 151 643 865 444 660 623 899 938 268 22 443 441 112 979 483 866 250 723 413 471 316 323 759 218 923 441 42 296 501 662 586 537 416 271 608 571 424 419 510 6 498 673 864 195 917 517 599 430 777 234 310 654 167 123 323 897 143 548 784 931 939 619 658 463 224 759 134 728 790 71 588 800 150 177 4 772 984 986 804 577 803 230 952 197 967 638 164 529 356 427 551 108 654 787 156 331 279 186 791 677 990 781 487 21 956 704 897 407 923 736 194 113 394 601 680 770 832 281 852 803 124 741 694 251 27 316 319 258 54 955 524 376 130 58 676 92 418 970 830 953 332 910 947 122 131 84 113 513 739 515 988 866 452 28 857 186 971 252 143 445 878 841 602 680 70 243 904 398 792 786 322 570 546 111 566 370 393 25 749 467 762 238 53 309 510 348 592 886 397 86 691 92 510 135 955 439 308 446 706 954 853 745 652 276 852 135 11 562 186 853 183 231 265 784 389 373 220 981 24 979 150 179 340 826 306 605 716 397 601 531 218 928 324 493 691 578 158 507 571 26 946 777 289 108 820 922 978 8 962 582 449 262 92 702 26 641 742 765 167 840 170 497 120 129 236 922 497 557 951 952 406 523 213 371 537 496 324 514 81 939 827 84 467 61 863 70 107 408 346 650 121 444 866 561 458 819 621 166 53 528 451 274 398 422 722 170 242 139 615 338 999 527 483 258 352 204 59 70 41 555 936 484 652 629 144 137 760 199 168 328 241 35 629 351 169 289 432 335 965 858 717 572 650 78 315 538 72 707 781 746 732 837 912 381 973 835 394 102 795 739 614 710 392 580 854 630 708 476 922 440 805 487 422 623 624 867 381 345 692 571 99 400 717 176 602 722 194 7 285 900 543 51 708 174 605 764 701 445 696 307 636 500 888 954 331 662 529 370 6 972 364 251 833 97
719 752 852 823 971 816 772 407 777 699 28 216 544 275 643 965 37 872 179 968 541 566 157 728 571 371 93 407 974 950 459 764 317 963 624 155 521 424 377 940 518 950 769 839 869 907 898 271 781 732 715 108 258 470 841 13 545 444 423 200 823 420 318 687 607 693 642 904 788 957 680 314 559 342 524 430 541 260 114 864 324 813 70 680 628 664 751 301 517 285 508 779 551 95 6 606 149 606 214 813 779 261 934 246 160 218 962 671 523 521 128 328 560 373 238 269 664 953 644 742 856 949 943 678 884 33 691 245 747 616 890 156 858 132 508 36 964 500 985 852 202 783 217 126 629 829 559 476 433 928 511 713 214 147 428 603 608 201 771 397 724 55 106 976 215 578 495 503 792 913 283 18 756 721 235 837 311 172 871 155 201 180 862 750 564 626 27 764 482 793 555 586 128 585 382 358 498 620 485 243 944 421 396 367 918 859 300 510 764 626 159 598 682 765 551 848 461 54 342 762 751 158 344 990 834 312 574 875 937 169 460 551 121 227 294 937 193 810 188 742 991 439 478 237 386 652 874 869 258 755 23 729 994 64 632 474 488 298 35 547 14 685 794 615 921 3 405 315 619 293 91 432 292 397 197 227 229 38 503 445 904 901 222 54 985 777 680 843 918 36 907 974 772 818 938 90 199 25 647 683 370 179 172 141 282 283 662 459 137 303 107 651 867 835 787 32 863 205 793 4 599 546 687 348 156 744 592 994 452 553 746 837 604 226 750 731 109 475 776 805 588 112 437 11 499 832 304 795 805 390 199 951 184 648 57 525 928 42 335 497 308 389 842 447 320 354 874 870 817 379 100 160 258 15 857 954 530 695 359 815 897 7 221 427 883 143 835 330 315 115 59 895 917 729 448 330 962 665 647 868 155 44 178 25 471 646 663 298 454 122 542 812 468 76 420 245 587 500 405 684 304 564 427 543 800 979 159 934 485 408 238 903 951 332 9 894 357 286 987 498 729 391 242 981 753 464 514 538 97 786 107 529 46 258 293 242 420 672 995 833 911 96 564 930 684 411 636 833 800 380 665 788 223 188 233 606 274 924 414 1000 304 852 613 984 42 752 324 619 620 620 814 581 807 621 442 845 639 572 27 71
947 755 682 924 812 224 109 432 424 199 306 235 863 849 779 343 163 585 993 908 211 26 137 921 575 125 449 369 978 525 48 748 929 731 668 326 529 156 589 723 683 33 200 300 380 85 736 358 213 757 867 769 564 431 661 909 647 120 805 196 851 971 987 250 968 991 351 613 973 664 258 790 117 694 667 936 49 897 892 799 822 71 264 927 542 853 56 39 458 554 843 835 201 595 162 777 364 126 360 108 342 449 332 36 73 179 658 188 504 110 627 43 334 446 926 15 793 997 569 954 393 64 873 256 447 822 428 288 582 750 59 690 508 709 86 649 942 527 810 573 125 13 217 779 681 148 557 163 416 156 418 784 231 890 420 500 53 545 69 816 242 751 28 734 245 767 204 474 364 607 223 399 722 420 840 834 573 126 780 920 647 690 9 602 376 173 134 160 703 230 373 350 445 653 159 993 239 285 327 144 224 381 892 326 51 194 787 714 890 442 382 12 888 972 623 125 370 889 557 362 560 265 785 178 6 241 206 476 812 247 712 352 123 188 274 244 78 844 811 687 657 574 359 907 580 490 513 610 268 967 549 155 8 929 736 599 981 831 169 143 447 681 608 936 701 306 792 773 337 972 771 626 369 948 798 80 520 663 588 56 916 486 182 39 511 556 355 948 63 471 798 964 202 170 170 178 139 798 420 722 332 337 954 501 123 366 505 189 40 533 295 608 982 884 328 625 718 679 635 772 477 35 636 174 713 382 590 303 806 184 308 975 236 480 472 706 807 423 510 987 6 467 475 478 917 982 172 291 587 268 292 568 556 924 782 654 337 437 177 208 459 766 67 28 309 312 483 224 294 485 803 806 739 575 144 602 929 230 82 546 33 767 286 341 937 20 634 994 260 518 578 989 448 626 963 350 183 790 956 549 781 877 590 843 19 611 309 221 433 944 95 650 484 10 482 442 209 105 539 421 975 852 895 486 842 435 312 980 239 450 490 857 956 699 217 45 77 637 872 6 12 68 524 266 453 587 903 10 538 311 500 769 191 696 886 88 681 474 912 493 792 169 720 134 884 319 335 409 233 977 151 336 353 915 912 22 33 479 485 154 28 62 860 298 917 712 273 622 393 295 990 746 598 722 595 886 490 707 679 93
715 802 809 978 118 899 907 673 225 129 521 888 681 506 530 747 682 948 789 219 105 25 963 960 875 913 178 88 709 469 807 879 533 630 641 535 678 585 30 869 381 465 161 73 986 506 599 814 269 314 890 935 937 964 494 785 974 720 221 708 601 283 237 428 720 946 849 710 886 950 274 77 394 760 117 307 519 139 883 767 305 549 902 747 272 548 481 946 678 832 986 965 630 365 431 401 46 778 749 816 397 809 421 274 107 885 867 783 545 607 295 343 396 742 875 71 142 758 34 429 68 780 909 603 325 367 328 325 187 515 823 139 546 266 546 654 981 200 957 941 814 541 838 329 902 181 29 284 358 406 426 140 14 317 817 987 699 960 819 935 335 972 24 720 890 989 918 656 721 420 571 173 330 669 988 802 961 406 997 407 453 375 701 74 783 740 452 877 353 891 265 570 79 895 245 362 265 846 694 445 587 221 654 848 377 813 623 652 855 482 706 269 97 863 195 682 635 687 990 841 849 28 308 814 124 875 962 143 791 49 282 886 486 268 89 548 834 953 323 198 396 507 234 62 87 894 756 882 519 448 377 813 693 155 827 614 828 879 748 75 35 234 306 324 679 434 853 146 505 651 704 904 467 272 597 87 292 562 206 238 892 641 567 65 330 548 303 989 346 932 531 526 162 253 462 653 359 540 397 240 375 99 47 792 906 385 311 271 766 216 968 385 390 95 358 807 693 583 966 698 546 934 662 262 111 849 320 217 466 293 669 315 391 897 756 547 859 569 254 937 540 357 104 595 329 371 592 161 849 961 198 820 906 677 838 843 899 68 859 530 491 149 544 794 310 695 870 237 300 218 918 35 400 772 222 315 793 997 348 151 882 678 285 907 874 942 362 306 604 328 323 907 636 168 61 663 372 735 362 410 606 443 822 759 506 718 975 223 159 489 751 407 188 218 83 343 665 384 666 500 472 502 943 812 562 812 149 410 221 788 38 612 91 36 1000 848 945 906 876 656 323 519 931 989 366 596 345 57 801 529 27 208 950 479 912 617 755 226 120 67 306 507 770 697 122 538 190 836 662 573 997 265 344 400 460 594 592 321 224 243 963 880 787 274 988 607 396 728 515 670 534 691 105 862 265 163 673 282 949 976
65 595 344 707 522 503 420 738 271 600 176 425 319 59 453 289 130 65 194 901 346 661 902 509 767 330 725 695 937 351 100 859 698 867 134 240 332 530 703 373 657 277 242 61 40 746 229 762 965 691 635 44 752 259 502 15 722 902 440 604 538 556 667 979 814 999 964 249 654 824 845 690 166 44 209 679 935 345 67 484 471 680 249 139 559 128 311 646 927 829 105 657 846 352 979 933 416 261 825 995 632 289 231 947 533 387 130 961 317 844 76 620 185 830 907 21 522 350 887 793 471 470 316 45 501 564 370 378 999 163 37 203 528 225 521 156 398 839 124 901 625 926 904 931 560 867 347 455 512 412 253 435 45 568 312 392 204 795 730 420 954 895 901 122 220 322 195 181 498 808 184 171 510 577 745 518 101 752 60 539 464 296 829 972 188 496 471 168 344 558 527 81 98 706 42 294 509 547 735 374 369 320 659 297 266 745 833 814 181 547 950 942 945 419 677 387 267 10 79 386 373 783 847 791 356 441 827 456 544 622 903 56 50 535 411 868 410 130 554 80 559 509 565 626 977 388 735 427 831 958 43 670 177 761 328 271 910 930 702 632 656 570 659 90 710 815 820 1000 386 235 226 299 520 12 245 864 946 242 5 174 70 892 277 692 523 455 17 249 944 980 3 351 953 756 195 656 359 398 925 997 979 426 99 265 475 233 179 37 431 462 483 954 82 747 55 356 977 310 91 824 13 842 775 320 394 257 634 269 196 832 440 490 70 691 455 694 672 819 944 555 332 26 777 679 485 248 39 876 429 599 11 705 476 704 42 872 924 837 872 940 529 846 923 261 56 764 265 361 21 771 248 571 270 588 881 96 49 187 889 132 340 101 567 889 214 932 170 359 29 466 82 588 529 713 482 88 594 996 348 32 111 117 22 740 423 337 773 655 808 573 698 493 918 531 687 835 490 415 930 784 404 603 7 907 783 109 967 304 453 25 567 30 128 557 647 467 329 188 97 160 856 206 902 913 562 575 142 427 212 583 768 444 472 504 125 76 304 638 599 943 742 52 922 885 103 136 62 189 230 842 175 208 200 224 403 249 851 756 607 325 739 243 511 392 948 761 901 684 133 197 691 242 975 765 839 187 565 406 175 92
131 279 228 93 161 72 892 797 654 517 560 376 634 728 188 327 397 937 752 237 909 204 946 226 764 977 990 906 299 207 710 952 760 35 363 715 690 470 518 233 788 611 712 230 246 539 524 764 471 432 426 924 913 916 530 187 910 216 698 12 218 361 416 77 460 310 602 124 681 493 891 264 407 949 905 816 364 384 550 359 87 272 63 256 839 891 90 896 377 596 243 354 216 304 223 322 226 572 956 144 247 666 317 246 429 954 572 916 585 523 124 968 118 743 855 919 536 512 81 78 78 861 174 984 833 429 639 910 562 929 652 323 973 778 852 798 428 685 47 237 591 54 559 341 550 276 992 535 709 362 186 411 471 322 971 141 947 287 636 683 305 288 771 916 893 810 471 690 304 670 308 911 849 837 217 792 219 792 50 224 966 625 286 5 403 473 785 127 299 88 740 493 18 899 417 420 28 366 840 774 293 247 834 795 774 916 114 694 307 761 813 617 701 231 431 788 136 228 173 949 357 147 504 181 669 905 890 950 709 21 570 542 904 628 437 53 224 45 416 557 394 441 549 887 332 238 357 990 258 127 670 525 822 21 103 395 725 697 576 757 195 788 875 169 398 739 798 462 498 909 117 201 110 860 437 938 623 440 174 555 356 552 378 942 903 674 177 158 425 827 378 896 545 531 746 546 32 33 239 414 85 681 505 662 663 583 805 31 744 270 167 744 254 17 215 200 198 646 890 661 538 400 877 698 350 463 833 321 475 322 197 440 621 111 273 732 877 173 150 594 418 950 751 833 274 838 171 190 288 825 599 14 752 232 854 282 122 695 205 984 219 504 511 539 294 742 559 11 744 929 605 308 661 183 453 846 120 747 286 808 703 900 655 465 687 441 362 812 139 507 995 250 673 629 477 449 99 781 355 893 22 812 651 71 653 566 398 458 431 48 502 296 522 8 711 724 790 219 435 183 559 887 65 276 50 703 681 680 951 649 701 79 694 222 844 620 399 689 309 10 508 132 36 986 728 559 792 443 990 767 324 412 707 126 961 971 881 950 473 979 271 556 823 578 254 590 872 191 14 402 916 516 689 806 470 575 351 355 937 995 409 81 730 182 749 358 409 760 479 139 411 848 843 912 237 424 820 673 78 271
609 437 963 714 619 929 250 170 219 446 825 655 273 598 953 859 440 244 103 564 747 679 757 557 687 373 11 797 380 500 503 511 937 461 97 23 442 781 360 269 641 471 463 575 327 171 496 921 557 154 42 757 328 863 259 315 284 366 221 283 199 376 287 701 110 240 387 976 378 80 594 302 328 744 409 670 811 313 515 291 910 732 105 386 784 825 964 930 233 156 711 690 192 239 681 580 943 917 786 651 112 898 79 348 330 292 18 555 455 369 912 537 46 260 489 214 783 624 891 116 530 236 95 93 680 707 570 162 354 281 77 878 185 534 524 479 223 336 577 530 656 796 359 370 131 142 660 189 230 718 808 490 329 953 709 226 806 731 228 400 796 289 992 735 260 328 704 227 540 460 740 436 636 87 920 575 409 453 372 54 131 311 151 678 188 356 74 391 562 50 662 620 871 347 268 132 824 632 766 535 60 149 203 922 207 160 892 943 765 853 65 982 249 123 166 861 643 175 440 714 967 805 858 275 293 200 279 485 514 322 416 889 814 267 198 134 888 387 603 448 404 203 991 494 357 472 790 631 987 786 914 1000 929 454 166 794 271 855 957 306 780 464 424 943 342 801 123 313 624 793 868 119 580 403 588 419 315 901 11 186 589 341 629 399 678 761 171 827 73 142 46 934 557 193 39 493 209 243 511 902 386 172 702 565 138 76 529 207 433 780 201 594 931 239 955 996 988 175 258 668 25 472 714 743 923 802 357 292 305 58 826 941 567 30 607 299 728 808 534 625 840 835 570 22 756 402 12 205 494 550 926 719 499 347 709 149 544 672 955 809 79 215 289 186 171 85 892 695 999 904 197 992 293 675 253 77 620 718 727 319 262 647 847 259 463 403 510 315 374 616 467 819 35 286 41 409 991 58 296 638 360 482 802 318 265 95 371 891 989 410 422 664 370 306 612 130 221 225 262 786 217 553 435 680 286 748 398 587 630 697 201 199 544 189 558 448 289 862 532 230 766 798 658 847 819 754 645 111 910 132 140 828 818 225 660 24 793 598 46 714 270 844 39 732 539 612 107 370 261 949 705 274 720 464 258 115 699 590 429 704 790 529 704 384 827 46 251 650 494 44 342 778 612 633 38 883 614 677 780 700
289 873 964 245 601 969 562 80 394 253 864 469 648 74 568 695 628 538 805 90 258 203 217 985 363 291 14 446 215 752 716 833 351 686 316 65 544 889 492 652 412 287 308 489 12 163 955 456 358 937 937 950 642 958 113 954 183 814 384 100 202 833 108 271 785 312 504 13 156 158 529 216 697 792 857 336 446 957 217 863 39 630 605 597 541 601 254 636 56 858 543 907 712 855 241 365 283 154 194 865 240 589 376 282 48 369 834 262 24 543 852 475 787 323 801 353 457 953 430 271 586 719 751 939 194 312 865 803 551 325 289 316 148 911 179 174 714 715 354 23 468 666 878 867 164 543 231 632 400 241 402 463 124 224 101 651 451 671 696 50 877 808 345 960 649 308 512 806 885 316 311 921 995 979 282 724 240 421 415 354 10 190 233 904 532 955 326 725 326 940 200 343 806 85 422 491 369 701 610 95 858 19 666 770 422 689 500 548 248 400 723 983 574 944 265 628 180 724 511 332 713 660 513 924 863 78 917 999 57 178 722 47 571 24 49 415 23 757 738 248 184 966 501 785 970 143 196 800 346 218 907 730 947 52 309 819 176 358 814 705 698 72 626 512 374 396 720 150 203 433 303 996 971 37 235 985 537 350 338 824 841 834 759 597 920 633 562 994 499 456 362 828 558 495 378 332 511 441 144 654 976 462 762 911 180 395 910 609 41 338 737 187 986 528 782 466 941 362 714 860 748 677 929 622 951 962 377 533 179 556 389 353 107 246 927 673 440 268 462 112 942 468 120 619 235 380 649 727 745 271 687 31 856 910 998 551 391 334 28 805 437 106 6 311 708 506 184 878 591 600 467 473 823 642 481 955 899 384 424 192 184 552 478 138 315 251 634 675 247 461 419 182 674 2 907 996 505 863 905 652 736 573 632 490 10 992 43 526 971 437 664 162 674 873 949 409 237 840 506 178 582 540 333 984 605 192 598 56 946 877 474 2 418 596 563 948 3 532 30 287 30 550 900 345 889 399 776 62 267 905 630 974 154 912 552 667 539 496 694 941 125 670 950 456 604 945 860 95 204 744 896 838 653 599 242 209 335 612 915 51 717 796 115 997 621 667 306 740 819 122 108 664 740 288 411 959 163 728 260 168
819 548 970 5 989 336 41 904 904 748 643 489 400 596 40 272 735 79 549 880 222 718 548 46 83 446 967 709 867 809 751 899 122 183 779 496 387 978 299 925 21 656 258 114 641 507 3 567 556 551 849 294 189 228 260 310 660 253 277 986 412 173 738 212 261 46 132 1000 34 529 402 377 570 227 674 809 889 993 939 551 15 231 821 123 225 482 625 467 844 480 125 743 556 426 954 519 419 887 656 67 786 77 374 689 111 138 711 857 23 86 950 524 494 243 567 555 146 387 550 192 451 948 669 701 95 902 294 484 555 297 792 885 678 199 28 984 963 831 405 114 653 374 33 857 928 369 566 262 923 521 621 513 955 138 292 625 212 863 343 183 422 632 620 552 858 218 156 878 430 141 909 800 607 76 846 912 351 279 961 714 388 681 94 690 561 790 245 278 391 452 469 607 619 730 419 166 363 347 641 856 95 886 554 150 411 516 701 693 336 798 58 688 714 33 328 569 73 330 45 525 973 855 516 86 144 371 66 572 335 445 164 48 809 556 258 521 641 595 718 112 714 7 453 639 631 3 908 522 102 399 875 887 820 542 842 151 205 149 249 841 323 236 779 610 441 360 43 313 152 376 423 635 48 370 644 344 5 368 436 870 849 1000 724 780 816 780 956 390 583 747 719 689 343 410 247 818 3 594 525 644 725 715 325 316 996 673 203 658 658 716 873 258 660 396 561 748 431 147 938 513 952 139 509 795 959 548 167 59 616 999 722 506 419 875 214 940 107 602 212 450 152 697 765 511 73 186 442 2 447 783 341 939 116 732 954 546 817 859 457 340 499 288 910 805 940 906 415 572 541 736 630 905 399 499 436 612 71 602 698 824 951 362 383 719 77 750 353 704 498 178 206 457 865 618 783 904 693 22 705 106 730 198 172 812 638 161 549 281 310 861 711 994 437 152 280 652 545 497 914 613 884 370 548 945 734 898 946 970 726 713 633 216 789 355 117 877 585 26 268 871 512 757 88 785 293 705 530 517 834 744 543 999 641 637 651 830 561 400 528 124 88 316 266 693 28 577 888 116 747 223 388 703 830 964 669 456 890 531 220 918 662 759 654 690 320 556 651 837 656 334 117 55 668 830 890 696 258 103 401 964
472 475 413 469 757 81 533 152 654 827 353 724 2 584 717 543 70 365 883 808 431 843 90 603 272 263 792 855 707 569 802 252 140 382 419 566 483 395 24 56 581 60 169 689 512 911 786 975 94 431 960 161 766 100 372 808 97 472 704 605 442 521 672 482 827 629 830 347 120 152 71 420 515 225 965 518 571 256 255 743 985 878 530 694 465 292 833 55 731 770 348 410 124 1000 69 124 569 631 150 879 471 318 161 403 591 266 799 17 46 986 170 411 365 847 597 5 587 923 708 501 856 852 41 313 862 239 887 472 716 421 607 340 159 182 970 30 863 21 176 150 200 210 897 855 127 681 790 575 595 75 33 323 628 974 554 917 920 380 369 719 666 134 257 380 658 456 546 418 602 87 55 553 238 672 290 793 531 927 319 931 385 946 509 851 577 854 367 106 355 477 587 876 641 66 758 432 645 726 124 93 364 84 655 250 730 746 929 907 749 613 994 626 276 354 589 998 375 438 342 690 227 980 919 991 472 314 861 527 41 70 849 827 275 360 873 240 44 526 896 707 687 611 505 929 821 752 315 491 670 401 720 406 466 618 846 189 31 873 312 579 716 799 112 116 819 808 362 32 906 529 243 60 791 911 879 483 334 514 579 794 897 965 610 588 925 916 917 912 476 994 487 211 35 468 442 630 208 626 222 105 617 589 50 943 554 192 186 35 316 612 931 105 430 506 86 756 292 526 586 196 169 468 504 482 496 650 681 930 285 750 194 463 477 166 187 904 574 478 403 830 872 219 190 770 543 390 286 125 142 943 139 773 573 184 532 772 634 992 697 806 78 695 994 770 961 458 267 257 174 172 814 563 87 489 657 420 317 310 988 296 138 218 503 773 130 121 132 968 734 719 807 645 160 946 634 154 409 303 302 255 664 261 821 612 866 13 166 826 755 836 981 979 19 664 817 136 719 296 738 134 964 955 15 620 934 733 963 786 375 769 415 992 437 188 449 375 610 485 988 626 513 7 257 727 323 845 691 465 78 460 847 388 90 563 435 245 895 496 190 690 532 485 214 86 116 141 627 884 921 794 421 190 939 444 333 589 696 685 890 440 182 27 748 635 289 600 406 312 148 243 919 671 296 923 409 768 867 857 418 307
591 853 602 188 808 480 460 520 906 292 235 972 781 12 267 834 227 531 74 898 382 163 168 93 288 790 456 424 753 284 979 867 980 614 354 214 257 592 65 614 381 50 395 536 125 613 260 192 944 920 421 385 857 574 839 325 263 443 322 491 391 171 479 144 263 410 417 448 292 170 985 696 959 149 999 790 970 916 301 686 991 963 195 279 1 936 471 801 937 698 474 804 742 385 968 182 72 28 780 653 895 67 866 921 706 873 956 314 136 101 440 882 65 93 720 178 119 209 114 251 210 931 166 585 893 377 943 276 718 128 717 624 443 298 209 152 197 385 85 976 93 368 290 860 567 739 73 857 577 437 511 946 313 303 81 591 413 163 872 398 757 217 728 793 310 503 176 775 789 965 88 143 474 369 442 197 35 52 927 310 858 587 339 513 733 834 933 654 595 986 809 231 793 311 887 361 287 148 115 288 604 513 590 398 856 299 988 796 491 747 842 945 489 557 151 597 997 612 121 947 913 337 874 580 520 640 787 151 803 990 298 753 608 464 142 169 568 393 767 977 868 346 139 134 793 704 672 484 68 625 200 131 780 537 579 460 377 587 401 486 360 567 381 118 562 55 416 359 705 123 319 35 233 767 214 856 724 6 749 191 217 687 390 219 42 81 25 399 541 919 207 547 346 266 722 793 699 47 815 186 716 354 343 29 140 492 17 165 683 49 816 640 720 211 618 859 419 953 49 123 460 109 115 394 302 778 784 721 601 528 915 64 882 524 739 192 959 218 157 209 760 907 648 386 564 241 125 779 512 370 927 571 732 76 953 469 799 277 68 901 411 227 866 499 739 572 502 717 466 253 403 298 377 43 363 921 483 473 606 158 464 174 592 647 917 588 63 502 707 533 788 363 601 493 306 289 545 495 307 799 617 183 313 824 434 50 678 349 298 465 966 631 352 791 560 52 294 331 112 249 781 473 867 929 806 953 742 368 958 1 513 703 633 680 138 345 741 653 272 995 568 112 238 645 525 677 406 217 900 421 536 169 785 641 264 680 517 443 541 133 319 657 424 967 22 845 155 153 340 295 697 912 596 150 731 998 94 219 224 236 951 678 140 467 178 432 570 251 472 397 894 914 878 229 598 394 461 337 455 794
114 735 495 366 782 427 687 774 98 345 832 744 951 694 764 525 177 329 919 21 148 742 17 323 719 197 708 227 799 61 543 445 72 157 39 933 662 678 779 564 355 14 783 3 388 723 468 699 704 935 706 649 664 743 142 617 706 116 800 889 770 875 646 945 608 762 250 367 629 996 652 266 174 673 900 771 83 484 659 297 66 361 991 160 949 823 674 532 807 548 218 552 30 665 21 563 50 110 733 68 163 510 631 125 974 649 347 241 44 944 488 663 933 51 93 882 782 699 129 222 249 384 870 692 28 915 565 409 983 828 737 964 441 976 271 634 126 841 171 77 730 731 122 874 800 356 28 870 425 359 924 855 997 339 650 569 916 638 627 123 838 86 640 358 201 443 917 655 561 985 709 965 232 130 826 726 290 120 792 68 190 103 564 917 933 726 673 533 531 592 734 641 587 108 437 488 609 931 827 33 405 728 353 75 485 548 182 381 77 911 66 438 852 997 275 149 793 452 117 314 768 374 533 225 995 407 767 830 144 42 851 814 719 471 741 709 548 565 940 692 54 932 776 464 841 680 670 567 995 367 55 339 628 916 765 701 75 827 549 335 838 688 154 391 2 838 565 937 56 235 894 256 807 842 76 774 10 440 380 782 939 610 191 390 44 91 825 14 352 403 763 443 763 88 709 230 607 887 56 764 657 368 753 109 656 955 475 927 114 782 881 700 130 701 482 277 948 572 147 3 159 330 307 190 640 114 15 743 661 454 632 325 530 801 758 656 127 691 835 926 717 190 648 461 242 73 879 753 152 769 574 33 653 351 285 74 748 837 40 621 656 253 294 717 642 955 211 897 970 397 970 24 981 378 857 270 746 724 474 339 468 868 497 286 787 915 816 951 663 556 3 37 221 808 538 877 229 138 975 746 195 95 797 326 414 296 591 161 625 658 526 915 516 963 966 57 272 218 132 857 289 669 839 303 335 980 356 384 892 801 624 191 406 510 893 30 146 471 206 985 633 453 505 937 701 947 834 711 702 299 180 506 741 968 242 927 98 407 304 807 394 851 517 267 120 675 650 646 390 18 71 492 607 852 828 73 620 284 680 449 88 435 931 645 991 536 943 63 84 176 220 968 324 896 179 917 263 889 100 31
601 938 894 437 344 203 856 646 888 588 804 885 554 260 67 626 813 660 29 4 82 840 267 152 531 623 810 859 491 943 129 509 40 891 602 505 583 332 626 6 769 321 485 686 775 514 151 624 665 610 88 966 505 581 976 499 28 321 514 324 991 633 101 571 461 463 821 294 864 232 549 879 593 428 555 34 690 18 514 676 37 231 423 238 543 503 318 684 980 814 99 280 990 196 84 93 21 779 644 32 191 11 896 452 875 826 337 808 274 128 360 843 112 613 137 317 201 550 813 904 727 751 717 884 793 239 207 534 993 788 545 681 272 885 825 645 255 497 18 135 779 386 132 301 571 862 677 344 990 329 606 86 558 812 291 120 923 323 628 42 297 623 320 814 307 626 337 780 960 936 592 289 642 181 762 924 65 901 619 327 802 550 84 409 954 299 504 376 18 334 998 119 419 674 847 182 590 35 964 281 456 503 352 306 917 729 149 372 704 490 421 618 797 148 555 438 396 18 893 390 451 146 134 640 96 621 714 15 910 5 52 860 351 606 747 739 915 568 703 704 352 893 327 593 146 388 213 938 342 930 837 70 879 773 371 914 241 463 906 56 617 398 941 418 768 715 158 41 513 698 607 40 370 212 971 453 837 784 754 198 749 670 464 25 132 161 675 314 486 79 715 827 896 590 592 849 225 479 621 571 747 30 77 957 898 322 302 658 162 871 349 417 527 354 603 782 824 645 933 54 414 830 347 460 517 991 610 234 689 824 849 397 645 895 259 859 793 26 795 486 857 960 102 411 84 874 120 401 21 165 174 39 866 722 811 31 283 354 89 471 804 175 392 468 785 754 882 74 564 333 898 684 194 635 382 577 196 291 615 364 882 956 486 494 198 296 453 483 181 119 364 586 453 964 923 666 470 5 811 864 439 203 411 37 665 285 790 546 798 3 156 175 417 258 10 695 700 2 648 24 467 164 968 120 374 669 391 489 32 687 986 746 786 97 291 352 645 294 491 618 820 402 247 186 979 125 750 839 641 823 581 54 667 613 24 211 912 466 500 829 203 973 368 939 739 789 804 617 222 880 394 316 87 65 522 403 57 977 489 739 496 532 882 461 136 72 366 771 104 348 652 76 539 992 977 90 712 480 516 712
967 556 721 405 655 757 252 254 719 69 430 667 989 986 874 807 228 914 546 455 132 350 135 152 490 180 821 38 535 226 10 398 297 701 601 927 608 707 474 987 497 968 283 889 90 297 197 45 693 606 244 377 129 400 26 986 969 425 290 873 696 485 746 185 492 894 792 967 861 599 127 708 836 568 23 845 607 581 613 551 101 231 575 693 304 876 239 136 953 866 265 748 203 740 880 772 549 928 898 277 179 628 924 702 429 502 907 24 626 125 349 599 365 160 114 207 567 678 75 94 927 609 264 107 328 482 395 797 490 568 948 208 80 805 362 61 555 990 529 106 896 836 554 681 684 733 685 963 382 710 454 471 216 447 117 633 984 507 692 320 120 333 865 931 420 782 424 579 809 403 305 509 700 972 801 706 685 171 341 125 528 771 778 624 724 372 192 960 762 567 17 863 189 762 850 291 322 174 100 206 877 485 146 327 733 603 184 109 788 37 299 98 377 114 956 349 53 808 191 597 406 168 349 611 869 596 985 965 140 135 715 271 88 185 884 318 333 228 647 321 936 883 461 906 326 701 59 406 686 63 689 421 697 95 86 555 347 86 282 160 678 114 765 234 882 586 888 25 624 363 330 542 337 647 924 948 142 191 119 274 969 814 280 246 978 736 302 360 102 90 329 818 881 575 879 780 625 146 543 995 451 266 354 712 962 899 404 780 112 137 600 668 385 460 325 117 968 833 682 968 476 39 946 80 189 580 184 712 997 993 115 819 760 396 294 762 109 559 970 280 737 534 331 279 215 125 734 621 771 262 303 404 40 147 362 602 560 316 312 29 788 788 483 695 223 876 557 374 141 988 726 586 999 471 238 48 181 107 594 737 250 382 115 584 516 741 191 503 697 767 518 3 228 901 930 307 559 505 810 801 806 912 263 721 228 701 297 427 525 857 756 295 126 994 270 133 17 779 820 913 953 895 607 166 600 923 441 14 335 316 384 434 1 450 239 74 490 328 347 940 632 510 155 385 395 209 953 79 225 301 52 3 910 993 528 993 766 937 202 286 830 514 810 834 569 185 571 839 305 174 483 880 56 787 457 701 573 795 395 335 736 829 980 945 686 654 669 700 803 241 544 412 897 730 972 603 864 562 536 138
108 16 501 493 557 842 433 9 146 956 904 288 290 999 617 425 403 821 44 584 713 659 253 68 10 138 2 928 152 59 630 974 475 653 200 590 974 724 383 808 837 299 448 118 727 316 294 645 320 222 813 362 556 477 784 351 428 663 438 961 603 550 788 821 12 239 599 915 879 457 114 444 17 139 429 492 255 192 9 442 168 295 842 61 502 387 653 509 931 111 391 355 961 66 458 414 989 292 690 320 430 775 120 478 162 39 595 429 659 333 287 748 800 395 19 57 41 400 573 29 68 602 164 957 281 682 242 983 803 579 659 570 226 585 594 24 706 323 529 479 389 554 255 922 282 724 447 346 213 559 624 887 75 272 534 780 302 603 410 945 626 844 861 668 741 164 971 866 586 346 115 597 600 716 898 110 340 964 997 17 73 357 627 332 231 303 602 747 244 847 542 975 193 376 947 556 943 765 526 560 175 560 563 650 209 892 948 854 864 546 126 731 149 710 658 53 263 699 125 509 178 190 40 693 886 141 777 74 200 288 331 27 437 803 508 783 190 547 998 705 946 61 595 344 163 992 768 307 7 244 979 807 884 691 280 128 102 826 979 805 994 965 397 442 816 383 511 897 304 435 355 689 533 772 341 211 723 579 450 827 909 539 256 797 346 900 472 854 170 760 3 379 677 785 760 98 428 323 140 17 414 382 126 522 640 955 68 537 282 688 56 276 515 788 942 3 700 561 126 887 141 602 686 130 90 401 607 617 38 67 103 249 904 536 410 153 329 455 52 697 749 235 568 519 732 539 100 86 393 705 327 794 9 653 445 713 541 857 512 34 739 602 461 273 484 168 184 481 415 224 237 356 441 544 670 443 492 952 233 949 771 52 139 853 92 905 160 208 500 184 584 573 207 39 994 524 555 503 12 807 737 194 160 768 67 80 949 531 967 432 966 382 941 495 288 345 241 723 614 685 14 4 351 436 228 307 32 673 878 851 726 800 778 922 227 948 825 562 686 20 727 236 904 478 934 975 441 863 125 38 507 935 159 260 303 751 186 227 862 985 989 814 846 208 603 444 903 604 936 772 433 730 387 495 305 18 197 858 836 407 330 172 418 608 882 860 608 191 41 863 635 270 99 389 512 93 252 104 798 697
582 729 464 728 777 473 927 613 428 549 715 61 156 974 221 81 562 667 436 397 58 102 572 132 412 408 74 153 627 537 397 818 781 401 900 636 466 721 187 652 43 64 581 763 419 588 695 220 318 424 290 482 653 874 931 102 462 193 789 903 26 294 522 492 894 75 26 727 796 244 447 309 88 44 654 408 166 380 848 135 491 543 579 62 899 999 800 647 25 489 512 76 898 382 551 1 465 139 447 495 293 306 945 488 315 697 155 46 690 964 121 642 121 564 290 39 316 978 196 389 470 249 387 718 709 492 771 211 731 105 298 898 714 830 808 993 475 697 788 444 366 939 147 73 270 466 694 887 898 552 876 817 783 796 816 301 149 981 753 33 178 784 363 12 182 119 958 38 821 193 852 576 881 427 94 583 1 925 853 342 788 67 227 922 669 229 989 241 930 417 559 959 106 953 949 928 977 197 368 698 182 766 55 414 920 237 847 355 254 353 529 821 482 421 459 172 167 610 10 498 208 77 340 481 932 299 564 262 483 920 234 659 502 902 914 944 432 331 885 900 522 109 314 413 324 441 923 142 889 734 953 537 947 917 252 218 31 627 702 477 602 671 343 914 252 582 746 819 794 619 151 310 336 273 332 237 288 992 782 582 19 573 344 213 813 198 72 312 443 878 995 177 999 314 721 96 802 697 637 341 420 307 32 286 497 942 4 474 94 625 528 205 919 407 714 525 119 135 459 630 199 931 56 454 56 875 245 158 478 247 486 762 939 224 739 238 608 803 180 576 691 512 816 702 464 1 904 394 135 334 889 417 691 520 195 808 93 540 211 869 496 669 585 641 50 285 598 108 576 427 659 666 690 572 777 930 89 589 325 25 278 856 648 529 911 741 374 679 802 133 16 695 258 767 554 522 919 455 750 434 915 151 987 198 276 794 961 448 165 190 591 754 208 490 113 773 330 578 719 353 709 44 163 217 359 570 990 404 609 566 837 246 506 120 5 52 62 845 337 834 155 322 467 829 491 711 244 343 297 707 28 807 523 114 552 101 207 29 77 345 65 478 814 925 590 830 819 887 478 788 111 351 938 742 556 524 602 930 739 62 238 606 958 472 577 312 625 353 914 584 38 975 492 173 169 223 703 717 282 727
89 504 794 772 220 544 922 211 495 316 372 321 749 376 956 157 566 927 440 351 917 199 471 122 29 488 249 71 101 454 474 145 637 488 362 135 181 250 730 982 911 49 619 520 600 841 162 782 671 147 70 314 409 579 139 750 293 941 916 552 142 380 36 785 586 311 896 965 261 848 711 160 770 765 3 67 199 454 502 142 233 574 109 659 668 553 153 500 632 975 117 35 826 254 547 104 382 488 112 802 166 777 125 323 567 332 550 557 148 554 703 80 219 934 260 823 756 780 88 523 568 471 143 521 951 441 186 447 104 527 818 506 683 454 150 746 15 574 385 432 716 899 997 215 884 539 978 71 155 810 793 207 720 580 960 719 98 84 213 91 641 516 312 623 791 200 71 348 459 966 890 663 245 178 862 629 222 273 810 35 746 10 381 821 929 987 850 242 607 749 150 785 812 164 627 984 92 910 97 49 810 246 862 746 947 399 791 134 43 32 474 914 34 963 828 459 450 759 535 687 620 209 304 282 492 637 622 409 961 427 939 468 801 518 544 376 346 877 609 760 448 989 308 290 214 477 350 468 34 432 815 905 973 501 473 753 515 521 743 927 411 852 699 310 194 793 878 138 818 869 699 66 450 474 143 586 103 687 367 771 643 316 895 860 389 780 720 227 611 347 923 87 941 217 11 991 755 818 298 28 965 560 68 408 383 647 38 193 630 31 49 5 86 490 595 626 157 61 10 675 900 460 858 771 512 220 871 101 602 279 895 800 108 468 40 610 698 108 306 271 586 739 761 355 524 503 302 972 972 673 393 794 460 18 531 699 37 540 556 454 629 439 174 804 719 781 461 435 969 299 389 700 88 805 943 485 289 343 981 828 678 72 357 233 514 810 820 519 898 140 703 301 556 96 515 528 516 283 748 287 862 674 531 995 180 210 70 538 116 437 328 583 406 338 753 187 487 300 247 939 192 507 23 975 19 365 194 881 945 927 114 403 597 224 181 152 138 19 488 706 893 324 575 698 15 854 218 785 883 805 732 534 322 332 206 324 488 37 630 236 539 868 972 375 810 873 952 981 127 698 982 299 380 448 388 123 828 237 260 358 249 40 649 875 841 513 567 363 451 641 124 465 160 326 238 394 1000 454 344 314
829 377 794 478 328 881 904 827 958 885 738 480 434 976 904 60 111 867 500 688 82 28 923 866 101 337 901 623 426 57 40 665 249 676 44 362 485 342 325 814 155 936 45 3 772 306 539 910 324 851 336 362 579 536 869 944 824 444 397 843 894 695 823 150 58 188 443 999 107 100 230 262 503 741 837 190 203 211 417 712 289 259 284 794 836 259 475 436 848 962 347 676 742 438 750 987 725 919 963 968 181 540 937 126 180 325 601 186 780 289 501 157 499 689 466 796 101 22 920 835 775 824 803 520 540 460 103 375 38 971 121 421 148 116 785 796 645 685 126 724 846 490 732 32 589 432 276 362 395 423 7 621 208 58 858 445 674 578 38 707 431 548 450 220 232 697 479 516 735 685 617 933 929 399 327 702 781 81 215 476 355 801 59 549 806 652 228 578 851 616 102 842 140 710 398 187 893 754 27 831 333 447 497 804 240 330 18 98 886 521 258 74 856 375 576 948 491 879 238 768 904 406 975 152 320 532 746 89 649 788 85 821 393 90 445 326 61 543 88 396 302 713 587 38 272 774 719 680 608 232 81 942 137 150 158 524 475 533 159 118 13 152 383 274 44 574 27 666 834 312 613 5 268 81 295 333 423 760 435 460 631 363 177 764 621 175 652 945 882 919 834 696 786 511 600 601 54 746 918 645 667 79 617 991 371 213 90 697 115 180 929 951 475 739 407 653 920 774 497 516 336 50 411 304 508 332 630 630 728 493 42 959 771 303 729 2 944 849 361 61 127 686 60 296 300 866 781 942 38 747 624 292 79 524 264 583 797 281 632 594 223 771 599 842 616 752 458 31 262 869 514 94 738 485 154 631 75 859 177 809 974 876 661 409 50 615 329 530 143 402 900 555 673 458 912 211 48 382 449 624 879 916 144 552 349 632 651 888 305 224 600 230 345 43 986 584 57 660 72 44 999 133 851 477 452 644 935 48 171 905 150 566 719 634 944 656 702 387 95 610 677 401 315 757 91 527 57 55 654 386 763 65 739 913 239 80 420 453 543 751 761 428 217 24 807 208 564 423 23 258 709 848 34 223 155 974 95 700 868 237 623 431 395 597 394 167 553 927 234 145 698 658 521 566 861 234 90 219 143 40
576 939 261 834 255 605 325 689 786 733 546 598 149 926 661 841 166 254 2 527 277 427 397 385 501 60 245 312 153 187 844 586 112 281 538 219 826 522 361 318 677 266 281 169 666 229 76 768 985 150 966 302 983 833 693 173 469 712 634 742 825 910 51 505 117 341 770 197 290 299 543 721 768 88 454 629 251 51 618 800 842 228 186 460 6 879 831 764 384 120 494 686 32 394 903 237 392 632 491 482 112 514 475 652 173 429 785 801 870 640 13 261 467 214 801 667 510 564 155 165 956 442 848 943 437 427 998 303 635 637 429 60 887 365 15 941 573 37 965 139 145 359 640 227 81 42 121 526 563 625 30 24 891 739 821 562 673 647 663 245 814 647 27 278 918 690 381 878 22 808 371 286 779 422 524 632 890 698 767 445 619 224 973 768 90 481 888 535 15 350 27 558 947 625 413 849 854 720 143 566 836 868 490 786 379 793 310 100 469 950 32 462 284 275 967 766 269 178 466 635 809 57 98 692 268 800 994 744 484 547 430 800 301 214 970 487 844 571 515 286 68 948 593 954 208 575 229 20 190 328 191 747 304 538 410 736 557 573 777 813 909 880 656 973 518 509 998 764 332 849 305 259 858 968 937 106 36 464 573 79 905 713 758 710 55 350 344 405 720 865 225 846 191 789 321 313 403 717 515 133 249 173 297 263 937 507 50 369 205 286 213 396 508 76 658 675 497 124 968 944 495 232 109 922 123 630 613 755 95 482 780 396 723 975 259 856 986 885 993 502 367 254 149 404 478 543 297 353 835 953 134 367 504 743 418 692 839 968 411 542 122 182 18 815 439 171 388 70 417 583 750 942 356 37 542 988 111 125 9 911 428 841 703 565 332 704 970 655 77 166 115 80 249 850 215 148 119 143 176 630 447 326 379 906 668 922 844 456 213 795 647 766 98 652 712 595 594 619 238 78 49 649 9 620 228 904 330 788 543 504 384 630 719 285 582 242 593 162 8 610 142 305 748 229 464 744 324 917 634 130 52 497 364 748 439 578 696 246 931 429 867 458 864 514 628 751 644 819 8 721 550 443 62 748 928 912 290 328 655 11 60 542 839 113 197 492 63 189 307 463 695 185 606 732 298 125 424 465 10 716
188 524 106 340 981 680 197 457 671 42 662 742 81 746 789 139 822 81 781 170 103 738 66 783 671 378 982 474 741 597 19 881 682 629 108 977 208 137 411 124 712 625 355 606 267 895 761 196 354 485 384 922 90 85 285 66 774 191 16 16 534 335 296 492 669 811 250 975 491 737 668 505 955 873 142 182 517 696 633 293 22 906 138 224 368 423 703 4 674 220 990 455 971 814 603 987 668 919 353 99 683 96 82 580 630 532 584 129 937 520 625 953 120 492 474 456 915 342 322 640 484 984 739 601 381 355 940 711 697 551 572 622 598 414 865 99 468 780 164 318 770 68 82 376 309 222 255 728 781 23 819 854 61 602 801 106 627 751 320 416 73 611 509 303 556 155 30 343 457 604 322 681 756 516 261 766 739 773 918 390 168 48 6 896 517 150 495 172 430 314 350 715 576 435 436 425 136 162 94 797 202 756 964 643 666 919 890 38 736 838 508 795 188 489 45 390 16 413 810 183 972 205 39 643 762 471 282 36 224 840 249 913 889 806 692 556 787 584 859 96 252 681 431 291 388 840 211 84 547 199 611 272 545 545 916 319 41 389 212 505 114 154 394 549 126 20 614 445 273 615 24 538 893 19 776 535 342 927 810 383 827 276 562 849 791 862 826 823 245 477 572 223 136 120 23 647 283 155 268 675 321 143 262 456 260 664 6 662 163 320 257 603 115 918 151 781 673 462 216 42 673 86 244 205 507 29 101 693 166 646 581 48 97 990 229 471 310 922 399 198 322 685 545 960 79 710 721 286 846 958 749 330 742 405 84 504 863 290 902 451 482 701 101 751 334 479 770 527 923 446 64 782 761 58 883 603 3 160 556 562 927 904 643 518 958 371 724 439 253 970 873 493 501 285 118 202 404 578 20 372 907 393 22 529 902 460 168 348 77 895 684 797 580 266 545 6 310 951 391 392 429 909 934 853 560 909 894 697 571 842 345 764 140 799 524 487 685 794 24 431 371 869 689 307 286 852 995 478 575 246 772 634 196 967 856 172 357 376 136 343 456 13 195 439 465 824 932 899 402 59 210 149 746 737 360 374 602 910 822 6 266 710 229 370 115 792 672 298 73 892 946 777 67 698 871 835 800 668 773 1
677 386 609 721 599 843 1 63 558 540 684 166 314 392 288 120 99 352 33 826 176 55 783 27 557 315 1000 523 844 729 594 149 676 946 515 866 189 468 279 106 576 898 18 696 130 485 625 475 359 943 200 626 824 704 177 869 368 510 118 415 419 663 360 106 263 185 398 103 951 794 1000 637 446 187 940 902 327 154 911 208 781 339 607 800 506 622 76 746 757 837 804 945 740 855 764 67 540 505 980 865 757 892 525 566 628 653 500 849 356 574 684 567 852 790 671 229 56 482 399 515 427 829 136 306 3 294 243 68 883 33 86 361 429 654 572 223 43 545 973 187 858 178 351 461 221 741 665 107 95 237 463 236 207 557 663 759 32 821 847 365 573 26 28 102 375 971 95 223 298 815 811 788 493 470 307 354 425 508 861 664 408 712 20 91 536 838 751 901 533 459 59 165 99 695 834 730 256 844 502 240 131 172 762 969 121 886 17 694 244 61 247 126 997 590 599 983 566 751 478 587 137 610 824 483 966 865 663 480 475 909 159 450 721 483 922 787 678 184 458 60 12 791 431 555 233 898 421 824 47 367 420 656 383 843 831 728 329 992 759 597 602 961 617 558 809 114 902 295 139 31 288 39 699 597 494 56 58 300 976 926 450 411 19 413 230 280 202 808 24 524 119 497 199 881 183 166 446 20 732 917 849 808 480 759 738 824 532 535 457 97 464 199 728 75 142 323 616 482 415 123 949 631 786 267 365 690 126 8 558 866 651 824 36 914 494 375 148 749 332 256 765 690 944 914 105 436 357 925 526 207 965 679 915 540 815 508 161 195 774 862 693 574 41 377 423 583 522 991 192 640 162 693 419 690 5 784 343 657 528 162 278 184 534 828 915 478 22 394 295 697 309 906 90 124 671 848 974 930 614 937 111 194 852 918 529 343 696 360 218 293 531 810 954 649 296 152 46 311 729 594 98 851 724 624 251 682 934 317 235 873 394 631 5 617 767 290 652 585 526 326 986 408 965 965 367 454 832 195 278 422 521 234 73 726 756 218 446 726 940 476 591 426 385 596 483 794 608 740 215 659 329 669 148 328 650 502 932 863 63 960 276 172 117 695 542 625 857 353 156 180 849 200 410 909 550 871 617 823 960 511
965 982 986 597 587 980 738 805 289 590 38 609 509 318 467 161 478 469 537 260 97 2 651 955 545 216 685 990 868 514 300 266 753 409 448 96 37 567 549 320 681 3 538 226 98 429 14 939 971 226 848 935 450 617 355 401 132 526 483 329 668 625 221 775 861 908 397 430 859 597 253 152 677 532 604 903 589 194 313 78 276 8 945 258 28 385 862 561 386 400 531 486 580 180 899 508 240 515 252 20 553 580 5 67 725 92 326 333 732 81 527 477 862 610 208 184 963 130 586 420 913 592 788 6 655 575 323 432 861 797 445 760 407 722 942 704 21 559 350 727 627 16 933 533 327 980 798 915 834 125 501 483 715 315 766 468 681 44 864 361 60 887 852 435 55 746 605 752 368 656 539 341 863 694 293 315 516 593 771 549 584 571 873 628 263 999 150 84 468 444 271 834 609 40 210 797 848 366 574 183 589 780 525 703 651 750 738 767 437 767 462 979 871 138 68 934 88 841 664 394 343 673 342 312 935 721 249 296 425 363 993 808 691 879 614 140 206 118 823 713 417 220 982 745 378 93 399 102 429 317 934 614 761 611 622 274 40 761 161 349 342 234 741 352 941 362 885 435 865 16 889 832 441 312 995 988 810 932 306 603 827 611 210 731 248 64 47 864 616 71 574 219 718 208 600 417 847 420 531 393 331 59 178 750 304 908 394 377 331 229 560 961 626 522 349 703 479 516 709 794 310 200 640 67 544 711 501 800 950 762 200 348 571 77 373 520 848 679 223 692 680 8 360 792 924 337 15 286 617 430 295 165 745 786 548 103 430 429 290 470 538 664 288 651 323 287 601 363 969 908 709 441 223 637 385 695 547 110 469 279 373 587 988 896 785 443 814 830 587 27 851 434 950 232 337 886 398 926 46 256 810 138 529 651 895 672 97 24 463 860 788 209 649 551 283 896 49 799 199 213 83 450 191 383 629 445 331 80 316 927 428 569 410 885 715 685 945 69 365 67 159 463 307 580 786 889 795 94 20 871 778 257 35 40 18 603 930 205 95 779 627 828 176 53 817 844 708 358 18 863 863 806 700 488 624 327 435 546 94 731 608 2 631 677 72 44 492 422 253 665 403 223 627 173 279 934 356 743 30 690
733 89 814 604 486 474 134 402 768 374 157 635 476 593 77 82 314 465 945 268 322 603 627 393 46 120 656 973 543 343 733 524 973 316 49 296 664 458 65 671 375 582 265 94 601 741 871 469 272 83 179 387 467 956 676 726 310 938 692 307 546 126 450 55 717 213 158 915 669 42 172 703 37 751 4 703 980 90 778 584 900 529 275 771 142 702 837 9 782 54 266 382 719 364 636 392 46 258 996 993 166 653 653 669 317 311 497 651 815 440 132 313 285 695 436 614 331 525 673 944 873 387 843 176 649 453 550 211 679 833 294 484 720 594 181 410 951 66 785 853 759 398 481 116 612 827 466 718 678 967 83 378 519 744 421 705 900 357 87 543 887 573 971 963 981 537 286 222 309 84 159 900 813 995 729 815 233 74 720 307 256 499 803 599 64 918 903 89 430 860 909 230 530 876 126 838 789 819 737 736 28 208 149 148 143 25 418 37 563 383 603 967 941 677 488 636 555 99 711 716 981 269 944 495 545 392 403 109 566 168 486 204 769 476 618 618 130 107 454 535 233 898 355 905 242 882 900 851 58 486 141 510 461 76 666 993 458 434 851 15 345 887 628 762 562 678 217 226 38 70 317 598 973 216 125 552 79 722 921 376 380 844 111 899 655 389 38 879 494 881 764 84 352 154 748 157 140 521 511 165 546 397 688 81 549 567 525 177 715 526 797 911 96 991 756 717 23 712 285 433 439 665 736 547 768 414 993 345 486 481 455 11 23 753 251 624 280 349 258 749 838 757 528 488 183 559 273 99 481 44 268 839 696 288 768 749 788 414 309 788 49 890 158 68 447 155 893 459 331 98 549 10 257 425 90 823 949 402 851 976 28 270 632 227 744 258 86 220 28 372 222 1 782 309 122 117 155 311 734 906 473 740 547 600 109 129 124 824 396 504 530 320 424 100 849 410 746 521 741 359 675 675 346 614 606 165 229 246 930 31 396 284 627 441 752 773 739 831 138 693 45 953 293 600 542 127 323 6 277 707 770 47 134 323 199 271 479 142 112 211 847 107 620 308 924 576 292 444 530 216 501 756 858 336 418 761 652 925 983 721 454 122 81 573 721 459 273 756 664 747 280 923 741 147 457 89 388 952 259 357
941 286 296 526 494 270 879 599 498 229 977 795 403 919 898 851 477 973 495 252 467 353 611 434 224 75 568 529 553 158 519 879 60 167 109 241 157 203 179 735 775 524 694 315 567 582 221 589 95 905 336 125 76 560 261 482 174 963 66 803 372 238 988 826 873 189 461 179 94 270 569 967 26 911 426 747 741 291 16 911 501 663 284 153 877 942 88 418 428 889 832 9 332 956 999 259 983 894 447 575 42 21 700 407 838 470 352 942 222 716 845 90 251 410 29 757 743 777 459 341 267 930 950 289 145 726 410 281 479 976 614 21 864 848 758 43 599 824 822 930 770 871 313 481 108 162 939 251 743 260 216 450 559 856 436 71 326 543 126 284 751 344 270 872 73 240 399 921 335 504 891 200 209 99 44 328 982 243 500 375 283 967 847 517 490 192 395 519 505 489 631 528 2 518 989 792 467 117 616 803 828 244 665 998 21 657 704 302 353 812 533 580 800 598 96 314 143 320 221 390 462 589 836 575 209 782 735 964 316 334 244 268 155 588 443 807 4 133 720 344 208 871 51 729 518 128 928 51 90 893 550 263 865 805 555 492 954 963 935 426 100 906 245 314 743 172 796 512 923 642 542 90 480 378 858 895 902 736 506 999 83 541 150 277 60 165 689 110 757 497 421 921 636 966 748 286 442 547 562 992 238 440 195 373 805 875 521 959 819 340 838 381 946 734 895 807 604 612 150 52 709 777 477 67 354 683 970 371 544 90 706 391 2 547 319 510 894 894 258 949 617 858 688 519 793 589 713 126 507 741 205 288 220 264 603 109 3 835 650 248 837 396 221 341 667 133 203 616 987 759 697 238 959 501 282 39 437 700 426 903 470 871 695 958 431 167 803 403 39 607 519 984 537 393 442 173 938 710 602 766 647 797 655 792 306 227 958 656 714 602 339 47 494 685 84 124 423 506 366 518 361 751 833 341 72 376 424 671 364 584 342 594 702 660 595 877 906 725 787 949 789 565 921 469 960 610 608 983 248 82 235 332 645 2 654 334 206 959 483 593 800 12 498 279 64 654 901 285 123 621 819 573 607 984 565 18 992 23 117 288 438 841 428 382 30 423 163 870 952 999 995 837 941 896 934 556 932 447 777 404
968 96 983 434 493 14 125 485 165 418 253 16 408 575 562 384 521 611 512 901 26 926 664 381 636 587 242 988 212 704 280 915 280 993 167 531 983 674 535 930 237 847 891 906 247 293 206 594 66 381 828 853 103 963 736 929 4 264 243 47 314 210 917 561 788 775 134 524 793 894 274 372 397 528 392 488 646 850 650 589 763 474 448 379 852 983 916 459 437 32 364 920 688 110 751 227 366 287 672 369 122 167 158 235 347 779 247 683 517 274 727 742 602 555 438 616 866 498 361 942 169 302 878 822 506 332 84 698 699 66 470 829 87 437 746 587 171 783 566 665 931 979 318 358 361 216 445 783 656 975 542 637 562 155 200 570 771 233 803 466 688 919 630 246 388 997 782 667 234 621 51 177 417 426 154 914 941 672 787 935 763 794 78 938 533 317 31 282 858 135 17 128 26 720 69 403 616 198 246 303 731 266 723 390 31 571 163 992 994 538 699 999 220 790 494 577 963 538 624 151 825 557 649 319 478 2 56 391 641 65 497 500 392 489 302 136 741 936 605 463 135 337 59 643 249 107 151 449 546 565 193 152 82 131 199 157 74 879 571 649 74 888 858 616 938 588 756 460 719 334 323 516 610 171 73 974 455 477 799 231 327 876 419 931 905 190 464 904 108 921 684 552 179 340 896 16 847 673 895 554 921 392 676 537 897 922 708 279 714 189 971 681 409 211 483 600 451 258 813 856 792 780 896 256 900 490 805 174 268 783 587 754 803 707 656 250 563 136 120 560 288 462 39 258 380 936 787 654 524 426 510 721 353 205 482 785 327 132 686 596 15 663 526 396 391 989 170 186 648 907 206 26 238 527 827 91 376 706 392 939 530 556 346 761 122 970 326 99 388 310 343 145 42 990 815 678 915 419 157 987 754 660 722 458 786 573 838 593 388 185 349 645 845 289 752 23 460 133 465 461 622 258 140 888 137 326 600 872 610 671 762 901 78 627 803 24 60 674 298 2 19 666 180 240 671 679 765 897 900 863 893 563 915 552 222 399 547 999 184 684 682 54 255 650 939 790 820 636 800 20 958 290 287 264 931 817 593 220 864 465 723 692 572 240 45 925 226 652 686 209 280 512 249 397 221 968 231 319 954 28
210 892 881 293 170 831 678 757 113 707 870 189 421 473 235 323 628 692 859 164 643 484 92 493 665 681 378 853 918 171 929 834 214 633 413 828 370 352 114 654 971 996 89 132 750 795 14 604 256 55 544 804 8 743 657 222 144 675 726 764 798 89 511 439 160 582 285 88 818 493 904 176 322 19 848 633 129 539 334 124 798 418 722 605 175 415 993 583 680 261 828 220 251 859 752 610 790 322 679 398 291 875 286 541 988 874 636 175 326 773 503 991 733 819 165 127 644 918 52 758 328 588 534 234 943 271 863 119 546 375 212 723 493 195 271 739 524 13 647 449 977 281 361 561 521 611 127 467 908 13 738 988 607 322 805 449 718 463 407 285 502 281 523 122 242 947 473 765 14 407 770 909 854 48 171 695 107 795 363 909 975 710 131 690 374 446 265 422 360 759 260 685 475 479 404 195 465 918 560 538 11 289 431 446 1000 682 831 288 250 468 660 741 464 667 541 963 679 819 343 791 993 219 733 855 172 702 164 64 915 361 336 284 951 952 429 652 305 681 96 624 270 438 530 707 239 277 861 272 244 660 734 569 386 979 60 785 101 36 805 333 644 73 142 465 166 55 370 563 361 105 185 705 661 633 918 574 561 545 779 668 382 379 391 423 657 842 157 315 735 864 709 351 577 955 647 829 832 735 221 467 969 580 253 645 41 983 658 996 266 701 868 244 612 285 461 155 625 358 490 981 401 69 546 108 876 980 914 978 958 658 687 494 13 266 872 798 22 635 900 963 411 445 482 401 388 34 788 792 846 111 943 930 305 9 523 385 362 562 148 601 615 162 513 553 925 304 17 205 788 35 441 614 301 70 333 732 962 663 127 741 462 330 744 863 930 915 850 693 69 259 164 910 512 727 302 813 321 510 362 110 484 423 867 378 231 139 508 37 121 143 156 582 466 183 404 558 301 877 858 499 18 80 52 386 75 207 15 697 345 375 263 716 765 982 348 368 116 64 512 617 967 120 533 347 167 533 825 70 92 463 266 400 764 784 736 305 522 685 419 52 78 398 517 649 448 160 28 744 218 248 275 263 772 325 135 569 619 534 774 763 551 420 323 437 847 428 273 7 177 925 388 307 349 784 282 781 6 862 840 724
228 895 1000 291 597 704 730 167 287 304 974 234 432 960 602 457 252 470 629 183 653 900 65 12 74 693 919 781 31 493 451 947 735 533 252 596 304 795 767 411 662 116 203 557 280 310 512 272 630 895 434 196 17 818 821 273 845 974 646 652 807 178 640 907 62 241 280 226 40 877 684 966 647 47 74 941 122 488 8 537 621 10 703 927 435 110 152 812 428 421 830 248 158 957 691 860 689 803 424 143 924 565 464 143 776 559 235 935 595 620 870 335 501 534 355 398 800 650 39 689 619 314 181 495 265 778 161 271 520 300 247 722 149 925 898 194 722 690 881 216 262 14 793 86 496 162 991 335 989 747 174 691 452 326 819 815 815 435 921 157 126 387 385 254 632 625 415 135 273 93 390 169 364 185 935 94 731 934 366 343 556 594 367 621 647 692 837 801 384 314 318 474 682 848 36 374 328 909 224 283 507 222 418 499 230 96 203 233 675 28 576 96 73 195 932 981 55 871 318 588 193 50 588 935 134 370 88 820 52 704 533 983 64 842 600 339 633 410 674 355 568 954 157 338 994 787 549 85 28 709 708 364 59 81 341 467 988 835 877 624 719 813 237 297 541 886 27 385 57 838 228 263 938 323 490 98 592 846 741 701 75 671 677 373 983 485 576 783 558 658 738 56 649 324 280 887 725 716 260 280 388 169 112 527 998 447 103 528 732 951 895 781 933 349 992 636 217 693 815 329 678 536 695 798 342 169 475 344 42 376 20 662 169 459 922 7 689 264 936 999 917 603 554 350 578 144 722 56 289 23 564 610 713 487 323 603 226 336 187 926 721 718 137 130 947 202 577 415 515 846 611 172 260 106 225 607 435 839 859 146 245 756 664 869 428 342 646 161 488 655 220 421 422 914 287 860 454 603 93 837 602 808 676 901 851 74 442 522 511 590 239 725 217 6 676 27 828 516 465 574 537 990 683 728 74 898 214 398 374 931 325 933 855 870 601 783 505 652 998 843 173 815 704 294 447 381 741 798 736 859 716 298 984 103 736 999 682 975 82 751 984 12 559 406 423 311 247 646 405 976 76 85 716 18 706 165 561 617 685 862 285 854 521 707 906 93 509 700 850 242 478 316 101 352 444 576 26 796 921 162
205 710 264 939 26 344 156 191 720 648 24 170 389 170 449 754 390 64 841 540 901 1 820 561 629 317 781 158 714 137 496 634 82 269 870 191 4 769 539 366 211 215 608 78 598 298 403 505 376 354 781 588 476 314 4 406 2 679 321 850 829 328 825 547 342 610 987 589 542 851 655 350 721 712 889 26 738 415 158 309 162 589 360 315 374 381 236 430 251 255 689 217 17 247 452 612 813 22 821 265 565 857 1 99 189 890 785 395 37 764 102 560 110 22 480 969 85 236 36 116 699 394 239 939 700 451 860 807 805 331 889 318 449 66 865 227 246 977 988 440 614 881 976 76 689 678 910 573 776 222 894 819 169 598 485 383 838 425 598 281 635 498 870 886 888 666 913 552 347 115 861 55 65 218 428 575 613 401 742 824 31 221 918 984 566 60 9 687 431 490 289 873 467 83 232 808 760 988 550 986 775 501 681 769 590 93 330 92 864 683 258 560 437 2 665 189 923 218 36 940 866 149 991 812 66 196 585 145 607 479 768 49 900 63 73 298 324 679 608 896 851 577 709 791 977 798 472 623 820 196 375 469 531 138 167 920 887 191 222 585 915 921 192 766 11 949 337 815 252 747 203 998 985 738 627 812 98 28 49 955 47 944 371 421 942 88 489 469 312 353 666 211 774 718 394 629 923 624 832 992 511 209 497 912 559 663 282 268 434 807 606 741 12 802 61 388 596 509 229 52 576 58 742 736 638 765 842 3 53 256 550 590 426 706 238 255 939 813 911 996 670 126 844 290 821 443 566 172 982 587 61 332 912 990 425 777 295 989 528 663 918 961 662 716 753 643 695 437 352 673 809 643 608 427 143 970 175 62 111 306 445 140 162 178 585 945 116 608 783 161 887 527 829 396 284 552 711 928 366 784 393 737 148 776 811 949 448 747 204 800 287 338 216 281 519 578 872 778 26 529 308 157 826 826 737 826 936 102 140 699 230 620 580 645 111 171 924 505 535 770 526 47 225 604 283 914 607 508 253 17 681 355 774 896 998 505 744 315 505 945 772 560 377 842 976 735 392 283 380 933 511 672 746 158 454 325 539 305 160 26 869 36 455 947 619 616 164 139 235 497 972 861 35 174 804 275 188 508 331 428
791 191 381 771 621 996 112 723 229 332 905 635 245 479 7 185 771 85 986 62 329 603 301 270 513 517 23 392 59 692 896 842 510 5 334 417 467 518 672 846 138 71 543 994 94 339 366 94 141 391 792 68 30 341 815 29 611 334 140 409 51 672 675 922 627 576 263 837 654 222 388 174 788 846 781 817 492 449 54 790 508 57 23 869 811 275 185 458 59 90 31 884 872 786 73 999 624 872 227 580 464 51 569 391 981 487 469 744 118 378 450 381 577 372 8 410 948 792 792 911 601 731 287 348 404 86 382 247 956 137 217 901 825 685 878 529 248 450 977 514 893 367 670 979 922 217 486 677 140 661 384 377 361 794 967 657 564 993 675 774 120 398 385 209 874 795 80 667 73 358 900 299 578 539 48 967 893 794 259 712 40 493 667 485 691 539 875 866 571 817 401 345 969 87 163 347 406 457 360 673 190 722 51 115 575 491 85 479 600 568 280 634 745 355 421 806 273 755 711 569 336 329 388 665 817 643 113 412 832 240 456 966 911 22 221 685 206 317 185 923 231 190 641 562 336 824 293 150 965 487 19 941 82 556 961 934 961 776 639 6 872 318 860 884 769 393 756 860 192 574 280 43 335 226 747 131 406 463 544 833 79 520 496 10 4 842 633 7 985 916 36 666 165 410 799 360 790 285 430 401 729 526 438 503 248 594 847 953 906 697 651 926 918 41 641 135 893 219 119 393 422 333 757 80 948 772 209 481 634 58 491 487 274 775 514 601 528 316 93 321 720 942 592 917 683 933 241 786 26 121 554 150 521 599 913 235 682 683 311 34 161 121 339 103 710 189 947 515 599 409 693 590 408 875 82 881 656 455 329 813 208 514 66 968 920 730 758 559 379 500 221 320 620 986 820 561 37 417 803 844 192 584 576 353 591 995 198 945 718 269 255 623 871 14 228 980 590 316 820 870 192 487 184 61 261 229 309 239 337 195 864 871 651 313 17 507 842 582 168 235 803 897 256 391 981 369 656 357 632 920 284 974 872 157 79 93 847 697 574 118 419 155 414 351 25 858 504 870 488 526 381 149 206 631 597 861 463 988 221 47 235 570 177 139 25 597 734 245 187 654 697 891 386 169 106 875 223 260 741 11
333 4 575 292 88 875 973 943 468 117 822 458 227 701 963 95 238 700 702 936 919 734 648 974 112 937 890 803 105 697 634 636 514 56 112 309 717 341 547 239 298 822 208 131 691 268 415 179 237 178 107 896 186 39 735 48 938 789 770 307 986 299 169 489 621 224 115 302 439 378 653 358 2 338 450 258 138 454 39 187 813 960 26 694 190 429 980 685 49 488 450 847 723 590 582 924 993 583 439 805 906 988 268 663 397 186 739 436 354 617 344 868 578 898 400 940 729 24 783 373 171 961 50 376 605 235 848 254 709 863 146 579 921 393 520 195 241 276 537 256 351 504 62 58 722 549 929 612 71 768 665 560 252 780 128 174 341 852 519 219 62 354 102 619 892 108 272 837 568 832 927 735 923 338 163 188 27 197 449 232 662 646 296 243 108 579 673 788 138 906 626 765 775 336 567 745 88 973 508 669 578 86 761 546 361 485 829 16 32 298 71 875 810 484 571 944 242 874 947 485 76 549 370 187 314 669 167 150 200 550 805 492 657 714 71 725 103 945 791 915 531 861 556 151 420 455 649 721 711 431 2 921 603 293 111 918 25 835 175 944 235 329 227 714 416 910 765 727 620 791 410 161 388 142 471 354 584 909 904 407 48 765 188 568 490 450 501 605 280 800 304 486 63 679 906 292 967 692 837 236 197 291 76 956 971 711 907 656 762 307 678 588 172 305 975 224 412 659 193 137 824 31 710 679 716 366 922 350 62 647 881 900 566 671 107 129 704 780 14 559 970 953 728 109 784 362 443 85 324 309 417 473 767 458 226 356 963 758 50 955 617 591 181 471 307 821 435 629 465 629 763 260 159 572 711 128 988 603 605 618 160 585 11 716 909 951 920 970 600 959 977 852 606 164 584 736 736 796 540 746 462 213 389 248 387 588 415 755 208 454 830 831 599 608 995 826 526 680 986 315 979 159 102 882 543 817 644 923 935 929 430 468 781 479 259 468 365 148 415 634 612 463 271 426 167 90 28 79 173 836 891 385 874 296 316 176 465 774 413 415 576 344 245 900 42 672 571 575 987 482 850 516 630 145 123 680 428 171 507 625 744 636 210 732 843 484 867 763 810 183 987 823 971 767 690 907 419 773 875 383
11 144 249 986 630 117 845 996 285 196 713 748 931 401 815 472 524 664 819 116 896 136 470 200 242 349 689 378 426 981 619 8 467 639 601 185 161 177 938 384 27 438 957 781 340 270 822 705 83 51 516 357 599 326 599 147 830 539 150 357 865 295 285 78 795 231 389 580 700 246 718 299 837 49 848 197 701 107 525 938 345 52 974 802 84 847 106 519 106 91 408 297 909 617 959 778 701 674 957 693 242 721 565 762 346 900 565 897 906 818 165 374 527 444 81 372 123 474 355 743 516 392 31 464 855 722 12 472 790 679 303 619 369 653 833 412 33 522 475 504 159 658 763 40 751 20 214 818 832 156 821 157 665 173 853 425 65 956 602 287 867 450 60 549 742 873 765 211 876 344 566 149 916 964 478 763 503 514 903 365 904 601 197 369 166 367 187 705 67 554 104 764 183 982 736 162 523 435 271 423 590 482 381 704 862 748 810 864 729 213 570 996 541 663 446 716 771 338 578 690 19 531 880 64 387 391 671 149 573 23 598 636 274 248 728 763 212 696 913 768 486 853 937 364 35 73 43 957 66 597 515 532 92 461 553 845 141 963 107 118 642 162 933 426 718 509 60 63 551 216 960 210 209 33 947 526 862 725 796 315 615 360 714 117 213 147 467 67 909 914 63 755 820 424 414 887 100 545 567 702 441 52 665 965 53 281 816 377 860 393 590 478 453 681 882 275 336 600 68 483 681 235 350 833 991 131 10 595 504 270 381 791 230 268 408 669 668 435 275 618 777 559 75 458 283 751 362 824 180 39 356 71 446 522 525 779 585 756 711 724 945 348 454 540 702 577 493 103 770 679 289 29 561 533 657 455 448 499 361 868 181 731 807 615 854 489 789 695 9 666 724 261 148 449 928 169 333 960 654 450 251 583 905 608 441 153 423 227 54 137 484 650 375 505 568 298 709 739 553 387 273 176 897 504 758 338 210 63 890 201 434 129 94 25 592 896 562 265 616 972 696 97 324 144 928 681 82 443 28 699 769 546 134 851 598 226 180 89 355 790 354 319 534 180 139 176 654 857 638 673 264 933 844 476 71 34 474 982 810 428 244 585 288 789 96 848 409 725 940 941 103 956 402 48 574 971 330 523 351 572
665 277 738 602 648 15 72 414 286 651 416 549 772 222 609 962 731 445 971 573 693 903 776 820 289 818 744 330 892 15 706 945 297 402 951 545 396 56 597 47 377 905 478 23 860 560 612 8 917 265 875 566 76 260 925 457 967 263 227 224 820 729 694 17 658 399 177 579 908 444 378 566 481 71 30 953 197 411 972 671 301 248 962 965 206 856 743 977 454 60 685 136 7 394 623 492 282 301 968 661 15 159 441 282 939 82 537 665 239 117 675 920 346 107 227 828 933 545 11 746 695 229 775 922 816 91 631 167 196 320 840 873 785 914 355 733 388 631 322 700 733 24 93 705 804 708 506 56 452 828 450 42 396 279 366 656 486 946 113 301 277 467 563 854 463 202 41 343 491 389 472 513 337 180 58 108 463 422 904 237 220 5 50 717 198 302 448 829 593 611 451 377 794 89 681 68 904 796 921 904 136 223 599 192 462 741 32 965 276 872 509 782 161 250 311 497 190 607 900 693 346 616 136 687 429 208 484 774 480 593 102 967 187 697 663 426 469 243 464 230 957 518 905 479 569 890 630 622 812 999 226 625 452 486 506 91 814 772 906 48 801 300 26 198 541 883 392 645 655 590 287 12 204 245 504 958 489 137 495 391 655 287 713 144 662 130 126 771 904 477 520 291 118 820 51 464 542 663 132 149 336 9 290 317 940 44 952 887 870 420 522 120 776 788 544 267 977 811 479 634 12 832 116 472 791 953 210 410 965 994 819 674 15 281 263 331 938 863 587 288 430 667 642 750 93 682 524 413 444 479 22 5 303 648 367 427 584 406 190 541 765 779 881 189 908 675 965 590 477 94 191 528 51 601 510 508 832 209 345 424 876 312 525 744 201 166 122 362 257 492 611 855 47 590 92 434 359 931 270 639 858 600 709 101 601 2 460 804 202 549 378 284 979 168 893 848 570 576 816 802 568 438 743 412 25 594 882 242 956 861 726 764 849 322 605 256 150 371 257 508 407 121 600 783 421 853 5 398 648 508 648 367 349 621 881 618 39 712 653 712 582 990 767 812 653 888 911 52 898 746 963 272 79 893 359 159 217 379 92 532 425 47 364 702 491 933 99 159 231 224 450 253 103 573 495 28 239 636 626 811
41 297 747 670 660 256 490 707 758 354 182 118 908 112 354 273 836 728 634 989 307 31 913 819 295 167 783 882 810 484 493 260 286 858 23 811 674 432 950 384 891 716 277 395 969 920 970 490 611 765 850 101 127 818 442 804 406 625 395 304 331 711 847 41 204 981 96 879 4 372 661 113 36 990 938 998 621 392 234 131 403 662 894 659 140 822 549 858 488 479 548 776 869 111 260 627 563 68 168 583 504 923 80 174 120 946 568 147 755 846 566 13 30 797 656 629 853 671 863 384 47 517 771 222 23 166 734 910 475 239 71 754 349 301 260 279 758 862 375 827 437 915 453 445 3 703 1 853 299 227 765 231 487 752 157 87 106 53 710 535 518 747 25 757 365 601 669 475 660 954 878 999 339 32 360 225 476 910 348 46 996 162 457 384 633 783 486 384 769 129 370 598 374 479 865 499 372 63 21 728 541 430 870 149 649 820 466 451 311 649 453 80 628 298 97 583 82 595 967 876 548 342 95 627 986 711 408 32 628 280 820 689 798 20 313 849 117 555 619 386 941 434 717 857 616 287 731 446 790 657 588 340 716 493 477 910 895 844 887 945 524 423 688 173 384 896 180 28 357 741 93 595 801 736 901 7 990 116 718 528 771 269 704 246 343 917 737 341 801 184 503 196 333 264 845 329 279 718 459 59 914 629 717 637 768 668 644 593 130 26 778 533 732 317 366 530 573 701 997 479 740 600 12 559 358 978 449 719 805 653 285 579 173 110 303 78 252 642 857 336 734 321 87 272 875 259 109 422 653 121 269 314 743 373 444 120 294 944 427 951 614 621 996 223 715 875 762 918 299 37 855 379 806 819 279 724 200 62 448 273 518 872 558 126 462 913 218 414 616 492 954 562 933 108 578 225 807 304 949 98 26 880 606 419 696 338 36 162 20 222 941 534 938 112 284 716 218 397 634 729 705 477 80 132 705 955 68 572 864 496 903 35 713 254 867 740 204 957 774 690 304 884 378 845 535 640 149 373 301 474 916 188 401 814 905 329 202 854 269 230 533 81 72 148 286 621 737 638 352 25 357 857 879 765 85 719 45 733 711 948 468 231 234 151 570 616 487 620 710 989 425 94 372 388 585 846 553 111 345 229
388 114 770 908 409 905 502 448 114 701 263 632 730 86 916 598 554 256 347 125 620 363 818 800 119 43 58 65 336 444 593 33 505 551 807 380 478 26 502 134 531 427 921 100 258 148 392 969 628 473 900 480 628 948 772 251 356 259 251 732 879 22 651 71 137 108 743 913 94 777 807 704 741 895 121 410 41 255 621 954 653 24 774 516 900 309 39 110 551 212 843 84 102 137 957 686 342 728 207 389 805 28 23 636 360 115 127 53 473 154 215 927 591 315 986 583 68 364 200 363 252 91 180 12 664 809 408 274 3 961 485 74 489 871 727 853 592 861 620 524 405 62 791 769 829 831 328 231 552 791 1 32 17 618 695 1 729 124 153 473 3 918 828 865 808 753 591 52 754 961 37 199 597 663 700 528 228 363 318 421 55 781 579 222 888 933 530 945 158 297 367 538 740 883 207 537 975 57 710 603 616 163 8 807 586 158 803 556 254 298 342 671 539 990 230 758 835 364 424 528 372 668 160 255 97 516 686 520 654 146 851 716 130 182 809 668 317 943 813 598 552 904 238 596 455 420 383 491 350 834 613 813 416 541 56 601 449 303 765 178 794 550 140 135 311 915 79 7 618 574 198 718 136 909 26 796 365 753 944 916 466 422 519 231 457 143 213 906 882 205 736 93 402 274 588 749 871 944 652 869 136 208 9 16 48 297 952 969 630 584 484 184 924 588 288 629 525 793 394 765 185 699 985 284 413 242 424 145 383 279 893 332 201 428 778 180 798 680 854 827 18 558 415 443 935 213 508 814 444 161 206 218 685 337 679 820 258 546 247 201 501 71 273 895 877 981 362 928 13 819 822 541 170 851 620 225 919 61 675 615 898 548 788 355 498 371 270 884 121 696 427 318 621 204 96 583 880 397 759 355 83 513 988 864 394 583 411 160 214 833 762 393 705 99 726 141 195 315 192 8 946 916 533 419 74 67 533 759 603 798 861 52 859 322 373 641 515 510 732 497 436 715 935 77 781 46 107 981 39 375 786 505 875 484 194 116 428 878 101 258 641 813 222 600 639 446 387 288 401 875 688 497 541 44 778 951 321 61 802 518 864 262 805 433 378 866 459 887 259 290 731 240 130 613 770 527 224 937 40 309
578 283 222 338 609 232 915 699 951 6 786 592 507 904 665 298 605 574 929 237 915 911 848 663 96 916 606 94 850 461 720 60 320 985 797 806 556 175 245 80 886 542 305 701 256 94 178 631 783 590 375 181 354 777 191 227 368 767 482 179 216 249 718 600 516 263 718 76 612 503 847 452 56 404 889 108 822 476 447 500 249 96 768 864 958 953 186 755 527 480 644 101 331 988 324 785 926 49 718 136 404 910 827 327 99 386 656 100 121 64 755 359 406 970 842 753 883 420 589 378 426 868 450 209 578 359 968 782 640 600 356 726 883 275 111 492 834 447 429 448 630 263 811 32 125 541 559 108 346 716 128 179 650 114 924 131 651 347 475 749 335 889 267 655 174 343 815 910 655 451 232 214 658 181 603 968 9 255 774 365 694 879 85 156 268 204 930 692 387 840 670 599 546 104 559 271 13 986 856 14 449 432 674 674 604 141 347 581 366 983 3 738 310 977 59 540 494 118 359 633 253 442 596 464 649 978 1 618 19 539 588 955 235 57 615 172 582 441 35 250 996 81 145 97 672 619 442 776 765 466 689 117 713 986 485 342 144 674 128 658 668 766 237 564 508 792 523 35 875 983 216 673 966 782 675 791 444 660 534 59 341 956 27 142 43 586 388 417 445 238 845 961 409 577 459 537 700 229 128 621 564 589 721 627 484 297 160 801 917 392 205 153 875 229 367 563 436 222 188 761 348 203 260 400 917 220 398 930 50 512 922 15 690 912 584 574 502 520 14 951 72 593 209 595 833 152 723 461 538 465 162 496 993 498 255 409 805 900 405 513 7 980 470 893 549 341 601 115 441 524 40 934 620 935 934 901 702 804 771 752 802 472 80 268 880 418 162 76 841 842 287 320 269 209 532 835 684 475 714 779 926 152 730 151 582 123 916 756 665 874 988 677 505 475 84 22 504 736 927 303 734 896 494 561 572 965 76 33 986 289 247 12 409 282 552 15 480 39 113 541 65 418 509 12 98 134 124 767 827 46 320 713 330 398 14 559 785 711 410 307 938 745 625 235 686 505 275 550 132 392 131 537 567 810 535 561 279 115 623 148 762 418 857 616 411 620 143 117 362 821 384 934 423 368 224 299 906 213 167 639
788 14 65 146 300 99 488 793 817 898 990 897 412 301 797 717 70 671 498 128 856 16 873 311 821 897 624 43 674 853 368 313 918 852 592 601 105 257 508 887 135 242 122 603 28 34 522 95 905 309 256 375 151 970 876 996 135 688 865 326 469 325 747 137 500 826 276 630 419 249 622 618 744 849 879 100 298 143 971 816 997 832 3 461 479 673 186 938 460 172 97 645 953 467 995 14 216 440 130 591 484 981 761 991 311 242 676 598 760 510 202 113 465 864 961 475 167 660 451 400 490 352 82 126 927 263 905 619 365 942 668 1 818 784 440 584 437 980 572 757 597 167 509 36 113 877 629 387 371 578 490 228 687 633 747 542 377 962 645 282 172 956 29 216 65 855 206 246 539 964 77 749 143 212 423 819 336 957 96 766 522 455 997 213 477 218 125 554 584 360 761 212 601 728 742 166 51 126 281 891 123 74 289 223 753 287 417 808 602 364 271 641 802 381 522 305 895 845 333 76 876 362 400 39 294 682 869 273 328 943 464 724 141 788 824 467 615 577 219 570 848 13 187 925 838 134 945 470 857 636 273 598 457 266 803 385 73 795 178 509 704 763 493 720 788 806 298 607 378 695 693 885 561 622 745 381 662 948 151 369 422 703 170 153 779 808 335 83 661 549 846 516 999 826 795 786 677 451 652 892 681 743 518 310 898 544 454 696 710 937 909 540 338 243 798 930 576 991 624 225 513 381 614 746 591 971 165 429 425 97 473 378 243 81 24 833 701 227 435 247 590 740 427 268 671 683 138 516 10 998 524 934 868 844 375 797 920 838 367 427 450 48 728 79 227 117 628 521 353 773 705 679 609 976 337 775 600 593 12 57 32 648 917 680 649 934 579 100 873 828 155 157 286 816 548 874 704 334 540 17 598 28 758 549 804 165 222 577 494 653 753 85 940 139 818 268 213 445 84 295 977 988 673 371 738 598 299 941 873 315 698 397 950 529 798 902 869 69 68 603 766 540 853 402 449 196 704 458 363 602 111 127 316 746 758 495 293 373 312 337 329 661 128 217 444 651 253 463 396 58 499 263 94 58 730 99 149 239 617 179 649 590 687 273 823 379 832 754 512 13 169 251 657 161 865 273 671 110 647 356
725 793 742 8 688 98 787 529 824 199 841 499 531 510 175 247 983 385 521 701 200 6 348 215 768 567 97 96 13 464 382 994 983 112 976 299 575 588 983 322 541 544 403 112 49 666 6 464 857 968 502 870 987 167 640 97 99 124 85 805 925 336 269 212 553 60 223 370 586 632 878 996 6 323 2 827 684 999 147 411 807 182 666 34 683 254 563 223 982 603 966 335 930 742 896 582 115 610 164 681 699 418 453 672 604 67 210 467 42 469 993 466 85 781 74 631 769 57 484 516 937 819 939 934 359 327 982 939 673 340 836 591 872 446 241 385 652 740 517 876 736 197 963 623 173 50 603 25 734 19 730 560 306 186 66 333 634 523 796 547 916 279 695 124 210 886 262 710 341 853 303 953 944 888 279 511 646 59 462 929 642 351 457 656 895 158 123 400 305 690 456 465 304 114 402 374 980 448 771 969 77 892 871 889 4 298 966 344 719 338 38 134 496 613 938 945 422 726 577 298 301 981 998 229 337 952 179 357 781 253 611 672 852 385 651 350 991 839 696 550 54 541 879 336 868 373 677 5 293 764 392 733 631 404 892 223 593 150 457 107 631 603 816 596 67 540 512 820 574 423 237 498 664 304 194 493 228 19 979 914 182 820 886 582 873 733 937 975 14 305 430 961 680 182 791 629 155 660 522 78 834 811 130 117 965 149 508 260 529 674 548 977 475 634 43 60 157 444 407 743 848 59 679 643 486 495 479 656 296 388 287 615 133 57 93 101 99 471 410 414 943 254 727 234 348 287 280 813 969 1000 288 951 547 499 17 347 447 880 581 298 729 250 163 130 598 272 188 48 911 453 840 742 554 687 352 110 766 872 247 856 238 479 683 695 871 189 491 34 962 909 75 873 299 470 86 343 262 35 322 526 771 165 755 364 231 97 345 984 928 739 81 751 519 543 36 810 598 498 932 364 969 755 539 952 454 92 238 474 40 673 94 732 361 26 942 655 725 272 422 711 327 342 770 522 407 253 288 583 925 105 828 387 675 795 23 243 704 257 493 546 675 423 639 222 874 172 717 403 685 958 408 586 314 742 666 273 296 187 159 93 857 308 264 360 994 642 645 446 165 161 603 505 856 279 308 520 979 124 527 436
501 853 212 261 103 801 529 479 949 556 532 393 544 901 550 978 893 31 726 220 540 215 207 182 65 946 861 123 653 90 515 913 614 403 773 87 181 557 517 838 778 76 904 99 652 4 829 927 625 89 838 708 356 223 406 401 959 337 501 69 613 311 798 658 479 599 443 723 407 82 315 861 718 876 141 407 594 557 195 430 202 531 605 191 511 833 133 209 153 244 767 890 663 205 705 177 334 564 606 856 336 97 422 471 313 906 165 502 966 993 88 781 503 893 214 957 196 984 704 968 602 275 529 844 628 553 864 829 698 965 422 698 613 602 402 331 825 993 931 251 580 585 238 575 489 572 835 34 933 567 505 989 696 210 155 527 848 955 965 547 73 428 406 921 483 804 257 224 864 667 64 65 897 628 531 791 301 855 40 427 466 904 885 196 274 170 464 423 971 323 988 746 843 786 413 837 939 168 319 767 920 322 789 126 151 412 18 675 855 192 211 747 55 128 112 211 627 632 712 25 858 771 233 221 76 906 10 337 415 631 253 933 371 606 260 337 86 70 652 646 758 951 383 329 793 661 681 283 929 734 29 542 129 802 481 209 463 504 656 155 908 590 923 39 826 232 128 79 224 804 728 361 835 457 201 51 948 193 63 958 829 193 209 729 752 605 304 752 667 28 536 836 990 963 133 985 335 267 516 78 728 415 221 28 462 606 791 928 193 423 36 368 157 329 508 357 479 862 984 872 41 414 520 697 98 641 239 393 230 72 580 334 535 378 926 762 250 504 664 659 717 434 608 945 792 924 277 577 188 189 139 554 22 405 503 169 216 500 87 590 815 246 29 904 230 256 315 909 142 749 757 607 334 630 85 70 957 713 567 59 521 22 111 958 921 536 975 17 110 263 783 445 63 259 672 360 407 473 210 405 49 342 389 25 958 589 942 615 105 469 446 750 656 676 552 839 551 706 666 864 67 861 706 462 652 67 735 432 576 148 407 117 732 146 241 142 105 612 600 607 256 856 782 451 162 35 791 794 712 482 713 360 108 923 467 199 569 70 837 890 582 981 437 893 496 47 504 272 457 626 778 755 178 643 892 647 780 796 796 945 533 564 252 538 368 513 50 463 879 669 329 195 889 29 109 971 59 510 465 850
586 840 143 179 740 886 391 185 497 347 494 515 422 988 894 454 230 616 526 863 473 23 293 436 79 187 774 110 774 187 69 843 506 384 528 499 698 772 182 818 953 415 719 74 143 492 540 582 764 977 713 557 453 776 486 68 34 186 847 490 689 77 985 639 446 758 421 194 914 876 707 705 530 338 555 392 761 855 861 854 668 298 575 554 232 958 308 781 992 182 665 141 755 957 5 13 156 136 683 35 317 632 259 36 284 938 950 206 259 41 455 169 348 103 790 765 25 335 438 449 53 216 987 955 874 894 693 460 568 963 189 778 430 176 619 434 567 516 996 151 360 632 804 749 153 80 119 609 801 773 585 901 919 841 263 727 445 110 577 684 549 656 454 374 592 191 482 377 666 96 601 669 298 538 413 973 277 975 335 802 167 123 941 169 463 304 805 487 24 655 899 79 842 885 525 515 253 607 601 998 893 192 735 519 20 996 997 763 47 18 727 130 93 464 51 297 181 266 846 566 481 736 549 640 453 831 70 181 149 215 974 82 560 633 853 972 608 194 537 326 20 524 144 180 145 879 778 240 990 732 661 123 324 923 402 617 474 563 418 336 575 333 290 831 540 659 581 780 120 316 421 109 866 867 410 386 614 308 2 258 644 44 76 174 370 214 965 59 484 572 273 972 793 553 455 668 429 270 242 52 275 921 130 700 525 574 429 504 509 661 389 267 615 978 309 866 179 368 539 231 319 133 34 586 831 458 750 396 763 172 16 891 598 977 194 144 758 809 320 940 784 193 121 846 841 733 426 493 356 629 519 373 129 373 828 691 923 890 217 308 121 169 331 504 398 695 176 228 786 86 55 55 179 296 954 686 840 672 745 959 458 197 151 151 183 686 835 626 811 300 801 27 677 563 889 536 660 496 305 311 592 573 328 587 223 660 689 133 411 496 386 832 49 136 514 709 230 997 109 66 75 232 98 774 96 555 7 548 287 838 406 316 556 566 943 940 189 995 499 382 147 486 313 113 755 547 244 716 883 127 526 714 401 644 229 645 538 427 349 146 537 814 237 796 669 711 708 39 141 254 913 906 705 20 939 75 608 927 724 398 878 33 499 762 527 647 453 40 431 326 740 512 216 977 826 296 12 28 140 610
170 469 828 458 65 318 520 825 631 374 599 762 666 268 560 295 567 309 182 534 734 411 717 67 403 269 280 898 331 260 516 202 457 87 59 445 189 978 799 974 805 178 685 460 4 457 468 393 375 578 533 1 204 606 452 600 15 679 274 497 738 222 226 881 467 174 107 32 143 973 558 776 981 60 380 808 494 321 791 707 717 147 152 897 50 453 853 568 215 545 42 57 440 497 547 703 97 938 639 964 489 482 836 505 235 971 572 429 368 259 246 994 139 4 449 431 142 611 219 755 805 996 777 773 926 280 814 781 440 306 64 390 71 97 697 983 954 859 442 365 963 872 207 795 407 649 561 875 418 230 514 670 583 792 803 529 599 829 672 706 155 253 967 677 79 758 877 655 300 269 522 60 346 466 230 758 107 772 443 943 379 839 821 500 494 324 232 543 515 904 841 302 238 200 231 912 771 969 954 744 691 88 827 664 626 231 688 531 561 368 897 889 271 872 801 183 715 705 419 25 901 77 80 901 827 722 992 868 678 558 1000 336 96 435 142 401 251 627 333 277 426 816 160 310 144 101 925 813 888 348 42 688 264 718 523 510 441 196 813 723 509 679 319 367 609 755 727 349 642 376 100 80 918 402 633 191 869 370 573 122 465 206 938 949 697 186 651 932 840 816 307 242 976 930 428 70 644 434 340 987 318 410 870 519 561 973 675 268 959 629 834 875 247 960 693 519 389 885 635 272 817 235 273 880 248 116 152 177 149 435 605 861 732 157 46 109 381 99 953 657 659 782 257 530 567 276 772 277 339 243 407 557 140 44 793 893 961 787 125 405 205 946 654 914 206 576 571 41 920 577 732 321 73 814 779 586 154 807 843 235 99 259 240 524 368 880 548 982 471 791 990 595 661 993 642 902 293 679 760 76 29 505 618 481 115 535 887 277 815 348 940 398 83 376 952 954 210 464 246 373 533 78 576 958 938 522 451 639 231 135 338 606 569 194 912 947 856 455 851 344 70 97 498 522 278 752 246 172 308 429 214 712 840 9 898 462 564 463 18 933 314 809 765 986 617 542 901 82 726 58 85 302 525 71 53 707 187 704 779 280 950 536 117 754 714 31 763 614 985 574 679 288 752 191 627 692 991 671 82 141
428 557 356 121 277 961 3 312 70 178 92 579 791 256 58 997 602 714 276 799 264 352 819 549 587 592 781 751 711 522 967 421 552 191 382 237 236 774 678 674 83 638 759 905 629 150 739 879 296 374 508 386 265 989 434 366 617 262 549 978 305 753 560 484 481 663 353 108 164 299 479 541 266 799 78 940 722 980 928 885 450 874 711 691 882 637 634 118 947 675 133 863 604 402 230 124 602 207 236 916 482 890 229 295 34 178 23 741 886 416 113 287 121 923 151 165 642 194 985 517 106 609 965 86 450 630 39 79 222 568 753 599 278 785 848 402 482 136 307 919 784 660 250 682 216 512 81 950 739 553 503 244 297 486 116 736 887 483 878 445 248 324 265 285 406 374 126 356 590 711 753 603 538 8 350 366 298 1 390 733 314 271 811 871 456 667 282 680 6 809 614 605 510 755 602 801 546 72 215 696 650 864 72 265 25 389 206 886 475 952 384 243 247 510 170 500 754 595 29 209 80 392 517 875 967 244 550 880 238 991 893 81 893 934 494 272 464 126 831 485 351 519 609 55 280 907 596 962 726 757 175 962 963 862 476 491 150 617 669 578 518 337 295 887 900 863 18 132 291 132 623 865 156 393 25 84 780 790 150 2 196 529 399 459 439 78 491 216 81 110 787 124 14 730 654 870 635 3 236 305 265 521 947 116 747 161 282 412 111 168 787 87 129 61 184 90 713 21 585 259 718 272 98 942 345 607 538 715 665 369 562 329 881 97 559 246 986 632 967 270 130 721 747 337 20 5 480 43 137 31 385 691 479 850 381 567 824 793 436 568 907 161 225 238 250 380 882 579 923 841 722 856 76 405 994 843 960 315 835 598 292 702 5 719 743 674 721 906 259 932 875 788 759 857 166 285 551 404 525 348 77 861 60 537 425 651 852 888 714 378 983 535 63 501 440 319 466 522 603 498 85 534 590 293 361 614 205 466 687 492 865 966 703 384 856 883 181 947 418 538 235 275 72 682 204 146 255 855 221 522 246 453 726 878 118 325 387 897 96 729 54 679 247 834 529 521 347 380 9 713 253 177 935 745 206 111 909 944 175 964 745 301 657 345 450 704 931 976 497 17 459 131 525 117 112 173 875 718 664 15
745 628 851 489 130 234 302 523 712 666 182 296 566 56 525 361 308 181 82 445 589 690 112 49 767 793 887 21 142 348 668 186 608 574 613 889 308 107 254 465 966 546 788 529 107 636 216 828 382 85 446 633 127 775 917 749 720 266 319 542 401 136 174 523 247 891 255 524 906 619 555 514 75 200 919 269 327 982 38 675 767 768 766 420 816 975 119 842 921 563 173 662 644 5 19 724 641 398 211 664 534 699 665 779 590 781 943 293 773 437 399 712 771 926 699 179 262 322 705 761 584 478 178 905 577 73 556 315 531 688 839 320 717 27 919 297 171 313 886 519 883 709 8 188 438 898 840 288 631 957 350 63 56 839 313 393 626 518 518 107 552 812 401 42 322 470 747 196 413 604 619 912 54 622 31 997 171 282 232 766 97 559 309 788 193 203 114 850 135 483 631 337 661 630 39 157 526 434 740 928 158 427 444 918 546 212 205 280 800 742 262 423 483 574 949 168 672 819 102 1 574 161 648 794 666 670 192 732 827 911 427 717 560 814 424 211 417 966 300 726 440 384 913 813 624 253 717 837 296 714 948 145 983 898 571 743 348 469 365 816 241 487 69 920 827 41 223 81 185 704 647 510 147 522 686 325 278 688 786 392 475 412 797 274 415 44 479 700 530 240 855 720 349 186 46 838 792 82 901 864 960 531 366 894 179 268 77 868 257 596 569 55 324 31 441 248 711 295 481 806 371 790 168 37 860 713 26 551 533 865 523 277 938 401 389 425 674 510 526 652 822 907 536 779 972 494 567 742 126 231 961 812 96 804 49 948 378 346 671 347 637 995 91 438 636 948 719 284 714 870 605 342 345 293 71 283 120 675 137 491 203 661 642 552 507 690 831 360 35 191 361 602 410 847 394 382 785 161 311 937 619 113 371 672 368 405 29 446 991 915 228 219 899 835 816 939 260 857 801 217 805 881 82 404 330 680 95 131 294 259 478 241 419 558 923 339 976 525 727 635 534 912 891 698 79 712 44 908 213 545 69 880 128 694 241 560 479 392 731 763 885 968 288 542 674 244 849 415 809 303 261 855 209 345 322 562 153 410 486 77 801 939 62 683 154 745 816 329 655 976 292 481 398 407 571 52 140 703 140 666
1 660 611 132 381 461 769 467 805 29 501 31 532 537 378 112 778 697 7 229 984 820 984 330 215 375 281 365 46 747 290 613 112 898 845 323 737 927 810 227 97 865 892 847 595 723 809 240 712 88 329 337 85 464 947 996 460 248 151 697 950 445 31 90 336 81 239 563 115 985 142 532 44 526 626 671 13 486 757 373 216 725 306 936 864 497 145 822 803 48 918 847 522 296 286 175 345 859 78 708 379 610 632 60 841 587 606 396 506 353 323 400 720 323 745 159 834 894 455 289 783 404 750 160 43 620 239 53 870 152 255 983 361 352 969 501 986 491 341 674 907 509 949 518 829 641 300 215 471 628 695 464 728 695 937 753 464 916 741 242 59 762 878 845 310 59 736 234 16 415 369 492 839 498 492 533 493 824 866 813 386 300 61 210 206 834 770 731 866 543 930 757 470 212 786 488 375 478 113 342 884 486 377 127 649 585 900 662 700 557 931 805 753 870 64 657 704 463 11 376 668 350 248 949 325 68 322 146 28 391 278 191 339 669 893 988 776 699 653 561 818 530 6 394 60 515 79 729 234 339 322 215 169 199 622 29 716 579 751 699 57 189 282 590 13 481 644 142 963 139 885 788 347 942 310 301 29 606 409 444 386 542 62 331 115 536 14 158 627 263 584 171 794 530 80 632 210 588 184 320 545 654 874 442 456 952 814 363 798 140 465 444 479 316 360 846 944 755 273 975 2 491 467 783 686 666 802 89 661 87 368 918 966 911 389 201 64 309 215 268 846 500 377 930 750 897 721 390 297 925 88 78 190 907 269 479 249 719 506 26 707 233 528 152 272 304 927 667 24 461 822 444 436 851 775 307 4 233 31 145 978 68 488 978 509 996 50 818 900 991 362 462 956 908 109 920 374 980 877 168 933 698 903 376 63 795 186 863 857 895 899 738 450 185 681 515 501 150 285 27 591 648 871 897 187 76 356 863 469 509 523 761 636 292 768 497 447 744 641 343 504 38 311 51 700 839 76 254 224 529 992 555 248 92 556 783 849 581 181 413 285 786 269 137 62 240 958 901 343 181 488 972 247 840 860 639 832 913 628 216 507 821 893 799 954 970 846 762 595 63 433 865 36 743 421 576 52 375 223 68
544 27 798 461 571 29 885 718 937 60 184 973 460 790 105 428 759 662 301 161 899 989 599 601 600 274 98 481 271 862 256 56 658 280 366 141 301 549 422 514 694 168 952 142 790 178 142 650 938 597 91 228 35 964 726 643 590 65 145 297 964 984 789 401 226 160 782 207 151 351 533 135 482 831 443 971 78 515 737 143 416 298 927 222 35 19 312 674 874 899 523 262 121 268 897 358 145 816 555 357 532 173 541 941 258 72 241 943 496 965 572 923 922 849 694 18 53 808 795 864 680 523 407 249 977 406 766 356 534 942 255 575 140 766 596 740 278 888 85 11 19 668 965 468 13 54 364 388 574 948 69 221 939 918 160 605 526 760 866 397 350 891 464 463 827 207 198 671 949 647 635 447 568 252 739 633 688 200 104 791 92 150 79 759 585 487 194 628 334 892 900 416 549 598 951 625 264 892 513 997 749 988 528 910 53 664 183 603 490 110 207 383 87 211 156 243 372 473 606 385 612 82 290 363 639 664 413 647 156 858 885 630 65 401 110 645 954 971 325 493 81 421 936 954 13 790 250 498 164 378 663 168 324 718 262 900 331 397 290 823 966 904 230 766 767 273 199 323 974 673 470 852 120 395 287 754 304 131 424 488 336 92 620 245 242 788 384 622 584 219 903 336 233 712 613 782 483 168 703 855 95 293 380 444 486 391 177 848 450 297 255 537 273 472 533 534 712 873 887 671 460 40 787 460 363 586 380 546 181 850 325 57 684 941 243 976 346 761 115 528 418 130 392 835 266 402 1 573 100 436 757 269 603 875 921 495 103 501 993 381 806 679 358 633 457 36 357 210 961 250 600 380 111 15 300 47 362 849 507 591 529 933 865 200 308 60 810 711 81 626 242 711 180 884 390 820 223 627 386 66 146 102 871 78 258 33 336 184 868 403 340 442 610 547 725 546 802 699 412 380 367 794 303 880 784 163 966 722 57 450 776 873 476 454 734 189 292 636 232 394 123 997 843 162 757 734 268 686 723 852 328 633 647 117 940 783 617 532 952 44 581 976 859 84 110 107 890 453 7 907 471 710 414 815 348 559 381 437 547 139 242 909 787 391 821 593 587 254 344 258 737 765 771 157 707 455 285 666 1000 633
286 512 16 206 386 949 659 970 209 797 426 898 474 983 54 56 718 236 581 369 924 81 490 616 757 698 192 612 553 886 63 591 917 647 472 773 968 790 292 977 277 40 36 609 576 207 701 836 174 836 284 784 225 45 403 152 936 177 181 959 878 107 857 340 733 961 605 701 771 921 464 750 940 421 712 398 403 891 251 7 613 417 494 349 282 145 411 917 405 969 280 332 801 6 86 640 663 202 634 921 786 103 757 953 634 448 690 150 889 813 557 163 687 565 451 710 243 166 287 445 76 108 989 226 800 947 487 998 844 742 1000 640 1 987 738 494 408 569 484 654 124 349 245 271 735 779 814 538 56 808 466 132 483 436 233 690 10 713 275 559 790 884 208 127 596 671 243 456 68 201 352 413 390 284 769 222 308 249 114 845 58 13 134 250 340 107 188 829 805 931 569 321 411 954 432 659 366 711 156 462 233 138 905 495 198 329 898 505 807 179 917 587 580 591 295 294 382 197 502 705 66 339 800 11 361 698 771 373 924 875 580 931 258 702 956 785 234 110 541 119 628 152 7 16 753 871 513 78 572 744 831 323 161 312 185 5 993 392 673 609 278 240 691 678 65 247 866 310 894 453 364 631 285 685 182 66 159 391 76 718 407 224 704 410 316 910 896 647 936 511 596 841 657 727 616 552 732 689 202 127 793 515 477 314 24 516 543 165 289 91 605 639 104 212 475 615 318 168 341 12 143 769 70 765 514 771 978 566 277 30 674 730 938 370 885 533 199 777 213 334 618 94 775 568 316 181 562 651 201 615 701 807 915 463 274 58 674 598 646 477 271 220 537 967 921 839 170 719 299 60 443 475 487 849 578 210 358 637 480 637 872 76 195 910 250 520 797 433 191 592 982 634 689 238 272 840 474 384 329 931 238 866 563 740 769 359 297 716 417 63 835 930 187 312 182 369 631 72 349 264 551 439 387 359 468 416 113 993 321 345 555 291 410 178 695 835 228 168 524 269 265 844 802 630 294 105 824 266 418 188 497 117 925 579 69 764 969 361 45 951 126 26 118 424 513 619 613 142 866 402 524 642 141 434 235 691 8 470 380 613 604 193 452 809 339 556 507 384 63 209 547 24 332 548 541 440 384 569 797 370
453 830 78 548 392 299 642 412 191 245 652 189 288 482 940 415 504 325 975 769 174 474 313 349 461 674 228 52 378 815 303 368 802 304 300 599 850 940 843 642 348 518 226 82 597 236 958 444 89 916 887 180 516 18 464 103 241 992 518 230 127 228 77 848 185 153 316 679 589 11 434 516 221 39 660 335 504 191 215 238 214 740 153 779 1000 513 517 165 42 679 171 257 202 983 637 865 207 600 1 897 305 569 739 801 52 9 659 119 721 611 319 536 309 943 857 992 291 24 264 485 809 31 930 612 157 988 487 366 625 304 308 509 445 677 358 872 43 67 185 99 400 922 212 657 768 366 374 540 310 743 329 345 320 341 992 5 738 119 477 420 20 336 576 66 225 257 822 715 828 960 2 735 11 900 872 109 548 532 184 270 184 462 671 192 645 436 335 259 171 178 192 833 688 596 110 616 432 171 774 335 752 379 714 410 12 554 350 526 413 892 644 366 87 121 605 393 1000 786 990 393 450 522 435 669 208 720 483 895 752 321 397 578 356 55 717 371 787 241 2 18 915 996 561 668 836 747 762 754 782 926 120 360 131 327 525 37 233 235 5 561 187 808 671 221 588 976 576 129 580 973 854 754 695 314 478 549 960 539 378 385 469 788 618 729 718 785 628 348 890 76 341 715 631 377 494 124 95 510 784 559 830 477 629 535 196 677 833 327 714 315 860 655 534 413 509 706 477 567 686 701 335 463 174 897 478 836 115 525 199 548 822 543 23 178 848 252 700 683 914 22 703 77 587 593 188 670 150 894 877 890 846 96 213 690 987 644 679 554 803 403 783 303 340 849 410 169 272 57 164 814 586 420 382 26 841 796 321 924 109 131 42 244 503 703 683 905 192 673 883 786 641 27 50 795 162 609 789 226 340 34 982 702 116 71 808 516 373 30 795 648 140 38 599 978 559 786 239 54 617 10 757 979 420 848 173 802 434 490 148 829 57 757 856 844 602 288 594 86 105 484 462 606 791 931 458 550 58 229 763 29 522 177 143 970 859 5 168 668 588 958 445 500 990 888 448 634 665 416 12 390 977 59 781 216 978 68 201 705 252 662 232 1 624 438 466 41 565 619 982 326 62 613 264 162 829 938 388 678 721 764
57 856 989 447 523 52 907 589 612 582 771 870 575 127 538 228 205 523 187 126 105 335 354 265 749 387 65 856 455 391 616 437 94 7 110 354 990 789 756 138 459 970 455 299 205 383 896 55 400 626 244 613 535 739 995 127 254 683 613 918 547 82 25 975 106 460 315 245 776 626 718 395 100 42 639 420 825 649 174 896 521 176 585 237 610 485 219 263 708 599 576 471 991 249 219 726 220 525 137 187 682 335 425 735 556 111 699 177 165 401 655 505 114 711 292 881 836 172 938 603 793 143 404 743 578 429 60 192 348 783 723 936 834 381 296 453 697 152 392 940 658 545 526 911 214 166 159 174 12 883 959 284 266 656 689 943 893 872 399 17 793 239 771 680 815 616 192 543 710 835 415 97 500 401 850 735 938 701 295 113 981 385 91 32 410 507 215 37 81 936 484 645 654 870 809 89 966 424 59 158 262 406 764 597 953 850 789 998 847 353 121 818 626 852 326 937 62 255 434 794 876 65 540 601 339 935 767 262 198 359 159 611 733 355 324 677 764 113 920 94 824 65 744 200 498 555 79 243 80 360 946 914 531 741 468 944 465 942 756 309 130 175 351 587 548 818 108 179 160 384 614 83 987 845 310 308 822 458 490 727 744 52 367 446 781 343 292 907 808 73 121 682 271 565 720 245 366 864 734 960 476 352 538 997 200 585 485 714 391 421 409 223 834 40 360 676 9 467 634 471 338 474 257 865 900 191 925 868 574 514 93 376 124 402 109 805 565 557 29 412 339 250 680 474 106 601 697 403 256 409 313 529 842 496 428 725 364 292 326 369 140 265 230 75 387 803 117 374 54 109 147 921 459 257 615 138 889 649 525 936 641 472 600 113 748 756 926 358 324 782 431 822 625 3 68 365 494 831 136 826 120 266 899 878 399 334 872 567 427 521 203 249 540 527 527 232 838 304 572 51 398 941 745 662 320 644 509 544 580 274 81 408 676 82 497 859 740 80 90 474 265 878 171 236 314 116 896 146 819 416 249 20 320 306 264 474 897 862 29 117 688 80 983 295 336 441 808 251 351 129 338 437 337 497 184 673 450 744 14 877 118 821 976 920 186 331 653 546 469 44 110 146 307 907 263 826 756 292 871 996
279 427 842 214 734 402 876 286 200 17 556 339 981 876 927 499 314 2 29 618 25 692 239 416 417 750 748 157 929 21 306 890 626 518 480 240 922 157 246 531 644 94 664 1 826 412 800 144 812 410 125 756 566 904 235 572 477 206 96 345 853 310 739 618 313 710 787 780 2 587 199 128 406 301 613 909 28 630 631 982 366 441 275 639 206 77 269 838 238 932 612 736 81 68 856 168 287 542 9 968 203 85 327 707 792 841 528 217 821 288 57 723 86 888 882 449 301 843 58 282 452 114 447 462 979 765 94 829 809 915 461 840 271 815 84 928 72 448 987 803 16 743 18 118 893 386 600 156 242 851 695 540 215 778 622 10 12 520 980 341 223 659 649 431 13 171 126 294 162 892 174 320 384 924 108 265 285 949 661 64 403 392 606 943 501 231 81 858 935 8 474 620 648 730 823 53 785 898 828 928 676 679 474 488 158 722 258 436 52 375 201 26 500 396 202 632 932 584 411 52 100 371 658 601 612 191 782 184 785 474 802 91 143 861 604 347 132 649 585 351 943 858 588 185 376 191 48 33 950 566 749 245 424 105 901 95 437 201 491 833 713 178 7 670 88 957 500 679 345 795 562 919 455 36 968 699 784 893 489 288 841 486 446 623 560 729 642 71 469 858 716 599 43 419 181 711 273 103 351 370 269 42 786 980 732 158 898 909 206 638 141 147 926 441 977 986 322 419 128 246 560 568 574 581 340 981 806 636 368 720 420 743 732 424 823 125 616 74 543 67 478 467 818 971 46 6 509 566 466 582 121 509 35 572 311 114 545 521 828 6 236 705 319 297 490 540 596 446 344 734 808 594 362 203 477 165 343 602 510 579 800 633 219 818 449 856 315 486 622 229 291 317 646 962 366 67 386 905 857 513 352 455 504 523 836 416 974 627 76 374 695 257 923 196 740 340 535 801 474 486 530 104 771 703 304 816 503 136 114 497 823 699 16 497 843 771 251 826 377 384 946 892 139 528 342 261 976 546 194 685 537 961 729 577 832 393 261 734 94 527 517 711 112 781 270 593 536 429 160 783 797 88 929 371 187 369 776 622 826 235 332 699 270 28 633 938 18 814 205 283 74 295 961 929 300 529 729 984 349 704
140 706 641 328 510 337 19 786 366 441 782 327 477 673 606 182 161 504 836 418 736 665 321 537 344 188 861 158 244 108 171 141 704 291 242 645 88 593 997 829 381 119 628 717 124 863 509 291 767 196 828 181 866 192 721 757 371 507 873 772 362 12 109 598 985 95 128 515 456 87 981 843 921 874 835 433 478 155 645 434 348 172 324 964 792 179 255 788 808 204 197 779 445 614 281 196 97 589 799 85 841 125 83 850 30 94 839 810 815 925 501 203 754 949 464 911 577 745 249 65 911 324 792 592 751 59 668 323 777 476 176 409 844 48 502 957 412 506 786 501 224 858 505 583 512 604 563 795 557 339 494 824 393 634 410 211 589 524 257 402 8 802 548 72 336 967 64 877 545 465 935 188 909 536 466 914 216 6 866 687 259 965 665 496 226 92 902 838 288 799 347 887 674 108 878 370 651 536 358 968 641 647 361 541 976 878 843 474 706 853 371 386 114 906 85 361 927 988 896 857 146 299 489 187 525 816 625 120 861 589 18 191 640 534 126 718 649 44 966 359 563 263 143 836 912 730 244 273 706 656 759 74 928 59 704 353 502 428 363 553 255 618 595 209 944 283 264 983 109 533 639 552 80 58 225 935 63 81 798 765 893 196 942 126 305 787 355 551 738 706 758 461 132 786 520 901 148 203 779 149 174 801 968 619 737 625 332 228 827 223 76 288 372 419 823 41 735 727 209 317 696 416 369 820 521 696 299 789 123 762 638 989 262 366 532 497 949 665 241 752 55 861 936 277 191 279 864 255 164 825 727 102 162 771 230 265 355 287 32 915 163 75 628 35 293 506 87 625 185 709 875 549 490 96 596 757 529 618 459 177 659 448 566 634 345 758 995 341 693 12 142 369 454 620 91 60 305 316 741 224 168 456 653 938 572 59 705 296 660 14 451 987 853 142 363 292 246 856 219 761 12 611 840 817 178 51 624 655 202 447 289 994 131 88 764 764 856 492 642 662 749 156 77 664 742 329 904 803 471 993 266 421 483 582 903 187 368 785 941 591 978 160 345 403 105 78 636 295 848 18 857 469 289 918 475 61 124 29 27 845 132 64 641 349 668 745 595 297 767 794 539 294 15 995 89 616 838 289 30 273
862 118 11 254 530 702 198 940 451 618 398 948 830 246 779 632 508 618 194 282 349 252 450 303 943 18 841 713 463 948 979 189 199 951 526 633 18 678 14 103 456 515 263 132 454 700 380 551 144 549 712 277 518 518 116 726 624 897 571 956 933 700 461 668 527 273 478 400 510 550 839 87 577 28 57 860 997 365 918 359 843 800 947 721 15 236 995 583 211 602 51 453 706 960 263 297 976 652 961 965 289 127 748 541 810 417 791 459 430 644 697 784 189 220 972 578 899 698 84 2 828 404 499 644 35 850 865 517 470 919 653 528 170 41 178 507 179 542 384 611 442 687 761 464 562 609 752 31 588 329 945 384 191 898 858 545 165 937 950 204 321 116 345 587 529 247 656 56 561 45 766 265 242 327 137 373 48 858 696 89 899 391 288 436 193 95 431 237 802 673 84 565 199 385 383 451 326 661 637 814 567 293 818 115 577 870 520 118 29 447 706 138 392 955 672 880 725 298 847 655 946 422 365 103 948 149 9 731 617 205 612 290 863 479 336 514 331 459 640 880 486 291 591 376 846 151 549 190 709 639 119 315 8 378 369 62 78 209 547 627 342 983 927 651 167 422 726 917 804 337 722 900 301 47 400 531 931 970 145 387 566 506 428 396 745 106 971 510 543 417 911 816 133 191 573 55 550 935 726 134 748 939 802 578 614 543 361 175 727 473 475 631 658 13 925 771 894 623 577 857 743 480 818 921 856 798 968 345 4 878 679 310 169 419 144 225 27 460 186 24 914 564 46 193 708 73 596 714 810 578 807 541 867 194 636 887 258 22 715 100 203 412 492 252 870 411 702 940 9 968 779 226 92 216 237 348 524 310 867 100 878 707 278 102 322 421 112 229 853 449 346 799 126 511 738 994 223 174 288 365 387 447 284 302 492 541 151 592 285 981 606 881 455 537 107 967 625 638 679 891 645 762 432 483 546 447 335 655 917 424 470 443 733 360 706 592 449 997 161 564 400 915 736 578 377 231 150 504 453 341 737 639 971 646 786 233 183 110 250 877 682 6 286 705 340 66 879 608 342 880 751 780 943 552 990 227 668 375 714 284 599 582 192 207 164 914 388 828 511 119 972 641 697 101 718 243 43 705 947 232
473 148 27 577 456 995 622 402 334 585 27 437 611 997 746 789 906 534 641 234 734 201 864 286 465 933 516 325 219 798 668 907 721 676 145 500 530 829 999 954 445 677 402 723 453 848 641 39 923 367 767 783 778 480 444 517 779 275 12 829 807 780 616 66 617 290 922 426 473 455 708 801 477 809 158 831 661 149 752 203 84 326 237 801 426 96 940 814 98 953 207 44 350 42 986 421 292 929 218 220 171 312 678 922 25 839 139 218 962 980 660 250 436 160 746 188 917 530 66 526 846 737 67 462 933 855 587 567 972 600 358 385 839 107 872 227 544 682 416 813 745 526 158 138 64 374 490 362 570 507 826 606 434 189 135 470 678 304 919 838 944 708 757 196 388 501 123 568 562 425 872 147 841 884 392 874 301 979 875 722 875 548 543 685 995 46 13 770 39 576 252 792 833 174 461 508 189 191 710 811 820 199 690 160 457 209 648 475 463 257 510 380 971 926 47 344 250 21 29 137 432 944 746 12 941 142 203 67 489 612 926 748 947 779 327 280 881 363 405 996 563 747 984 616 812 46 800 347 25 829 101 959 361 63 138 429 471 51 694 287 120 363 579 839 28 47 230 528 100 848 676 296 558 775 913 22 569 955 693 90 967 589 882 770 880 678 636 359 607 687 871 355 713 234 217 40 563 563 976 525 771 131 90 500 659 904 29 382 311 458 270 184 166 985 616 735 84 208 354 414 269 609 694 614 410 227 741 521 780 629 497 865 544 460 759 910 211 135 787 847 32 464 998 659 643 495 358 755 247 155 603 535 405 609 539 114 159 511 424 774 753 36 651 914 915 756 215 60 893 990 606 132 991 139 631 911 308 951 644 494 968 328 659 313 886 279 831 829 221 375 729 361 150 898 115 669 754 692 649 597 854 397 737 981 377 161 342 381 196 945 995 5 785 717 480 472 233 809 264 965 729 97 461 171 661 885 674 619 460 31 488 125 986 49 195 274 502 740 647 142 177 766 119 445 67 666 334 735 677 806 151 896 76 916 32 688 165 987 64 463 925 553 381 97 14 819 324 203 638 397 781 536 70 256 742 952 344 150 887 358 896 109 96 592 29 625 891 907 436 842 981 362 821 312 107 241 769 163 121 328
296 571 344 829 604 329 853 492 129 161 167 154 53 692 263 41 444 906 990 41 536 426 255 971 430 507 706 362 790 70 517 753 177 133 520 366 821 606 909 88 113 683 378 630 50 917 980 506 22 350 840 652 645 947 994 528 75 225 616 500 233 666 656 470 332 16 648 34 271 57 799 518 851 120 150 199 682 640 833 245 758 86 273 861 161 452 841 494 553 401 980 716 558 433 168 717 522 824 761 69 844 550 978 848 320 993 136 279 68 37 104 369 176 499 229 265 380 94 945 747 105 42 46 497 547 107 775 380 619 501 629 941 402 131 169 353 783 188 99 644 267 760 869 655 588 881 372 46 209 916 226 579 891 960 338 9 419 70 940 804 847 656 287 933 221 513 115 904 147 308 112 380 887 582 617 485 527 150 552 355 353 817 44 368 276 581 95 234 494 828 722 902 906 310 704 913 603 681 555 468 627 958 983 345 893 125 116 492 423 710 778 843 340 211 571 859 335 24 808 901 739 491 424 5 269 671 455 296 153 876 334 412 545 863 478 594 342 538 826 889 929 250 616 977 91 155 958 698 271 853 554 118 539 1 37 557 102 661 905 827 783 726 675 770 862 620 100 73 80 430 872 570 73 612 291 798 860 962 230 774 782 70 254 153 857 3 844 293 109 214 903 490 23 29 428 551 634 254 770 260 853 383 879 678 361 569 825 678 186 230 110 290 394 590 914 295 977 856 702 3 73 539 351 369 248 12 93 415 313 412 930 937 601 169 760 376 653 226 730 580 201 664 194 685 704 884 342 427 236 499 969 922 667 733 372 382 829 284 52 807 165 230 770 346 994 561 597 621 839 952 502 254 157 53 940 650 489 588 540 24 813 502 769 466 873 563 76 292 712 526 330 895 152 594 767 519 549 240 703 374 462 235 281 281 755 817 937 668 10 816 50 641 504 262 863 657 61 303 100 439 338 403 494 738 355 61 620 455 957 715 712 162 640 506 256 149 506 737 269 573 312 577 689 589 342 227 898 366 889 198 171 664 671 646 42 206 16 656 896 304 665 44 305 945 61 942 784 974 766 435 849 749 128 195 161 249 975 586 480 151 685 837 744 190 974 291 215 11 978 485 297 358 814 687 54 182 737 794 239 21
818 681 531 971 817 438 436 769 453 512 216 651 64 233 218 351 938 461 13 96 695 213 285 310 622 894 196 304 482 449 444 966 688 834 575 425 220 819 82 414 274 912 645 829 215 441 825 523 661 317 846 793 135 119 117 217 699 614 372 968 821 14 322 86 812 943 819 509 79 68 688 550 595 164 276 701 782 361 944 464 274 352 604 939 405 395 531 86 420 836 731 440 339 827 40 154 394 396 24 637 316 961 831 836 755 718 305 160 423 639 414 645 190 153 655 311 952 387 360 42 976 460 870 604 424 82 980 612 85 886 379 157 124 264 898 442 619 36 835 294 376 35 267 191 381 822 889 417 355 277 376 671 336 209 159 114 394 103 318 880 622 87 947 923 770 935 996 891 692 29 655 141 81 479 744 755 484 95 289 56 706 20 551 116 401 992 593 811 560 779 708 761 191 301 462 169 281 155 497 309 387 161 361 50 367 302 571 787 135 542 182 403 705 406 69 762 463 531 195 42 8 369 945 908 707 334 671 571 417 43 198 3 73 738 86 222 151 283 344 436 932 692 638 734 335 520 716 849 621 480 399 767 557 939 589 273 165 233 48 369 540 982 259 68 924 821 824 103 250 446 636 519 595 572 207 955 845 430 196 134 43 580 779 967 42 309 222 55 579 589 465 387 51 6 181 780 711 554 650 816 414 973 392 786 399 868 106 562 201 993 318 999 134 681 680 741 142 840 927 390 953 148 577 475 817 263 630 929 270 923 306 306 688 420 131 11 842 17 643 400 726 240 551 593 401 513 172 342 800 316 421 391 788 390 636 999 185 682 852 448 850 467 186 165 947 118 928 794 679 809 164 493 198 864 346 659 847 819 265 949 478 127 730 763 117 832 346 649 271 643 191 869 635 23 646 553 954 865 989 399 303 654 74 725 663 778 353 414 51 708 504 381 502 852 117 130 765 711 850 20 171 528 382 591 80 827 682 398 590 917 178 350 492 891 926 154 244 903 798 817 608 381 816 262 380 875 817 318 692 125 953 803 552 63 853 215 681 337 924 477 934 836 636 552 80 915 954 428 548 786 616 446 305 987 232 202 175 169 839 795 504 681 323 866 311 773 759 349 264 919 372 759 125 298 359 524 996 202 821 834
170 218 489 268 389 533 543 245 680 47 297 765 746 770 299 383 715 182 255 942 136 213 762 383 868 111 367 862 925 445 363 539 219 470 621 267 117 846 34 501 582 560 612 488 775 985 670 340 124 220 508 620 826 657 242 678 624 627 198 846 186 80 894 511 213 696 729 669 621 718 31 554 866 37 2 821 586 764 818 252 934 177 560 874 131 377 353 535 293 296 277 422 132 379 561 770 822 830 270 500 40 332 834 723 899 907 702 866 191 479 702 496 410 783 303 398 203 436 116 309 36 297 451 912 384 461 18 716 267 193 424 308 173 386 351 226 996 548 424 384 250 315 525 749 68 404 777 252 473 926 302 332 483 218 335 105 897 246 786 815 835 259 933 575 419 254 465 691 292 87 809 648 675 921 740 795 745 763 92 638 509 343 84 543 715 579 319 702 738 84 128 837 159 412 353 757 812 832 598 466 92 621 968 427 680 510 790 39 31 770 859 649 555 170 975 897 339 848 278 353 150 785 505 98 652 355 26 703 49 226 184 664 411 306 445 471 927 198 206 363 185 982 36 586 416 759 719 861 322 6 658 694 209 126 911 885 6 444 392 903 970 242 156 119 631 710 794 189 610 969 126 742 862 99 597 779 746 582 652 866 870 100 263 862 255 569 880 32 228 842 244 249 947 797 510 201 689 323 482 626 467 242 496 956 832 88 880 444 369 556 120 93 567 763 277 369 710 489 237 619 21 55 958 866 67 297 465 940 828 259 779 892 528 379 992 337 135 228 786 709 266 406 908 602 72 953 167 522 469 740 287 923 380 40 633 592 951 803 871 858 832 233 207 668 979 256 786 851 322 885 118 360 972 946 623 897 756 938 557 280 695 855 468 878 696 786 694 845 649 688 94 678 852 789 290 419 509 106 595 577 80 530 178 506 495 210 168 622 660 942 610 695 961 811 566 282 674 26 790 627 473 715 825 594 902 180 720 176 262 67 413 105 169 633 234 692 955 191 899 108 329 485 230 946 5 944 786 887 454 692 336 757 741 9 617 543 735 620 983 208 603 511 429 599 608 955 898 366 742 644 644 844 585 594 881 519 945 858 494 226 587 463 459 653 324 156 834 309 526 534 952 486 597 78 294 795 122 979 491 890
93 10 914 565 865 94 851 989 79 74 890 818 459 290 556 227 892 500 683 665 882 875 140 558 593 265 419 731 418 922 720 234 401 144 723 191 68 40 504 834 113 120 844 241 330 421 244 67 344 650 261 207 895 906 22 633 296 279 871 989 44 293 533 933 165 268 621 129 174 589 371 914 612 404 571 80 318 472 915 918 265 943 942 544 735 469 122 755 411 418 182 906 622 867 36 948 549 491 14 986 973 15 880 302 657 783 274 924 197 514 656 400 303 427 912 463 272 398 384 324 374 819 765 264 512 828 51 155 691 470 416 77 219 260 716 448 636 703 383 812 962 127 37 301 89 872 21 121 615 904 239 409 898 925 831 436 674 18 484 67 188 134 867 255 381 750 261 673 657 998 795 79 947 118 836 957 927 720 909 128 694 352 30 762 880 524 507 466 639 835 611 361 891 991 891 551 84 618 982 542 658 484 210 48 837 30 823 842 198 647 699 993 549 190 29 784 447 358 717 644 512 349 676 63 637 903 825 715 203 653 268 394 761 139 950 206 31 737 533 247 612 789 549 931 45 924 936 724 696 498 1000 795 992 785 960 214 878 398 744 347 183 457 200 856 314 94 84 138 718 649 815 140 446 515 304 910 591 407 208 696 991 590 995 198 748 897 821 657 89 611 661 285 171 539 935 659 371 65 300 301 625 43 603 467 378 604 757 102 737 670 736 351 543 301 706 717 957 36 462 139 147 509 447 848 532 675 296 590 339 938 696 652 532 65 161 668 764 957 797 130 387 364 969 60 602 48 53 513 37 745 851 449 773 603 594 782 19 187 89 813 480 925 86 270 620 763 45 484 787 206 413 807 800 526 861 164 260 671 281 799 525 464 569 450 192 276 733 82 800 804 233 168 772 638 90 192 381 955 342 177 559 319 605 54 381 508 442 42 866 413 47 103 914 950 335 812 807 536 414 266 837 163 398 306 936 493 90 958 513 835 927 560 501 354 606 867 822 329 326 272 150 315 987 910 71 275 24 856 359 916 782 598 479 607 115 279 658 594 263 825 623 359 665 376 762 27 574 63 983 686 377 961 27 202 10 825 421 738 731 741 141 386 888 970 285 306 931 373 219 941 440 643 337 982 34 7 191 426 474 388
345 706 157 501 162 340 579 706 844 990 736 696 958 328 877 455 908 253 489 898 692 504 136 639 558 889 864 872 277 601 823 460 731 114 289 138 523 393 428 245 957 173 773 588 129 767 186 946 148 960 638 647 286 920 314 204 879 303 114 417 981 123 88 300 116 847 559 917 289 978 222 690 485 807 358 554 906 783 981 759 573 115 234 968 110 775 619 689 227 841 132 516 311 748 329 203 24 595 313 947 90 142 727 725 89 739 190 816 781 441 932 975 451 450 689 72 153 303 333 643 759 347 600 90 966 430 592 761 775 866 271 516 772 209 227 154 454 291 323 267 442 290 71 704 949 479 20 551 721 170 322 22 181 495 453 379 280 730 726 962 221 866 531 117 505 79 548 558 735 758 760 695 437 736 443 876 231 853 282 582 692 23 907 550 295 298 506 407 964 413 119 627 911 836 473 484 683 996 831 466 579 312 594 484 745 288 886 901 676 796 681 847 28 342 188 85 951 266 197 33 462 567 902 233 364 28 486 820 811 102 95 916 908 976 834 353 447 547 428 44 494 310 825 291 380 185 977 616 29 4 712 57 659 82 394 601 784 390 745 836 90 741 188 359 367 697 298 380 873 755 714 369 953 585 903 504 116 11 228 337 169 206 626 108 981 912 822 138 214 124 322 424 558 602 935 468 252 458 677 889 802 840 929 767 125 266 92 547 107 120 15 718 123 454 574 686 613 61 870 413 798 722 761 955 970 492 911 356 231 364 454 675 673 483 982 850 401 480 880 81 347 20 263 240 551 683 173 509 271 641 285 972 594 339 838 365 232 859 324 852 952 878 231 109 835 841 77 214 517 277 395 740 119 681 375 454 26 75 11 614 452 238 131 916 187 954 750 326 390 970 397 373 579 308 663 438 619 450 424 593 311 681 814 248 709 787 209 458 876 872 511 495 41 645 375 47 146 246 335 807 586 537 577 543 450 213 481 317 241 673 436 368 889 705 422 202 198 8 576 306 971 207 190 66 785 632 524 868 626 594 630 634 962 252 819 981 941 207 604 189 930 461 751 394 476 634 584 992 914 24 417 45 766 368 236 929 379 423 585 970 51 138 723 213 276 300 422 772 138 307 146 73 556 211 693 76 158 428 101 675
762 809 814 416 65 18 405 512 129 667 204 488 844 670 351 556 347 629 834 832 257 94 255 888 207 47 870 587 792 809 721 629 167 14 543 409 612 756 973 862 832 679 709 804 954 326 508 659 263 606 303 40 748 293 956 472 530 501 427 432 357 44 171 921 991 617 471 828 110 927 577 97 633 799 90 614 658 950 714 26 698 963 265 494 943 938 491 283 605 738 592 494 536 659 823 179 402 829 711 776 39 617 484 529 63 576 488 364 841 193 124 824 733 448 24 782 165 613 525 225 461 290 517 532 84 658 660 291 787 872 704 278 506 275 271 288 372 224 158 956 238 824 722 377 162 905 53 6 334 335 323 462 608 206 930 850 996 440 732 440 197 793 762 718 373 438 497 648 576 736 485 878 275 564 717 593 145 449 531 147 928 518 895 834 995 207 576 885 764 478 893 848 660 147 705 70 85 427 466 871 695 567 690 22 711 641 38 253 109 778 406 452 892 703 453 29 185 918 931 43 139 488 512 582 681 71 393 535 926 390 732 271 198 540 177 797 789 177 707 660 935 722 421 521 179 160 570 397 249 896 115 39 705 12 467 808 507 402 327 86 932 220 733 140 28 445 201 429 468 564 592 799 225 586 113 494 813 207 857 565 520 319 166 658 569 262 84 446 563 620 608 654 26 870 966 413 126 68 396 49 569 332 800 770 810 194 611 429 990 479 443 944 627 138 433 534 50 158 570 69 858 189 920 165 541 578 890 206 29 674 397 558 875 532 973 99 792 363 472 843 772 748 872 24 953 79 395 851 446 731 78 542 375 61 474 12 255 796 874 624 360 807 541 758 180 657 295 951 569 170 812 351 887 129 334 143 581 507 572 138 647 134 622 974 682 807 719 551 932 61 731 441 397 391 624 117 155 674 864 70 316 203 254 248 116 115 159 700 813 760 702 379 231 884 735 691 687 501 883 113 226 17 36 757 261 623 963 327 290 140 380 46 190 794 136 142 931 870 544 115 682 586 258 101 615 452 856 672 440 851 632 408 96 355 949 993 311 615 52 302 798 688 330 34 559 479 903 759 34 852 970 49 373 591 751 429 823 6 639 339 89 155 110 755 152 26 169 852 3 728 784 863 175 744 658 797 858 178 851 968
107 192 958 592 208 4 857 489 255 703 765 218 178 562 295 841 504 839 41 937 887 635 912 409 111 149 870 851 836 548 419 230 235 200 134 425 636 726 718 433 709 907 54 179 281 695 171 510 322 937 671 447 958 54 816 357 116 717 203 596 513 18 830 578 48 554 877 541 617 875 969 506 351 264 204 538 538 839 990 932 498 220 316 746 989 387 520 469 709 127 348 349 113 371 416 562 622 600 100 181 33 531 578 477 905 839 539 529 815 104 182 812 53 16 678 948 485 133 504 96 875 413 356 468 422 859 529 763 904 882 55 603 928 810 737 74 455 310 170 764 627 659 458 23 814 12 110 172 540 201 105 844 219 127 487 770 88 496 107 809 384 11 806 585 359 130 822 120 580 248 985 395 754 554 142 18 79 102 10 333 719 52 92 984 906 382 262 506 239 565 73 744 400 414 26 755 49 240 669 971 815 257 117 967 495 492 292 430 232 360 541 294 367 167 708 716 399 129 26 209 116 244 529 402 858 423 317 257 752 100 23 998 919 120 660 848 19 814 565 582 479 660 180 979 830 161 520 182 32 544 703 959 117 482 925 367 632 354 88 7 650 199 669 416 613 823 717 849 445 795 473 537 843 703 657 48 875 131 91 484 78 649 714 143 642 214 142 727 487 234 887 377 600 512 332 51 339 30 994 176 399 281 60 191 429 444 17 400 527 799 865 927 463 408 404 888 421 381 144 879 130 152 2 468 974 977 420 448 690 302 274 581 801 482 559 311 467 153 735 752 668 659 641 839 626 202 451 199 159 883 266 702 873 940 48 614 726 977 219 853 889 107 626 69 833 445 817 643 176 307 54 947 730 897 658 630 175 657 790 104 272 118 961 845 496 753 44 808 372 385 299 781 498 721 387 573 56 382 516 770 567 943 767 846 768 285 148 233 108 197 51 107 195 846 121 47 695 715 577 389 704 468 561 323 3 505 70 646 640 854 77 738 315 723 400 872 892 424 991 37 57 375 657 721 921 526 149 107 451 408 657 503 932 826 826 140 265 31 63 825 624 243 774 606 992 822 998 303 782 981 463 529 520 376 352 246 244 692 932 611 913 751 911 64 648 216 165 297 202 571 11 668 848 705 928 658 149 841 661 683
236 863 646 190 973 590 376 339 308 343 241 323 670 905 568 715 689 590 280 722 551 34 428 149 423 626 126 148 755 42 569 720 69 580 994 863 432 343 19 393 229 269 66 830 510 439 934 543 174 725 993 927 184 539 22 537 244 864 325 55 486 514 987 874 164 123 246 202 991 275 34 534 3 878 347 277 775 373 482 734 954 668 901 207 59 596 400 601 224 110 333 351 849 265 627 295 364 109 616 225 514 267 837 564 293 125 839 246 40 454 800 576 369 145 639 415 736 104 147 418 34 11 545 809 788 650 233 373 317 873 820 700 96 750 523 983 409 699 322 405 661 9 738 940 957 990 32 117 393 102 603 125 136 161 326 234 439 984 525 209 763 635 485 781 902 232 791 748 507 763 34 935 36 998 338 975 775 707 345 703 35 202 973 680 750 452 777 309 702 26 458 616 674 137 230 500 591 908 813 520 563 955 934 855 986 562 542 26 293 321 837 915 738 409 335 126 269 626 519 395 125 579 771 10 916 837 112 410 406 110 514 636 834 904 162 179 984 4 435 575 249 101 861 331 741 474 779 511 685 861 319 672 519 920 418 797 871 444 412 868 993 117 543 496 843 289 362 633 553 117 705 753 9 931 566 89 346 724 164 391 272 24 811 327 622 619 646 262 743 495 976 910 112 986 122 588 128 209 681 331 129 51 899 352 77 638 38 954 13 15 794 311 981 212 397 824 179 178 517 874 615 463 180 416 869 208 701 150 889 568 506 745 835 970 81 749 174 737 658 515 236 200 998 72 160 218 303 927 702 290 559 301 524 947 594 525 433 853 142 336 937 602 827 140 977 399 456 128 768 243 76 346 565 535 54 793 606 222 71 373 847 262 217 378 265 877 907 414 146 394 216 470 462 227 390 835 664 149 37 377 563 40 684 163 664 52 326 207 13 633 965 799 649 830 53 114 83 559 658 382 470 728 183 39 458 204 469 114 893 562 546 519 102 855 386 400 51 929 688 657 1000 205 36 733 73 176 841 615 3 9 819 753 964 949 66 702 45 865 396 403 426 444 678 100 226 130 460 890 364 369 436 516 103 244 642 450 940 766 508 286 128 783 136 524 786 309 762 652 800 21 337 12 233 836 354 571 953 154 406 792
746 121 833 137 104 382 368 740 870 372 213 250 490 208 776 110 168 154 696 138 225 717 352 683 395 969 879 804 965 500 855 219 473 912 421 555 969 689 379 852 446 359 976 937 1 346 543 179 909 509 507 104 686 833 764 169 877 316 523 416 21 21 357 913 649 158 161 117 739 616 935 989 918 839 108 771 845 96 640 988 694 750 454 50 508 616 156 349 795 103 635 193 291 799 696 60 529 592 25 791 695 129 330 700 574 198 70 636 280 860 151 317 496 649 599 696 286 850 128 984 649 116 426 647 743 41 341 376 320 729 495 964 512 696 548 728 28 78 144 961 26 551 572 90 941 920 94 902 102 427 459 994 921 480 833 587 542 682 298 684 164 154 450 998 648 713 171 54 949 571 968 443 744 999 891 971 854 397 137 143 321 986 529 49 426 67 647 446 261 80 23 670 665 843 259 16 124 731 271 478 499 282 601 88 560 158 665 21 478 660 573 263 101 868 912 546 61 771 671 74 339 988 26 60 691 490 783 593 636 419 530 529 574 155 161 799 206 270 263 573 59 330 705 494 169 875 631 499 122 948 190 793 682 76 349 862 33 612 853 870 921 643 352 931 545 990 369 7 836 781 730 127 447 488 639 227 826 523 584 406 476 862 591 173 600 618 582 113 299 925 210 360 926 405 749 319 308 918 29 706 973 916 775 133 110 10 747 702 186 489 388 552 187 427 591 14 189 100 278 187 993 670 511 930 542 234 931 451 377 560 494 489 935 750 786 255 862 432 541 179 127 632 303 713 433 606 42 434 186 932 588 21 861 651 432 469 581 322 678 520 654 722 804 255 63 215 839 336 525 8 488 291 851 6 303 186 531 12 525 824 195 155 487 202 618 464 615 293 36 523 215 326 514 692 612 652 347 977 264 634 51 609 432 295 894 440 5 888 923 900 37 154 587 597 464 264 227 782 181 582 189 280 644 663 673 828 230 326 529 190 450 527 330 957 108 872 610 915 702 666 328 936 766 305 738 139 567 558 885 166 431 192 52 342 143 132 777 151 463 731 450 167 706 602 412 786 825 434 727 486 463 892 471 518 560 729 552 551 428 27 56 410 629 62 989 131 884 262 437 718 305 245 622 317 226 705 207 530 673 970
480 64 986 694 106 621 667 632 849 183 568 139 463 606 486 180 205 606 63 895 748 108 615 581 387 133 545 524 446 15 984 531 435 203 936 663 487 882 661 943 207 205 274 216 812 483 604 317 78 752 453 948 843 814 981 723 530 396 196 309 279 554 979 34 622 299 157 868 515 708 422 110 343 393 453 67 881 377 928 615 25 553 257 887 484 124 764 486 848 475 260 282 216 933 384 459 898 988 300 387 648 152 31 807 75 187 393 807 209 461 470 354 754 645 11 930 530 886 816 789 393 566 991 1000 466 559 351 401 964 79 320 215 926 134 966 469 494 836 719 38 909 78 262 369 845 817 383 233 760 823 847 948 943 534 415 538 686 303 345 285 865 893 223 917 180 749 70 109 321 875 119 215 683 696 451 183 341 315 272 691 525 25 951 289 428 565 267 888 703 67 618 572 865 650 909 366 462 804 750 524 924 334 384 958 461 543 268 228 416 670 406 262 689 575 19 42 191 55 805 299 449 487 62 407 928 138 341 670 42 232 570 715 914 570 298 863 413 699 187 89 412 212 462 521 126 876 542 974 757 481 562 193 45 64 302 789 917 939 911 345 23 269 570 468 943 829 853 789 795 583 459 306 700 81 733 604 300 718 758 127 941 111 128 982 230 579 983 71 855 166 334 179 939 750 718 415 458 832 478 545 273 849 620 90 565 339 763 427 770 361 523 300 335 130 549 530 688 502 6 646 557 29 763 52 234 26 448 176 966 228 759 839 829 838 379 145 117 35 863 102 426 889 944 632 521 982 281 181 445 106 37 435 198 8 658 279 475 145 176 965 763 210 837 426 184 828 629 360 146 473 429 377 807 923 744 604 206 506 975 994 745 153 281 312 620 490 232 139 851 957 888 866 188 119 322 906 45 59 323 316 316 669 387 475 586 977 326 204 577 69 292 148 9 721 4 256 543 656 740 961 186 289 320 86 122 267 614 795 913 503 327 682 361 837 524 554 438 401 62 12 595 751 219 624 385 190 825 742 918 521 739 271 472 857 721 157 75 872 131 593 721 898 772 752 641 41 403 314 434 87 390 958 819 816 392 483 839 625 708 232 707 126 89 546 530 362 907 981 869 886 37 721 314 556 626 255 50 812 95 837
667 728 582 635 256 296 380 504 35 558 243 700 384 527 985 127 581 933 618 941 243 602 593 37 574 917 989 829 327 893 633 178 118 892 533 794 7 790 5 232 444 942 267 548 36 799 563 331 832 439 591 697 889 857 477 232 471 300 724 209 831 216 930 802 460 45 806 511 60 496 472 670 170 535 799 725 98 202 503 560 370 886 357 640 82 366 121 618 28 803 164 685 782 630 680 732 722 722 383 116 771 141 332 896 448 115 616 282 980 949 771 381 394 287 506 408 100 543 153 204 16 16 307 58 94 582 100 317 536 86 936 138 12 865 252 865 953 100 744 718 709 575 664 749 864 212 865 169 145 975 764 114 345 268 801 865 294 592 296 47 342 181 269 665 198 675 672 963 715 990 717 193 220 725 418 901 214 583 549 103 958 822 300 738 981 538 149 783 811 319 194 198 928 401 25 4 958 706 245 709 322 331 656 978 496 778 117 897 1000 789 217 305 285 207 401 902 774 773 769 960 572 409 958 274 492 433 799 276 751 88 180 125 484 717 659 885 956 830 387 816 982 959 109 350 346 961 517 828 647 549 204 869 35 167 900 249 282 881 95 919 173 841 234 140 155 426 365 278 983 523 393 93 676 707 892 956 345 288 920 932 887 680 960 794 895 285 73 377 924 348 797 973 351 876 835 513 317 491 413 17 934 431 422 771 891 476 820 146 547 976 868 304 909 152 820 219 36 830 859 661 212 557 85 535 387 672 469 293 852 752 587 91 673 897 476 14 141 171 598 478 829 912 961 539 777 995 909 370 533 37 511 365 597 255 502 581 272 244 716 807 80 380 323 851 617 789 915 703 453 738 246 487 620 922 775 722 464 343 716 732 56 317 614 699 183 425 493 568 825 214 475 733 508 886 672 984 552 843 402 266 195 382 495 716 528 354 326 755 15 940 642 903 951 810 246 698 489 523 99 625 18 905 926 701 159 479 609 505 419 96 822 675 493 523 485 358 314 83 132 615 350 765 373 180 86 253 421 878 856 548 733 784 973 30 212 606 42 525 178 256 700 178 323 196 788 312 882 486 58 100 24 935 894 320 575 52 232 583 70 284 366 260 980 552 313 305 736 404 689 370 380 850 590 386 700 19 602 684 677 767
871 11 402 570 508 449 731 308 403 181 449 313 414 420 191 234 347 343 289 989 570 600 266 730 588 734 486 742 220 62 50 371 932 854 4 876 779 564 826 903 358 931 270 444 366 687 436 237 223 684 601 788 712 542 276 708 150 155 469 282 516 733 288 753 823 369 749 405 96 902 720 712 726 500 827 879 584 764 709 156 826 475 281 734 39 925 960 232 950 861 147 216 187 286 949 738 768 143 595 719 734 228 198 799 808 203 454 154 916 817 176 1 381 473 587 430 97 446 937 55 995 232 868 606 376 325 708 594 157 88 760 417 400 393 131 235 341 331 801 394 774 716 110 43 907 674 255 265 631 593 689 700 46 325 319 959 890 96 215 193 509 715 391 99 860 862 167 614 202 714 573 707 663 241 942 597 443 623 191 792 461 946 456 548 989 757 392 561 717 337 136 776 752 789 285 764 840 8 235 984 297 162 304 759 331 644 968 227 468 95 243 374 831 155 669 978 310 539 708 836 641 27 953 796 41 579 890 291 876 184 814 152 163 748 689 723 309 970 374 848 55 114 206 885 38 698 191 764 916 521 391 268 497 643 459 66 991 492 492 60 159 300 396 280 586 624 976 29 493 407 733 55 954 425 167 869 503 867 929 591 792 416 921 823 346 112 666 834 960 195 501 220 13 934 13 598 815 241 522 415 874 538 557 415 251 750 80 713 703 274 207 989 929 799 716 188 531 862 995 571 869 617 487 62 287 473 931 144 566 178 141 783 737 873 609 522 155 76 966 672 389 124 29 467 950 781 62 210 929 930 739 73 707 848 82 677 363 129 838 756 126 683 949 888 796 787 217 137 518 719 976 252 251 455 142 742 986 482 471 715 429 776 307 365 874 353 622 32 518 76 609 145 483 465 169 953 844 77 880 843 702 316 914 459 518 660 284 731 902 39 164 284 441 519 723 446 278 433 407 286 667 193 999 451 60 265 598 834 221 481 370 775 991 22 729 796 346 530 591 749 855 200 437 563 919 526 510 817 9 253 399 625 515 436 430 742 540 896 962 326 608 184 33 709 196 514 81 637 104 916 229 776 320 962 600 979 71 209 279 758 30 391 35 900 545 588 739 691 64 612 770 186 357 556 224 864 161 258 167 167
279 46 755 468 926 351 90 969 474 846 222 572 531 427 529 573 875 529 774 255 85 639 886 225 177 199 137 723 51 143 625 416 814 695 648 62 767 718 923 386 406 118 728 768 986 703 72 488 44 333 641 528 852 557 793 921 33 968 339 759 847 156 392 538 335 185 114 177 287 115 125 191 216 406 746 834 462 968 899 615 786 494 49 457 416 255 844 125 786 183 371 3 174 378 542 651 479 289 54 405 809 800 838 614 181 135 781 245 598 475 609 19 882 529 653 121 79 881 439 165 695 335 682 383 340 566 323 435 927 76 448 878 278 660 13 257 388 430 103 725 709 216 732 897 396 260 606 209 491 887 105 331 938 93 408 868 553 942 968 618 702 718 859 79 280 206 811 161 728 772 190 620 538 70 233 365 302 25 252 61 545 40 232 492 144 874 578 939 879 978 156 959 23 205 87 933 308 613 564 416 515 912 679 982 864 33 684 88 807 730 346 774 858 894 445 933 175 867 272 47 201 199 766 502 179 250 101 750 296 309 283 437 91 42 529 592 229 145 548 548 927 224 138 412 141 303 527 600 128 416 450 915 210 549 778 539 983 163 878 106 242 900 507 61 23 454 38 90 864 276 584 389 519 41 187 10 157 500 980 82 185 470 869 248 125 31 429 73 109 682 176 736 452 229 358 805 480 116 129 3 89 889 725 678 482 233 440 814 830 284 550 853 52 881 89 678 117 533 554 339 328 662 204 875 585 927 511 148 433 730 140 246 953 191 241 728 510 195 370 663 149 89 985 188 37 730 914 503 420 451 67 182 641 839 100 842 760 659 266 909 983 144 902 696 143 62 708 148 861 149 984 448 68 980 578 955 491 297 269 994 775 900 820 699 823 2 137 173 217 381 228 241 599 819 574 498 146 542 731 81 126 310 678 483 705 688 650 6 855 278 726 748 790 910 155 288 548 229 794 509 605 487 226 154 491 504 291 433 216 760 701 300 534 980 756 243 766 748 848 771 511 674 484 920 650 261 44 381 858 195 980 158 943 645 640 74 222 799 4 345 5 724 56 439 526 897 887 721 863 491 890 519 524 252 549 833 763 765 600 841 242 436 890 317 599 87 688 100 657 852 732 886 500 655 318 447 116 945 381 426
549 679 994 478 8 505 321 894 978 354 728 516 910 61 181 331 397 294 495 520 905 597 616 184 554 725 988 957 490 28 905 255 634 933 531 477 742 296 569 839 321 936 654 971 623 891 377 680 256 350 297 917 312 197 567 20 502 677 560 427 696 77 7 99 803 612 841 520 277 134 794 930 692 816 895 977 208 940 91 330 999 830 415 46 229 973 213 466 282 875 219 179 619 73 802 186 213 726 129 813 958 282 682 830 715 236 659 600 319 369 56 584 942 767 975 226 773 566 410 539 791 872 28 174 2 69 232 891 437 218 949 804 327 924 130 404 907 420 253 364 937 340 533 402 633 27 578 739 406 968 363 382 902 330 396 475 158 869 231 163 976 548 299 296 428 988 198 941 986 264 330 835 672 839 666 932 959 690 268 321 955 509 497 580 52 284 135 866 948 656 588 998 941 31 904 855 977 895 103 706 318 339 730 546 698 768 22 220 264 585 634 459 757 88 793 318 525 963 502 947 62 964 386 580 595 730 234 856 240 105 880 617 380 599 558 571 939 353 591 51 985 558 83 23 730 858 610 164 787 990 432 864 373 198 16 633 219 907 584 12 320 319 263 605 943 479 882 595 522 577 220 854 663 129 605 88 783 290 816 835 388 521 180 491 611 303 196 369 115 772 606 677 25 608 974 933 857 785 150 541 291 190 310 925 252 742 621 601 473 811 127 233 935 51 787 286 619 815 492 690 251 692 580 472 310 357 296 435 496 208 111 30 652 310 928 745 877 214 336 727 958 645 280 567 390 152 142 434 811 222 470 319 617 697 779 435 266 866 164 612 955 518 127 413 756 229 379 962 935 211 437 496 535 507 894 601 439 873 404 775 786 960 866 110 201 374 377 406 946 198 556 271 683 232 564 658 387 610 692 176 491 301 221 431 410 617 518 540 530 654 601 38 212 323 953 326 496 197 782 251 314 734 450 235 896 603 99 914 131 863 891 764 239 729 682 235 424 645 877 31 694 446 462 734 334 144 43 464 352 517 766 178 93 883 595 970 306 55 604 200 632 783 22 747 202 189 807 187 896 61 823 890 351 555 555 194 787 536 174 813 261 352 546 24 551 197 894 670 694 214 732 38 374 457 646 563 317 729 434 352
19 656 190 161 735 551 550 360 86 542 76 218 302 116 686 377 526 829 511 942 460 486 718 449 476 980 845 735 413 260 766 986 271 278 603 293 398 641 659 979 686 474 711 665 787 434 635 984 753 165 447 774 162 715 70 828 641 543 586 741 340 141 532 699 52 300 578 314 245 268 259 717 595 589 71 469 141 591 536 199 503 278 581 669 441 679 202 592 978 54 302 710 711 300 952 605 347 124 795 326 35 614 927 342 609 383 60 611 831 98 339 266 122 220 981 257 420 321 681 401 342 881 580 981 161 826 191 427 811 96 515 126 763 676 816 73 676 364 631 737 178 555 259 887 928 805 566 901 700 601 644 447 489 653 342 967 851 587 204 916 139 112 811 368 771 555 783 720 323 930 849 931 775 802 580 165 989 8 899 51 672 325 310 995 785 245 143 555 934 355 88 252 188 866 435 524 921 177 835 31 955 990 488 328 974 176 662 942 34 763 124 136 684 806 493 625 94 91 469 675 130 409 969 98 832 669 522 899 977 727 565 633 298 442 556 660 934 164 541 779 801 33 325 666 218 74 678 386 193 67 738 20 761 512 956 810 802 132 219 765 875 735 765 958 186 5 576 319 185 883 485 858 119 455 179 870 592 27 232 793 154 291 143 151 289 491 848 848 810 675 647 15 192 981 170 480 429 298 849 414 48 527 233 631 153 281 864 521 756 214 942 323 217 914 772 635 658 852 371 989 629 220 825 530 351 14 361 263 170 232 672 971 624 769 167 580 696 112 737 277 542 304 620 496 758 797 50 832 731 284 125 95 822 495 358 852 553 120 412 245 896 747 300 551 834 457 244 425 507 368 250 311 177 69 14 946 275 12 364 319 91 888 833 779 371 471 686 714 716 665 141 779 847 882 196 254 201 430 483 194 955 175 948 975 732 521 409 22 678 246 189 390 375 373 916 351 986 378 377 646 508 928 549 983 103 593 632 951 187 454 668 493 341 882 273 327 418 521 986 500 294 654 498 463 310 787 136 612 212 802 195 767 864 400 361 69 352 384 387 915 4 754 315 882 945 682 583 533 808 696 901 603 839 852 838 138 356 609 398 929 610 394 290 417 800 624 646 957 51 998 240 237 57 718 421 918 267 718 979 187
17 524 696 859 268 739 431 607 54 680 218 705 657 953 55 952 97 103 885 915 84 176 840 696 571 771 499 23 610 338 343 994 129 749 545 298 67 690 252 680 27 108 952 681 131 84 227 267 93 927 835 148 509 970 778 608 333 21 915 953 215 604 255 145 246 360 232 393 738 830 329 747 106 483 879 395 300 962 969 598 45 22 879 219 589 319 460 402 309 95 779 95 674 130 31 781 122 682 825 637 67 184 378 499 311 913 361 24 331 906 434 200 828 416 917 671 231 468 253 242 588 69 339 37 534 721 428 738 243 672 670 778 159 471 896 895 331 400 667 192 709 810 145 155 424 232 322 145 184 703 88 930 960 867 396 352 911 306 30 383 59 246 45 377 523 434 877 245 162 878 761 771 589 200 362 13 521 244 233 174 467 428 539 758 245 668 251 848 37 688 594 515 451 624 683 825 453 860 422 243 663 236 630 698 893 483 235 848 526 414 95 532 867 241 291 508 869 446 65 997 147 621 902 150 701 260 340 690 363 222 942 572 68 588 795 755 586 391 310 697 230 28 866 182 479 640 911 168 203 65 519 546 974 803 252 863 813 262 86 725 716 259 363 395 280 647 388 41 62 986 819 266 534 596 266 125 690 205 127 636 800 572 851 88 681 286 161 767 83 537 821 892 748 591 241 488 532 460 576 430 180 779 625 466 527 435 523 496 131 870 207 778 460 559 694 641 365 770 3 128 305 400 340 115 101 517 245 455 749 484 648 343 950 235 185 972 198 416 46 499 776 560 117 813 488 285 761 275 95 969 911 593 515 909 680 48 482 480 196 602 224 999 237 13 312 548 697 751 498 954 501 10 281 967 43 68 883 923 106 402 78 42 439 562 983 479 948 791 263 572 23 332 641 255 896 197 658 501 703 916 94 810 817 216 759 21 328 480 285 490 671 380 383 145 221 395 613 36 801 393 552 424 965 443 623 621 35 318 155 439 826 878 627 587 826 354 493 688 293 224 221 286 14 452 952 614 239 466 133 161 522 397 539 186 411 431 651 441 456 106 470 923 902 595 400 844 421 897 647 177 948 763 992 940 799 277 678 28 915 982 36 315 613 988 677 382 633 198 580 628 414 551 508 596 672 598 67 974 712 94
743 370 870 102 92 99 762 754 762 388 813 208 345 86 834 371 243 239 968 23 374 950 137 448 655 481 341 302 406 742 302 882 668 917 26 791 849 392 496 398 508 839 1000 578 285 586 352 389 258 25 162 740 214 908 428 451 689 872 993 151 561 982 557 864 190 370 467 961 263 679 480 960 317 984 646 413 646 223 930 384 291 148 620 884 587 63 680 723 320 974 533 106 338 64 886 548 515 318 348 929 797 127 706 521 744 783 794 919 720 26 674 861 510 332 254 317 272 990 722 332 799 420 977 524 398 159 694 419 423 398 185 962 251 864 445 351 714 124 533 703 241 933 397 56 381 681 274 501 777 515 451 989 917 29 184 151 676 604 643 577 122 327 820 987 336 471 158 278 26 416 5 522 712 904 875 1 63 143 20 70 852 303 341 284 44 935 302 416 214 305 247 555 596 397 365 911 149 158 713 600 413 440 416 633 902 772 614 522 437 473 997 860 307 523 965 465 578 907 945 769 887 536 663 828 699 210 781 700 622 198 26 9 980 996 794 670 814 765 144 793 547 935 946 806 431 646 669 748 729 931 771 80 28 596 381 979 136 743 127 313 819 541 869 256 837 751 237 888 691 713 105 108 997 211 932 789 558 354 76 558 675 829 14 218 638 476 659 232 542 761 149 653 175 897 495 161 52 886 366 307 151 63 37 344 819 457 661 174 661 871 802 188 25 977 195 503 554 751 738 186 966 148 173 967 893 31 437 94 999 649 750 898 654 556 878 246 389 729 607 510 215 225 907 20 674 913 753 531 961 531 142 640 466 641 746 980 93 653 132 32 260 403 454 161 89 868 682 104 44 370 631 418 82 200 911 628 395 104 128 259 192 812 244 441 199 190 124 24 798 42 258 876 108 750 275 946 817 52 29 314 192 286 25 897 237 796 507 130 84 728 821 36 480 139 96 451 840 113 253 961 265 594 511 749 63 921 307 6 222 150 59 179 122 747 953 275 454 104 742 156 746 927 211 88 129 247 410 302 497 78 264 229 176 528 811 148 497 95 523 853 123 545 939 246 593 407 898 50 918 203 727 235 61 14 585 34 642 153 714 228 768 799 456 357 84 46 118 198 474 543 777 960 208 112 773 36 838 471 620 853
713 794 830 396 379 605 694 697 229 175 571 953 483 896 979 310 31 627 296 878 180 902 901 306 456 282 388 134 819 900 827 479 57 102 977 479 430 543 979 348 536 409 689 608 304 583 938 468 183 294 821 531 888 973 279 104 767 125 600 170 691 342 235 232 330 650 266 342 883 336 44 403 684 749 419 52 470 559 580 692 302 586 512 399 323 268 171 237 60 693 536 736 928 749 231 121 243 587 869 305 790 90 742 80 837 170 681 532 117 789 987 903 656 959 777 941 325 68 503 934 147 359 201 788 654 445 916 736 240 150 897 817 165 243 827 24 149 160 647 140 301 271 650 241 512 108 546 449 319 53 692 513 632 679 389 262 831 188 635 262 234 863 695 979 820 177 552 519 1 550 34 996 610 878 225 327 116 638 585 224 243 589 49 404 292 581 171 495 319 811 750 592 92 417 653 415 995 543 924 797 722 835 944 545 683 224 163 571 617 596 717 154 809 906 377 910 590 449 298 517 26 390 39 777 664 453 310 232 202 29 263 660 403 96 379 638 561 469 797 305 640 411 824 700 709 787 471 787 421 880 103 70 479 762 807 474 678 879 323 423 505 407 860 752 336 211 425 764 505 653 488 451 358 234 577 734 147 70 270 594 842 926 44 282 920 454 837 91 891 596 539 114 728 674 18 138 199 587 172 508 967 427 718 709 171 536 619 764 697 800 480 619 906 324 187 826 918 525 970 976 52 395 676 21 912 216 130 594 554 329 808 412 776 429 462 549 893 114 682 312 579 419 424 179 824 38 305 710 269 504 721 143 72 11 200 576 367 518 670 159 257 50 454 792 714 833 417 561 912 380 673 12 261 882 290 42 816 180 725 999 228 745 810 273 900 105 577 665 31 807 784 197 359 264 889 332 359 469 513 98 101 825 491 941 246 613 340 881 504 424 280 453 924 879 887 356 16 857 907 621 266 642 945 317 183 579 300 114 789 203 300 901 393 852 740 33 688 324 916 589 435 843 469 879 785 664 849 362 87 753 636 677 580 608 559 498 671 811 957 164 853 527 162 176 275 985 372 27 396 617 272 748 155 635 164 422 772 401 581 153 618 261 902 249 299 334 806 620 57 499 474 78 184 261 752 348 222 570 599 898
141 376 780 305 76 747 103 734 51 717 753 706 13 796 548 787 866 553 502 151 909 796 625 447 94 184 452 242 504 660 422 363 738 204 62 40 364 553 533 60 501 959 386 451 769 59 600 842 997 224 117 994 625 542 178 805 625 558 363 419 125 728 59 946 428 337 483 666 918 945 162 353 830 941 228 595 988 485 743 732 854 867 265 571 353 193 217 996 589 84 72 938 59 141 593 461 999 495 171 425 19 733 386 501 894 752 173 286 338 75 760 882 713 996 393 98 717 740 899 520 468 57 771 611 5 52 326 7 324 92 232 400 307 966 305 460 440 861 637 27 333 557 442 422 848 401 347 322 886 257 336 842 905 829 50 163 472 5 207 543 495 617 274 177 5 938 506 391 295 993 269 569 121 689 982 449 240 916 495 62 811 971 218 713 504 775 59 187 944 263 139 327 351 898 81 288 239 275 877 914 87 861 349 860 996 636 774 749 96 158 869 855 91 11 934 323 289 616 764 983 129 816 274 595 384 774 134 946 601 273 764 143 278 671 383 86 345 305 120 723 625 350 369 599 661 935 156 137 89 501 108 490 686 728 59 197 451 674 553 261 339 536 871 59 698 190 670 902 274 835 532 703 338 76 758 72 423 724 826 96 383 357 50 367 529 4 469 871 387 703 496 740 652 843 475 176 776 581 875 260 848 58 346 854 256 140 879 924 231 526 78 813 454 247 378 208 820 948 579 544 683 82 771 167 759 480 298 140 75 118 878 1 761 690 167 509 93 324 696 390 786 62 500 605 230 121 354 216 147 761 606 694 289 302 660 590 315 155 575 722 891 300 658 658 248 606 584 334 785 14 240 409 412 234 583 240 328 687 494 260 280 841 326 693 524 163 345 363 295 532 844 5 209 22 226 738 73 47 367 812 577 858 725 118 536 751 146 151 1 389 476 529 480 710 195 598 539 369 877 956 409 170 643 61 988 347 612 660 34 215 745 639 951 369 215 537 808 122 137 325 847 204 586 100 277 689 456 151 788 447 992 848 494 970 314 657 399 412 605 153 493 642 428 538 309 550 436 956 833 376 943 190 182 653 815 433 585 146 666 330 597 705 975 858 482 787 916 834 769 520 398 751 4 985 814 551 367 539 200 833
169 618 71 269 24 755 524 158 565 616 562 861 710 670 368 485 615 177 195 352 823 272 514 944 915 408 182 994 635 576 339 451 390 393 350 666 394 405 337 796 767 373 44 354 631 283 565 869 352 828 455 229 531 592 810 909 132 490 916 833 829 79 757 357 702 554 464 52 6 209 629 139 514 606 48 124 48 589 802 732 820 432 564 490 38 338 459 868 977 558 119 764 16 573 295 356 360 657 944 31 261 130 418 662 838 369 77 55 702 774 998 327 474 320 398 82 582 755 249 906 849 411 257 873 451 636 465 767 510 163 520 629 207 598 643 113 187 637 567 750 146 570 393 709 855 819 493 447 459 497 747 723 769 967 305 38 11 466 265 685 959 68 479 684 140 358 649 172 746 35 612 409 450 242 232 35 572 195 734 457 882 522 363 629 991 759 249 287 219 81 561 957 316 3 403 176 656 446 715 410 395 239 385 14 881 22 914 914 909 867 731 200 488 613 42 32 213 935 444 760 334 108 811 492 161 719 834 8 34 517 559 504 186 122 303 161 367 26 581 74 919 785 448 722 673 396 865 138 706 135 493 311 158 855 586 896 277 397 641 394 94 840 334 845 279 963 245 961 152 470 900 564 202 678 510 684 350 424 828 162 389 638 421 155 149 632 62 205 951 337 861 160 975 941 416 745 171 110 467 819 811 884 748 905 55 186 520 769 435 404 303 682 660 889 183 542 463 577 267 327 953 897 462 489 226 733 1 598 979 466 156 947 43 51 614 96 575 674 852 796 705 416 404 354 954 647 257 712 965 118 898 673 922 65 760 789 299 952 207 332 255 773 408 608 316 14 484 238 402 771 883 966 250 345 211 370 711 708 734 966 477 918 833 673 199 483 279 530 550 996 745 181 405 942 975 985 452 721 845 361 573 701 820 403 537 358 675 553 174 456 513 831 357 152 537 1 446 966 274 238 927 401 435 841 33 509 743 245 915 703 805 354 872 883 7 53 204 759 723 327 259 980 446 878 227 247 916 123 881 691 936 195 266 941 420 780 292 531 665 112 583 563 137 696 613 641 170 518 323 593 650 304 629 217 872 93 499 808 411 445 579 615 631 232 61 966 178 809 371 529 406 195 314 668 566 240 99 122 585 716
268 100 700 284 747 994 481 494 236 131 5 744 518 310 941 36 701 19 744 130 494 572 814 774 732 284 596 128 464 305 332 617 508 633 145 813 474 781 933 287 87 180 507 260 774 431 31 121 890 445 210 423 553 668 962 503 69 443 377 453 531 317 392 369 252 291 69 764 535 107 814 424 420 453 416 58 786 803 344 455 722 1000 375 278 240 496 542 901 61 550 196 737 774 543 639 918 587 344 11 883 750 700 941 839 526 37 680 935 287 455 817 354 299 85 493 417 137 345 241 50 470 405 321 1000 578 443 956 644 804 883 954 210 906 429 891 788 583 613 546 640 711 207 199 640 769 515 492 57 92 841 787 883 341 344 697 495 102 798 9 226 891 107 866 566 776 221 737 799 792 303 781 159 842 776 363 984 312 635 796 777 395 735 175 33 383 60 360 443 142 956 68 663 580 605 239 244 565 131 580 865 275 871 279 440 49 352 207 816 49 552 607 809 927 459 542 527 552 331 937 529 175 857 416 382 734 565 269 591 510 462 142 136 630 377 750 65 527 560 892 409 384 245 558 57 538 267 78 52 427 925 311 123 668 411 510 321 652 989 201 844 42 157 10 802 955 932 805 563 181 737 942 506 32 449 876 470 746 131 199 940 197 331 11 917 295 484 419 897 446 426 951 283 107 413 1000 608 425 132 649 476 470 403 436 541 865 976 125 197 647 527 787 216 917 181 113 616 46 522 793 624 955 625 406 344 37 553 773 815 486 957 737 364 144 916 714 417 937 576 12 747 558 831 593 247 23 523 980 697 243 285 124 616 39 574 726 77 179 989 577 548 688 381 934 128 422 882 369 804 794 465 884 702 378 512 483 647 293 283 96 532 622 17 913 603 924 783 733 463 533 323 30 262 474 436 114 499 364 39 420 516 896 767 509 356 532 935 557 138 792 870 643 367 970 212 513 297 655 613 356 733 700 903 342 604 133 407 334 407 647 846 876 166 530 189 849 200 753 996 991 524 271 112 27 181 499 805 382 31 365 889 971 483 24 488 800 387 868 848 324 345 554 726 610 12 183 515 612 631 90 905 293 888 41 591 129 781 616 241 637 147 930 592 476 123 468 280 170 933 130 158 913 995 792 546 326 669 638 783 880 63
732 380 743 300 849 575 77 79 272 353 259 90 180 698 754 396 727 586 986 492 673 328 252 343 20 719 581 747 602 709 101 543 597 190 187 100 860 12 243 942 360 403 760 579 198 447 252 238 390 175 380 35 322 281 26 227 786 461 915 676 457 315 228 310 511 787 990 162 920 431 914 800 412 684 314 651 668 257 615 688 642 876 926 706 435 527 461 213 686 86 506 158 800 363 430 403 470 645 482 757 850 818 525 598 227 304 657 105 323 514 947 341 270 442 514 12 519 885 457 508 691 135 630 856 175 671 150 275 721 616 976 187 272 971 435 243 959 899 143 560 830 288 684 247 838 659 670 832 537 465 735 849 856 832 292 955 623 26 95 329 664 763 432 890 842 227 269 125 910 451 913 711 651 521 414 841 948 876 356 340 435 984 335 285 405 819 219 226 11 634 116 386 427 816 261 598 941 772 377 117 826 366 577 343 783 820 253 358 709 545 155 917 271 600 610 504 80 782 466 499 896 996 483 525 204 981 267 534 556 538 227 581 61 46 450 11 145 112 794 926 304 628 607 719 482 505 466 708 586 663 505 362 25 636 948 20 408 453 44 498 119 325 503 126 203 512 848 47 372 634 894 853 437 493 485 667 200 101 343 245 503 477 739 424 534 82 915 687 735 48 608 117 111 255 531 789 233 101 390 544 684 987 320 723 466 425 634 603 248 351 920 788 223 607 292 294 645 897 40 955 211 871 675 307 943 868 277 472 408 920 310 800 525 381 476 632 764 775 192 270 421 769 946 140 976 604 911 861 231 268 871 703 957 953 249 865 82 143 452 889 757 182 654 670 682 929 492 968 156 246 757 58 622 591 815 455 49 17 23 657 65 206 534 95 905 36 62 841 843 356 154 79 899 858 957 33 360 72 180 234 149 164 40 417 598 136 273 399 335 726 559 844 810 529 804 666 185 785 94 496 394 281 936 19 945 893 965 824 364 382 656 500 588 877 274 52 648 328 304 498 185 759 466 590 616 65 68 856 781 826 793 804 633 291 386 127 19 673 363 360 149 182 606 121 816 953 361 920 768 628 403 689 525 756 327 793 925 442 795 422 276 956 699 503 383 298 513 741 518 662 494 597 758 754 18 403 614 613 363 401
948 358 548 710 939 777 711 304 886 680 175 490 792 113 692 796 974 124 284 241 64 161 316 896 845 479 507 949 211 546 112 511 865 787 344 535 705 219 780 182 423 382 162 311 339 126 314 365 552 316 190 704 596 446 78 385 687 619 674 827 942 801 641 458 379 127 760 158 466 906 276 641 229 666 765 76 965 629 940 978 472 259 522 990 310 468 945 634 404 20 852 897 500 517 442 548 731 459 587 257 61 39 657 698 840 207 723 431 972 969 110 695 930 274 498 378 829 474 461 331 412 336 470 256 841 498 647 335 182 887 890 576 710 556 984 208 590 476 299 248 57 4 423 170 426 346 512 904 9 545 743 418 12 327 447 36 573 85 865 972 159 835 168 404 760 785 958 189 802 656 536 543 319 63 865 339 40 942 234 970 715 658 583 170 946 31 350 287 335 429 551 529 109 659 827 843 648 589 187 96 904 14 682 297 334 626 746 670 237 676 918 933 229 895 56 775 148 500 341 5 545 336 105 202 290 46 548 156 237 240 659 844 602 695 835 719 516 874 412 928 339 143 821 155 388 247 431 337 86 802 701 705 159 345 18 602 288 717 457 333 216 28 95 403 713 636 130 193 231 4 941 13 364 278 126 869 188 14 616 308 921 928 462 9 683 88 156 157 900 463 999 725 393 634 443 148 751 169 953 966 297 86 600 678 314 577 112 9 40 626 853 605 81 85 380 22 992 121 137 278 878 129 590 719 152 586 939 379 862 229 44 156 885 96 577 213 942 820 579 663 977 143 317 871 199 91 750 888 432 945 704 644 674 286 847 955 506 33 215 972 208 429 926 359 700 259 883 608 938 557 234 869 577 90 469 52 365 295 786 579 838 869 748 909 7 185 148 65 265 106 888 22 668 415 627 177 405 971 139 835 261 158 422 435 386 465 897 656 452 187 552 635 616 850 38 53 881 762 846 88 960 760 564 307 718 207 925 663 840 665 50 499 842 856 393 647 20 296 583 616 12 935 964 233 686 559 511 942 598 446 75 788 969 378 810 262 904 724 673 963 466 537 671 366 13 697 300 773 8 26 906 803 443 375 548 260 561 386 499 386 36 436 371 719 729 156 744 269 812 64 300 146 708 804 113 969 325 955 140 795
967 474 887 584 248 30 21 392 925 617 950 434 674 135 631 488 137 647 728 368 166 245 615 799 426 426 861 115 44 826 656 78 406 495 697 378 332 923 88 761 966 347 653 925 232 408 732 732 979 505 10 912 436 368 617 864 904 338 62 696 652 480 741 9 128 372 124 533 159 122 443 597 445 151 514 464 77 578 487 599 1000 775 843 540 934 596 997 257 66 905 60 599 821 468 234 528 432 845 314 738 174 428 689 144 327 100 121 63 339 891 196 632 472 235 649 30 305 793 114 758 789 328 391 306 682 834 837 395 55 929 577 616 936 109 229 566 955 523 706 134 606 73 991 386 788 708 538 550 100 938 352 9 60 705 382 832 979 72 119 325 48 872 767 175 250 468 561 296 583 408 910 987 273 444 936 131 851 676 348 705 341 42 304 725 635 27 627 4 968 764 956 907 712 5 17 617 112 57 713 75 815 940 237 210 263 941 922 22 554 66 122 875 675 785 430 736 112 228 951 399 838 388 606 342 243 236 75 578 276 53 916 234 206 575 788 648 933 618 625 456 651 763 128 918 672 975 758 655 316 798 221 279 762 519 260 618 95 672 703 421 140 443 956 319 210 322 492 63 20 32 173 898 263 671 777 920 60 30 115 242 409 975 407 188 192 797 956 527 475 223 666 624 870 621 7 872 195 227 343 859 773 576 450 570 446 437 564 866 723 457 212 336 486 971 616 123 632 676 148 347 232 678 769 68 146 681 115 733 470 728 477 271 898 722 633 225 633 533 495 709 708 744 619 902 961 353 642 853 36 542 820 229 667 438 117 108 482 161 735 687 107 912 840 653 428 738 429 704 806 296 387 565 787 244 167 817 505 918 509 518 852 312 176 263 805 967 702 448 910 35 130 877 589 672 65 939 364 699 288 851 475 378 95 485 273 259 904 9 79 205 347 199 343 423 127 189 70 378 844 70 771 16 546 115 302 719 518 206 145 9 192 986 450 772 986 729 146 208 970 82 240 791 891 130 146 922 854 608 824 287 511 153 426 934 924 879 316 80 869 292 960 473 749 967 696 186 247 765 310 145 447 397 933 753 790 443 496 777 15 525 730 250 658 111 687 684 393 295 372 799 263 729 742 823 195 842 179 848 910 311
546 570 885 120 814 219 204 109 482 41 746 146 722 749 470 732 311 381 239 108 603 549 549 897 394 940 730 525 872 957 811 160 852 645 341 567 8 212 982 535 730 258 535 666 789 736 407 88 867 27 215 466 661 742 659 941 35 735 87 656 413 129 391 781 397 217 362 675 262 684 285 986 563 412 494 610 491 556 68 400 188 563 380 599 121 139 644 739 593 147 499 219 897 673 79 486 602 56 183 221 189 368 301 725 808 898 12 499 891 111 30 218 268 647 378 217 913 895 439 639 934 930 968 464 775 64 316 756 459 637 741 341 735 593 340 247 731 784 620 876 200 742 808 703 134 828 283 487 633 431 13 667 860 81 418 579 423 559 490 153 162 370 718 649 323 566 659 859 966 166 440 860 964 756 786 128 467 59 800 811 768 108 833 897 398 406 155 868 560 254 210 656 762 981 175 492 351 886 701 749 614 36 718 82 509 855 400 246 818 539 964 412 241 272 358 216 614 693 756 743 352 402 734 104 562 278 156 24 418 733 484 392 325 725 684 45 840 430 302 630 513 55 455 695 272 490 209 388 485 682 283 355 629 49 183 455 59 774 965 849 620 428 383 807 395 601 457 226 339 613 836 45 374 754 659 101 151 709 966 725 755 198 104 982 969 181 910 14 210 183 406 148 103 460 367 242 606 883 802 492 208 999 416 472 743 292 447 168 493 990 115 329 112 854 574 622 385 230 392 426 434 190 49 744 161 967 938 847 32 589 199 268 981 484 570 36 534 9 81 245 289 991 930 127 462 971 566 893 339 439 428 417 761 767 893 673 718 889 512 117 604 303 779 684 358 75 511 297 534 971 737 669 184 633 469 581 839 245 621 334 623 196 714 500 830 734 355 177 547 603 735 564 278 654 865 977 618 718 778 981 423 297 430 549 94 48 348 43 252 54 571 919 98 868 489 210 246 778 454 633 24 215 867 539 527 923 157 421 862 708 52 38 254 883 840 907 720 412 276 417 327 443 520 774 831 577 512 448 378 762 27 611 523 375 139 806 828 537 944 861 634 494 683 936 94 457 266 208 704 450 813 635 136 526 364 679 632 872 735 500 572 252 384 364 537 406 826 808 502 786 70 348 554 297 978 739 851 166 228 339
693 456 796 68 52 652 45 649 4 76 139 362 420 732 791 398 322 178 385 868 73 934 672 753 404 644 355 514 886 502 551 46 224 684 293 694 779 411 769 73 720 905 959 617 914 277 287 200 366 63 106 532 573 19 528 849 325 838 331 460 196 225 895 811 597 744 304 585 107 330 809 502 432 742 719 875 543 18 229 21 189 992 300 291 827 428 196 864 335 846 210 213 549 574 76 22 385 290 327 732 486 78 906 670 130 433 839 539 810 191 620 561 120 965 462 520 510 226 224 441 889 205 355 620 688 387 998 733 8 463 614 452 420 252 186 821 249 15 976 132 407 586 809 217 457 819 570 161 993 310 119 866 742 595 462 657 657 530 66 999 757 797 160 330 540 165 893 525 698 960 221 436 526 569 629 593 30 328 751 702 895 228 94 251 618 13 196 277 961 423 577 397 703 531 577 286 459 741 767 23 169 445 422 984 272 767 519 239 826 201 745 565 351 227 205 436 477 324 848 662 802 695 996 641 931 425 125 55 417 629 275 397 187 96 941 702 733 737 121 38 946 827 880 644 996 925 536 156 881 295 23 629 345 472 833 766 865 760 66 720 800 125 789 501 956 969 445 789 800 44 758 45 521 166 290 398 398 898 629 933 979 478 981 95 390 771 500 229 396 634 894 172 607 23 416 692 424 174 866 142 471 607 756 884 674 153 710 549 175 311 281 326 979 323 984 523 632 312 711 421 152 149 979 449 935 663 587 938 44 204 861 848 246 186 762 406 243 305 673 958 268 136 476 551 262 701 790 609 312 241 851 967 964 574 858 173 942 106 364 505 773 608 996 48 401 403 623 980 40 635 602 707 960 260 402 393 398 895 192 547 507 719 872 274 787 546 106 397 874 103 300 331 70 941 989 250 693 710 116 298 196 336 339 456 889 168 722 903 375 992 129 6 433 30 856 541 549 941 581 553 814 972 183 803 734 435 315 211 259 377 695 957 349 590 234 275 512 333 601 309 508 192 373 796 238 764 847 83 235 24 466 563 563 212 955 115 466 964 301 101 930 817 620 640 515 286 164 568 6 308 665 359 864 203 941 62 27 873 959 492 331 349 691 941 704 773 846 918 19 608 256 500 99 681 581 180 203 955 599 39
734 625 820 194 865 620 148 311 116 155 408 572 342 586 392 565 214 851 330 789 580 237 312 919 629 209 423 670 326 17 462 354 455 899 388 201 237 390 76 14 393 184 54 625 442 873 648 487 746 875 348 713 282 472 96 568 57 236 182 721 694 138 460 809 155 438 437 919 636 35 922 950 844 333 975 60 284 572 875 354 741 258 253 708 291 13 241 587 793 620 905 840 2 50 58 269 143 72 124 112 360 172 520 235 747 367 89 555 560 44 951 587 763 802 35 772 749 144 124 661 584 761 434 370 311 989 983 462 726 414 304 76 367 378 875 864 625 296 543 157 350 269 421 657 225 435 940 812 130 484 47 832 945 397 951 736 706 951 74 537 806 315 995 603 454 697 5 601 860 268 878 261 446 414 373 118 919 470 135 883 68 268 853 604 714 880 771 86 684 839 973 320 563 132 69 293 387 995 456 549 559 618 487 847 913 457 371 506 660 434 980 969 682 962 718 612 674 847 248 709 964 337 809 103 149 910 625 992 778 353 924 752 758 388 864 426 797 128 910 744 685 886 254 1 672 626 442 330 628 648 640 488 899 785 808 118 701 723 724 162 688 461 764 60 890 709 652 149 481 626 757 837 152 376 379 967 576 344 572 739 528 850 882 395 525 97 862 89 475 723 273 225 164 968 669 826 461 116 217 351 322 856 36 218 551 742 413 977 891 858 779 417 140 149 7 673 660 833 354 752 798 843 331 14 389 585 209 930 18 207 918 593 269 457 526 23 592 952 557 327 581 114 910 352 629 231 743 235 590 885 314 957 803 54 438 581 295 121 748 961 558 699 745 853 471 232 351 454 441 98 297 196 766 949 900 689 31 212 878 433 182 145 756 233 782 742 903 820 216 563 562 541 124 848 439 868 623 188 507 701 18 564 494 147 912 212 578 391 808 929 788 398 66 156 731 97 816 340 638 636 811 464 632 85 732 689 806 559 111 647 364 735 937 576 981 155 748 680 939 135 793 98 40 229 332 628 257 397 584 674 275 581 241 856 697 847 170 168 826 778 580 817 566 231 557 859 364 345 564 116 349 557 871 573 417 486 637 973 263 133 649 86 289 916 329 432 633 602 980 292 890 759 216 794 570 38 279 5 895 346
745 644 780 770 766 712 256 238 681 257 370 80 564 350 327 206 922 853 215 397 557 192 171 850 817 417 539 216 39 405 981 93 414 570 928 285 102 39 912 225 335 483 980 363 337 141 721 601 766 473 131 507 692 201 924 890 968 816 767 876 547 128 202 17 889 849 629 770 447 476 185 433 257 26 701 682 624 164 799 701 545 269 248 124 334 944 792 158 880 680 728 95 779 296 83 473 271 912 417 933 962 509 502 900 281 751 339 584 17 572 311 251 551 54 833 815 606 87 235 708 747 957 799 782 402 246 732 627 238 914 177 300 657 504 925 277 887 158 242 498 93 586 190 555 161 205 523 200 533 374 555 982 244 345 309 657 918 872 290 32 443 672 315 193 293 483 772 359 218 532 147 747 25 672 219 719 412 897 366 651 598 225 534 425 209 97 192 16 8 753 188 538 803 468 566 227 769 696 622 113 948 1000 926 304 964 574 901 610 583 527 721 23 856 14 389 345 114 781 131 513 421 771 272 759 632 452 862 4 50 972 729 226 815 627 809 802 203 540 335 435 56 436 680 287 861 121 975 223 752 697 871 658 275 309 102 723 332 419 440 331 635 618 81 46 968 953 738 723 553 261 525 177 483 975 576 135 343 507 568 969 381 438 460 903 611 804 498 175 89 266 60 225 732 963 50 3 375 764 323 811 438 304 95 185 608 577 58 834 10 16 432 647 713 379 709 404 201 775 713 847 577 250 699 574 741 580 745 553 187 511 911 575 821 711 831 565 433 841 131 520 236 717 542 19 341 390 767 881 730 494 630 405 331 175 440 107 783 196 690 475 77 85 473 867 454 163 423 416 846 307 674 568 622 607 172 10 419 126 328 512 694 93 345 757 84 229 897 142 586 957 754 239 881 672 125 421 415 90 944 984 760 37 599 470 637 734 487 311 439 594 162 892 534 476 595 748 260 922 652 452 191 464 866 772 667 686 44 172 611 921 666 648 629 391 304 256 603 340 473 757 823 966 770 109 618 328 539 588 279 611 978 286 34 325 545 78 873 292 441 81 320 426 504 882 573 678 788 532 62 52 924 290 570 618 495 657 920 560 491 42 445 599 408 5 627 580 761 470 977 420 883 405 355 192 672 1 666 497 813 30
700 573 873 182 238 291 321 419 202 624 322 969 372 6 409 34 551 397 231 636 567 878 888 606 16 435 535 985 154 251 105 213 974 593 554 770 607 981 302 532 929 944 214 650 302 946 657 81 673 136 178 739 896 427 786 276 202 391 575 14 21 927 831 719 494 228 127 402 821 696 428 307 136 974 365 872 591 539 969 66 468 250 374 651 580 338 561 743 257 537 641 802 640 777 42 225 861 322 12 67 144 209 160 455 981 913 571 693 443 643 547 824 54 131 653 441 46 9 580 411 194 93 124 219 830 918 677 276 200 39 933 543 833 574 173 683 299 365 740 940 553 715 150 73 216 743 716 160 472 666 140 223 222 173 480 58 538 95 754 578 413 683 768 333 464 743 809 498 891 599 460 675 705 396 544 122 498 312 907 608 890 158 474 397 641 649 767 69 122 412 86 513 464 600 793 577 871 372 179 89 631 122 632 125 263 985 786 454 669 920 3 349 390 398 777 386 962 884 778 1 408 534 309 884 907 155 856 928 804 357 693 310 752 657 105 357 510 182 963 752 909 604 408 663 528 155 870 681 486 695 879 357 526 342 931 29 417 38 119 339 147 762 387 988 593 545 636 446 93 660 265 360 110 858 397 515 26 89 158 396 285 821 343 863 342 283 926 9 8 606 761 672 906 820 656 8 798 391 737 926 579 599 379 808 888 259 856 887 966 173 676 225 449 780 552 583 563 122 618 630 654 678 154 856 889 877 873 400 621 74 369 136 639 368 785 655 57 490 71 918 51 509 645 689 872 325 76 421 280 494 793 668 586 147 781 766 282 448 182 321 589 147 941 385 958 535 898 641 269 71 740 698 960 872 257 368 346 360 954 481 35 240 5 214 842 107 956 764 121 195 567 81 9 769 244 980 927 272 637 387 519 175 124 96 920 624 702 563 868 735 365 720 837 556 460 757 447 809 627 25 465 287 848 585 857 577 638 753 620 394 970 992 15 706 606 890 539 146 696 25 213 494 373 233 311 933 622 835 911 237 315 610 721 554 775 323 768 492 652 681 294 79 75 340 131 172 782 502 407 642 288 29 736 799 194 120 964 515 737 567 948 358 567 853 604 30 21 733 207 910 225 866 880 732 437 894 305 143 624 814
915 136 922 937 480 789 974 338 573 936 853 539 994 817 150 234 653 240 220 346 384 764 970 163 723 393 689 262 524 293 373 853 828 566 254 227 324 986 739 751 371 650 989 221 780 434 196 896 832 200 513 838 311 345 923 253 89 401 630 589 926 89 924 372 420 651 58 585 898 914 227 98 607 610 23 787 722 885 693 103 71 791 621 70 838 235 362 366 842 657 958 741 888 447 57 438 59 102 755 518 648 596 604 240 593 661 749 551 204 214 626 656 574 353 398 526 247 554 94 743 389 394 20 633 794 402 974 367 622 136 511 815 632 468 991 348 7 402 572 34 948 626 827 164 922 276 943 945 101 383 892 980 6 780 449 98 185 808 836 261 36 799 703 607 960 968 879 352 704 912 474 744 432 798 517 732 223 530 524 409 639 313 375 936 540 187 921 790 892 619 950 202 80 568 219 189 581 846 274 108 499 998 333 421 943 133 383 575 697 969 87 176 25 405 584 987 810 1 480 524 295 744 862 222 176 290 522 289 728 487 28 541 502 645 704 977 401 932 201 200 865 780 976 98 633 662 464 992 907 9 15 358 704 876 530 541 180 160 92 561 377 870 814 559 789 519 336 831 404 898 280 892 90 521 508 214 660 78 117 990 229 606 81 967 94 471 503 407 507 923 954 900 609 763 478 861 519 240 102 769 300 169 539 123 815 126 456 129 773 527 487 197 640 934 610 557 318 648 59 913 254 892 965 773 892 859 204 167 931 500 40 989 869 56 410 436 11 482 325 232 563 389 794 951 916 797 402 934 549 301 861 523 975 456 323 942 9 899 28 906 766 457 939 798 539 361 587 453 582 787 621 461 74 957 986 223 775 815 526 804 484 935 784 780 815 383 496 295 216 654 704 803 684 26 98 282 757 242 46 225 684 717 166 837 703 144 19 312 597 698 715 542 187 673 432 871 865 237 798 429 474 365 26 808 793 840 287 45 52 767 819 891 863 175 567 354 954 564 19 577 287 174 613 475 948 886 777 100 855 690 488 630 538 168 122 688 775 498 717 380 966 130 694 604 63 601 553 283 663 913 432 438 376 678 10 235 400 300 472 186 33 635 32 68 789 520 263 500 541 803 52 139 529 878 812 584 448 28 446 721
411 623 687 304 208 213 144 76 649 913 861 609 178 347 224 413 220 867 104 470 727 150 634 884 385 974 317 92 92 625 747 546 886 863 831 69 41 372 80 629 825 538 997 248 771 787 627 288 115 274 169 717 348 934 570 991 362 84 864 253 887 59 377 243 668 177 837 994 154 74 953 702 879 427 190 317 786 419 26 980 908 581 740 751 757 681 79 214 531 205 193 500 897 817 274 50 843 230 921 721 977 220 547 596 246 99 549 808 309 722 116 276 492 488 342 729 138 673 24 684 980 573 583 607 79 823 960 943 467 677 100 493 616 591 276 42 804 410 312 610 193 318 64 696 367 321 578 584 291 23 510 646 322 178 213 201 317 834 838 348 415 20 909 398 756 75 923 298 85 701 708 233 264 991 371 246 326 330 297 336 863 492 714 500 914 294 641 255 636 538 527 719 943 575 337 388 670 246 740 887 110 955 619 467 915 663 743 625 861 344 325 884 924 199 454 50 8 615 378 485 886 345 671 545 469 764 141 702 734 418 855 249 32 496 420 896 457 744 984 204 746 344 429 280 227 994 783 895 645 384 48 440 904 232 64 254 657 839 645 767 982 502 385 574 272 888 671 817 157 885 953 28 504 623 269 674 5 555 931 928 39 26 871 917 60 87 327 903 743 130 456 944 658 311 603 370 16 632 926 151 930 24 920 146 543 780 887 950 817 208 223 336 480 635 526 576 899 541 619 16 919 965 683 337 79 144 762 999 77 98 462 450 975 728 270 557 964 214 272 625 441 124 840 883 710 443 675 375 636 918 790 501 272 473 509 89 590 497 787 104 36 624 808 636 704 730 762 83 532 212 524 476 216 976 301 774 120 678 934 929 613 599 176 598 166 229 198 970 547 876 50 158 373 530 771 534 122 792 658 750 152 579 326 546 983 906 697 732 64 40 651 425 428 896 647 350 163 694 476 208 201 827 488 179 32 199 194 711 301 392 218 444 344 721 769 367 517 757 495 960 852 478 834 119 867 352 348 863 723 213 231 469 813 88 754 948 689 100 856 194 751 554 145 908 770 320 404 412 817 342 100 396 360 396 975 224 398 227 292 199 356 905 823 22 515 386 875 868 941 8 368 80 792 186 428 911 990 395 405 52
113 26 263 567 41 121 525 384 359 763 98 300 686 132 679 376 448 200 619 612 747 680 741 102 856 284 558 360 757 627 900 957 294 217 301 348 385 974 565 431 982 262 620 755 167 2 398 540 78 969 977 343 65 268 264 898 929 539 800 876 617 183 328 118 768 179 13 46 291 170 754 652 968 120 741 765 636 127 634 632 244 583 649 119 189 956 823 961 401 691 294 83 844 54 659 466 79 113 832 793 313 462 234 807 17 421 882 104 373 938 166 497 913 510 557 754 603 919 474 262 663 503 71 236 109 218 339 605 811 291 140 896 417 876 608 490 455 536 900 768 334 463 127 82 887 23 433 25 827 568 484 168 959 169 535 175 707 159 61 980 550 120 591 583 581 603 620 953 21 557 886 808 575 623 975 737 591 104 519 31 678 141 121 801 168 398 848 34 475 968 476 251 897 377 93 672 603 837 875 712 309 488 496 960 342 757 228 123 204 962 275 186 812 389 564 848 286 365 796 391 669 453 15 210 550 418 213 118 328 90 71 71 723 480 170 740 849 35 486 938 245 709 126 56 165 561 594 858 490 441 493 587 245 213 844 36 107 237 915 785 186 883 678 544 498 754 710 102 8 734 717 215 358 403 497 967 486 471 258 561 37 855 364 966 942 222 60 213 627 40 660 828 705 838 64 214 334 387 560 211 297 162 350 513 486 247 706 232 705 524 441 701 215 506 116 393 538 440 294 356 168 469 204 342 210 389 865 6 329 183 362 403 878 705 206 37 113 124 224 930 663 504 469 181 6 458 916 416 538 621 879 791 46 597 284 427 870 408 82 236 244 252 352 667 394 326 473 27 110 171 187 161 730 78 964 410 840 312 210 780 143 23 592 385 969 398 325 77 469 287 284 438 381 100 206 662 862 912 558 341 560 408 105 983 857 560 13 644 553 74 191 41 459 72 619 224 628 795 924 161 921 263 121 272 785 487 740 599 606 150 529 948 694 810 484 956 219 226 171 332 736 19 829 167 646 355 109 713 26 837 110 312 620 704 946 285 910 721 731 293 46 778 126 144 352 183 979 565 873 754 956 455 349 519 393 482 641 880 746 561 458 45 691 167 712 556 789 166 676 143 783 324 632 602 5 674 333 982 542 789
26 356 993 640 659 108 824 318 352 426 542 534 501 870 557 337 819 490 363 113 464 353 910 570 964 334 410 446 785 318 653 639 235 23 756 22 641 663 713 676 595 629 241 559 146 865 272 652 782 454 376 312 839 719 200 137 962 38 54 292 511 822 954 743 413 332 222 323 242 338 990 870 822 717 25 764 5 824 522 229 795 323 852 869 315 930 980 415 42 882 784 338 418 582 509 76 925 246 398 206 719 309 278 891 923 876 806 560 222 812 793 254 452 647 413 897 303 437 958 919 189 957 378 450 530 343 372 262 22 918 5 84 996 679 763 323 556 99 936 44 819 517 572 735 78 333 12 454 228 912 441 861 570 859 102 144 723 849 896 504 695 789 877 647 701 230 245 414 166 993 637 455 4 404 697 951 941 173 160 597 981 610 109 672 351 994 333 387 48 769 827 300 590 624 825 379 592 170 91 71 599 662 634 965 611 138 440 770 339 448 860 996 643 838 182 16 115 348 791 656 887 753 879 328 118 555 449 120 982 239 382 914 110 451 837 364 635 378 670 658 695 4 85 591 824 877 908 705 258 834 173 260 372 312 58 496 37 255 759 269 562 292 878 466 877 597 669 811 32 857 106 792 809 530 448 502 883 969 32 907 51 161 369 970 716 736 864 403 877 868 218 738 954 96 300 740 46 642 979 534 423 665 795 471 495 557 246 1000 37 514 371 554 167 131 668 778 493 818 937 411 547 724 930 866 620 106 57 951 767 826 910 630 981 461 778 95 701 257 508 530 253 715 582 665 484 447 351 439 517 138 796 672 845 720 242 511 328 344 142 724 379 186 365 145 723 256 368 421 855 108 492 543 665 8 399 816 783 935 44 333 872 987 366 273 695 289 546 288 512 249 798 874 146 291 455 804 806 499 460 405 389 678 756 32 16 434 360 481 725 413 342 527 830 134 589 783 694 530 810 710 379 562 74 839 894 396 147 393 988 327 679 301 288 865 144 450 408 139 133 743 4 835 173 330 325 944 385 220 762 830 521 743 92 337 782 797 885 863 363 275 737 547 526 697 560 566 850 36 839 342 802 24 258 667 781 821 69 395 964 193 147 404 787 52 649 824 150 322 651 867 810 87 32 25 193 935 83 574 685 293
219 199 997 305 499 432 844 159 603 230 483 414 150 323 537 295 673 501 532 451 452 6 383 617 29 18 702 685 120 895 626 635 214 621 959 837 812 628 901 799 42 824 186 155 342 829 294 752 725 676 148 880 720 845 571 368 486 137 913 509 307 566 462 643 629 501 881 655 559 329 616 313 676 790 32 17 622 146 158 313 313 605 707 483 852 111 295 541 164 544 32 386 59 298 312 74 159 211 704 224 898 518 226 623 404 117 657 42 407 708 589 808 794 181 488 887 24 596 569 600 957 231 370 816 549 417 725 674 234 139 327 520 308 939 979 209 542 438 51 793 26 105 709 453 542 448 622 32 977 86 14 352 516 441 173 256 524 285 712 521 908 488 106 11 708 577 562 152 929 949 317 220 767 510 705 183 645 654 561 246 813 702 168 816 395 732 924 340 173 660 205 629 540 870 457 520 865 862 949 693 210 411 26 955 374 679 879 305 575 369 865 900 548 92 377 843 872 364 900 841 154 516 288 655 335 376 987 823 726 162 344 217 821 324 445 525 396 9 498 167 401 489 445 478 881 942 665 552 581 332 980 980 934 218 298 387 861 683 920 407 601 639 68 50 90 409 228 879 214 594 85 463 483 719 500 776 742 992 227 623 140 97 548 645 270 813 421 775 53 594 593 518 279 567 463 865 642 276 361 373 550 725 277 197 376 807 334 367 441 557 994 376 310 276 293 658 459 808 785 177 834 104 878 574 495 850 687 236 936 71 596 232 352 26 110 149 538 434 874 124 648 205 608 96 928 805 677 828 293 376 630 348 619 490 623 188 803 156 495 958 98 66 663 767 91 79 195 400 577 5 657 888 128 588 601 858 682 692 455 931 783 780 966 501 854 176 974 658 632 427 965 842 460 904 262 723 482 368 789 975 224 281 940 27 647 990 497 148 767 499 540 443 666 66 857 518 998 130 629 563 820 88 96 343 367 560 889 734 442 325 490 358 524 839 832 943 661 104 35 578 406 207 96 21 446 936 852 205 454 916 18 625 594 259 313 141 286 290 265 668 2 2 385 575 290 461 90 88 766 996 47 544 828 383 752 243 634 369 641 792 932 807 562 862 520 618 141 989 108 710 940 834 287 946 508 376 432 47 740 589
626 580 214 713 507 136 998 561 520 837 490 108 580 145 205 349 504 893 239 532 356 273 709 798 407 88 765 798 757 689 236 184 882 938 284 435 961 910 286 704 328 134 41 914 337 55 817 171 547 582 263 771 739 467 805 604 485 688 224 486 490 115 53 688 235 762 888 229 467 339 761 687 561 128 8 662 378 906 173 334 341 738 578 662 447 345 836 673 828 13 804 466 686 395 124 999 698 666 823 556 86 138 9 854 2 50 597 665 168 764 679 387 641 202 994 581 688 90 163 903 169 893 444 881 716 834 722 486 807 256 901 976 712 250 293 917 825 821 82 760 656 831 313 645 78 787 731 550 824 67 128 780 787 452 579 736 926 420 412 942 83 907 831 71 770 40 380 281 184 258 166 289 396 616 488 2 309 509 4 119 323 15 700 107 588 819 829 85 939 928 520 92 48 16 586 466 513 70 762 828 630 290 170 888 337 648 338 394 273 247 249 900 976 196 285 526 420 457 822 557 889 118 360 956 551 995 672 32 209 254 467 166 22 464 685 829 330 222 399 61 14 291 255 930 330 340 93 269 180 203 996 145 406 161 377 796 679 747 422 263 460 318 123 417 475 561 838 696 824 891 433 884 47 142 523 278 57 212 63 441 207 478 796 88 276 43 725 255 335 570 163 636 187 543 309 291 569 582 950 330 63 797 334 5 875 524 298 858 895 265 130 131 810 782 975 333 405 664 823 731 856 279 204 232 996 526 394 873 422 634 381 257 956 730 448 196 234 895 668 825 624 128 21 597 145 22 22 771 954 996 153 913 113 211 313 282 907 501 918 300 797 275 97 146 707 187 438 284 700 220 28 262 209 191 547 933 454 55 510 898 277 843 331 738 790 214 602 578 493 228 893 776 430 808 639 146 119 843 860 244 941 316 450 140 77 17 382 97 564 164 921 51 53 841 666 201 312 308 800 590 655 615 770 527 775 942 549 938 219 227 384 887 631 92 617 625 920 542 213 161 582 147 469 287 770 553 79 206 962 900 820 235 154 448 357 838 34 696 452 734 472 115 935 78 7 664 818 787 435 842 915 668 356 30 212 361 840 219 267 419 304 83 89 144 920 837 447 683 62 803 838 6 120 475 845 106 476 640 976 466
197 195 699 553 355 473 673 996 996 240 274 52 449 241 82 881 896 307 686 633 886 22 186 201 57 848 841 943 590 774 797 277 689 394 180 55 610 825 483 690 768 427 37 923 87 899 312 233 876 406 915 87 445 213 912 441 698 597 415 706 275 661 433 222 381 147 856 765 786 110 954 816 882 681 224 168 223 522 862 857 509 422 936 450 694 820 162 322 57 176 667 193 912 642 429 967 296 685 576 467 52 945 706 110 700 692 581 498 325 678 765 480 795 925 244 984 488 302 251 59 956 173 553 898 536 150 36 468 745 30 431 758 886 196 106 609 846 193 354 939 810 728 298 136 542 698 343 667 871 674 424 810 935 136 190 11 244 875 811 982 75 725 558 487 696 547 859 126 744 446 205 365 394 863 635 156 657 994 584 557 20 554 387 197 803 522 780 483 444 832 484 346 890 403 376 453 473 116 475 545 932 338 108 550 133 121 441 940 167 113 564 70 367 554 810 174 470 83 889 471 621 531 483 247 509 438 889 868 946 492 373 270 730 656 732 356 951 684 140 328 736 292 634 599 803 357 696 759 689 958 494 347 744 514 158 273 492 466 382 658 120 358 458 16 816 920 329 66 204 942 607 408 221 232 454 271 841 77 411 819 238 959 575 862 13 637 843 938 3 36 799 704 941 48 985 167 220 554 593 144 134 261 221 115 731 822 261 6 661 545 555 277 501 4 582 604 706 65 17 131 556 484 913 612 673 9 744 170 507 787 520 264 569 198 443 375 938 360 945 280 987 327 560 2 454 110 350 444 374 409 329 550 856 971 1 611 772 243 6 498 490 875 137 469 38 789 206 569 417 770 904 895 698 317 677 190 602 783 705 94 420 553 740 282 172 953 734 207 456 463 784 475 104 216 11 348 174 43 625 756 653 441 870 900 127 326 697 292 118 848 331 493 785 933 52 561 936 883 79 663 231 58 564 931 978 416 448 584 911 748 846 516 158 661 108 822 516 860 838 377 401 21 762 768 325 697 102 994 22 707 128 940 633 499 332 393 805 660 595 5 230 585 108 651 130 970 88 178 752 701 675 510 952 11 396 95 420 686 756 299 332 176 255 141 961 770 601 53 6 307 660 200 944 6 221 420 478 323 382 471
783 842 184 249 738 60 694 272 379 144 620 900 899 979 71 334 933 353 88 418 934 728 21 274 843 783 234 349 935 181 329 37 184 925 961 716 399 219 92 516 927 63 408 479 27 548 558 508 336 233 636 276 579 477 61 550 932 520 138 973 745 686 984 606 940 719 123 198 606 307 901 803 603 583 883 994 778 58 23 917 276 316 198 821 397 264 557 214 768 234 888 263 496 777 608 912 831 61 670 828 745 333 424 460 412 108 200 121 994 303 243 480 778 551 56 929 256 321 655 550 199 161 893 429 806 320 170 46 65 549 937 769 93 450 552 627 915 279 358 414 102 967 860 960 404 249 217 37 72 242 802 338 885 477 104 408 35 993 653 132 174 138 390 783 150 250 718 376 96 285 516 476 447 70 289 976 891 290 540 889 391 542 764 739 260 681 621 939 807 604 508 4 540 798 741 247 231 235 990 355 73 536 897 739 703 436 264 26 652 824 961 741 919 517 510 12 942 63 489 492 396 353 597 956 204 777 176 631 742 713 694 863 383 33 902 656 632 297 989 701 184 309 361 542 746 873 978 533 194 218 989 396 288 652 269 481 200 407 274 976 980 316 845 171 437 913 405 465 809 702 941 834 433 306 67 736 535 941 606 935 451 539 140 235 887 460 14 874 325 48 34 223 635 975 745 35 928 106 681 154 33 678 261 280 894 254 331 197 596 883 323 734 77 220 960 842 339 734 658 674 914 134 265 846 363 250 444 968 691 155 812 416 823 950 138 348 644 830 707 429 546 915 379 276 537 679 208 659 134 430 155 392 447 943 139 513 208 620 150 92 653 730 443 109 198 526 223 269 1000 920 768 477 712 420 619 392 671 294 227 90 887 502 960 26 518 767 734 935 494 877 686 272 813 545 82 183 570 303 418 246 68 200 427 995 732 330 877 212 874 632 118 718 553 239 485 186 444 283 989 391 579 400 204 687 311 692 599 161 445 141 334 726 182 106 943 625 824 313 812 161 294 317 224 78 905 26 402 61 756 401 139 70 223 499 891 670 168 578 216 134 842 342 103 307 512 466 558 409 622 75 113 109 823 988 125 909 365 681 843 826 369 173 315 368 115 36 696 877 299 938 193 921 383 216 528 253 241 314 296 851
688 478 496 255 215 105 300 571 563 964 489 359 945 520 305 295 842 296 643 947 475 225 816 881 928 211 619 927 861 183 665 32 693 461 984 825 385 278 304 485 947 326 301 61 424 618 184 422 491 55 921 642 605 952 706 423 332 966 401 317 515 212 289 922 62 749 484 39 410 51 759 705 22 101 756 677 644 107 410 913 970 948 147 983 879 618 934 484 449 621 984 307 554 494 575 643 823 472 43 470 658 454 775 112 643 817 761 499 975 541 108 161 927 795 330 692 257 816 559 739 425 672 849 94 474 618 776 984 279 694 286 741 441 234 720 361 544 999 614 404 211 356 820 63 210 173 28 730 728 64 476 319 80 493 332 770 322 652 735 572 397 220 726 462 471 929 641 842 565 500 6 690 657 922 48 132 797 913 567 394 507 505 315 162 990 455 522 976 339 176 269 415 859 531 417 629 129 622 425 899 596 873 419 523 983 351 119 178 918 529 160 609 595 794 320 667 193 431 422 832 563 660 124 275 574 685 229 777 899 930 941 907 671 431 40 952 332 16 196 978 12 694 106 935 774 750 719 165 550 784 635 674 251 383 620 139 836 418 485 767 527 30 372 346 721 958 428 666 183 332 381 961 710 919 659 37 200 215 202 544 279 547 884 50 850 645 665 703 585 350 29 807 286 29 199 811 319 221 304 126 451 896 962 341 243 146 235 793 679 948 9 283 864 254 13 443 523 410 610 314 118 73 883 602 809 744 84 71 272 820 951 224 417 960 39 659 261 9 112 705 334 234 672 300 667 527 61 789 361 78 657 329 665 301 521 48 357 610 545 93 236 925 728 991 360 974 743 737 119 474 955 519 159 184 572 404 221 694 911 879 384 933 293 614 626 422 634 96 832 764 331 437 142 757 297 612 452 230 922 685 326 846 131 529 968 302 95 671 473 75 876 602 544 715 319 105 537 705 627 132 565 358 112 171 812 396 201 223 33 841 424 700 208 290 190 244 5 305 991 421 721 879 820 220 683 604 853 413 868 294 542 683 875 240 387 311 559 759 898 960 727 308 92 877 193 867 513 811 823 289 951 443 640 856 392 749 798 95 935 126 708 331 250 373 178 949 829 82 708 558 921 282 542 861 41 601 417 332 640 211
838 769 984 989 623 289 894 518 642 676 189 880 442 502 330 735 191 102 332 982 116 438 54 151 174 818 987 397 153 953 716 390 664 571 259 229 432 385 155 525 452 450 962 527 70 120 29 941 689 537 467 369 954 598 999 825 663 473 709 196 258 918 519 834 367 882 147 921 568 632 964 201 699 575 693 534 7 277 598 703 947 980 905 621 876 176 270 716 509 491 968 436 566 339 904 33 660 37 769 356 196 461 521 933 52 535 537 29 119 987 319 470 145 692 391 708 146 98 687 628 260 463 697 204 232 691 47 146 209 980 689 952 779 204 295 809 787 870 762 749 353 581 143 879 147 288 115 295 792 364 824 850 353 933 229 844 871 7 337 481 61 400 686 815 913 137 447 331 71 329 418 437 1 616 863 607 621 198 193 487 961 301 691 487 914 307 692 461 322 499 224 618 280 451 258 840 820 391 127 207 686 238 56 212 568 677 36 144 492 207 948 802 74 278 467 664 145 779 379 796 498 44 943 199 911 402 14 807 244 44 849 467 471 860 390 486 957 701 19 142 222 592 31 34 595 576 967 346 88 415 637 627 751 832 328 961 994 72 230 639 357 134 515 208 428 872 459 575 312 270 196 680 327 212 179 700 220 21 705 106 102 604 791 58 568 450 254 788 943 332 992 639 929 795 113 988 848 786 150 895 872 861 679 655 840 427 422 577 779 388 959 469 643 705 904 387 144 754 593 171 471 530 627 383 374 964 803 604 637 978 205 514 93 815 680 543 281 804 468 698 127 677 913 950 723 181 721 898 689 477 464 596 435 424 916 948 232 869 580 382 18 396 175 704 361 999 759 617 265 55 595 70 520 180 804 103 807 676 177 122 471 743 721 726 446 726 204 797 618 29 329 17 127 929 171 307 852 317 918 388 649 517 497 766 579 925 984 459 506 901 928 40 17 190 767 234 393 482 229 905 434 65 343 86 608 150 620 161 879 873 348 440 529 148 29 948 470 129 167 425 818 344 36 71 300 537 886 66 241 371 111 188 889 816 444 100 682 901 365 673 100 848 936 151 731 311 859 657 236 249 661 712 146 848 509 378 962 356 156 290 195 888 687 476 623 720 388 616 675 906 154 964 272 353 132 787 818 334 293 809
255 389 667 689 867 927 794 790 743 529 819 970 880 117 284 485 177 194 131 451 37 463 279 568 165 839 704 734 533 183 174 803 860 444 654 758 298 760 802 424 47 293 751 839 872 594 645 360 215 563 397 987 965 295 63 276 33 766 443 791 358 580 915 522 199 116 444 486 981 107 829 444 182 379 945 439 279 591 441 582 43 466 167 825 495 668 57 738 880 137 709 244 916 963 814 694 777 599 661 368 928 590 195 834 604 24 740 980 817 193 657 310 939 224 968 639 883 718 356 386 982 893 6 908 261 130 620 795 879 263 499 231 758 347 373 549 750 706 452 769 382 980 806 944 593 972 239 785 827 423 98 809 269 684 489 366 123 824 762 306 570 113 42 437 105 623 1000 51 4 821 686 669 244 310 394 520 373 455 937 714 559 553 547 645 481 804 471 531 36 758 661 460 697 956 267 145 289 638 323 589 472 300 947 664 685 131 621 728 389 368 267 432 322 508 106 100 879 638 202 738 537 694 290 521 262 597 684 33 512 383 477 43 480 206 708 998 851 516 268 565 674 904 899 268 345 849 325 145 66 586 977 483 430 763 288 703 316 232 119 87 324 111 948 747 96 612 869 223 586 133 365 503 808 805 497 255 653 511 154 843 854 708 135 866 803 719 595 700 202 872 385 707 723 987 540 651 116 711 552 665 300 27 978 720 898 99 818 762 96 85 493 47 694 340 366 227 514 804 589 219 19 341 960 744 575 919 474 530 373 219 60 666 85 275 469 278 228 197 505 370 6 367 986 777 5 163 2 222 563 624 935 598 463 635 575 528 360 174 285 854 626 203 765 577 286 156 174 594 762 763 842 971 243 185 971 350 796 783 739 100 376 310 227 637 234 36 849 644 360 793 689 141 632 399 266 930 525 109 915 335 94 229 562 848 266 946 123 252 243 808 195 970 85 548 771 208 365 961 771 457 91 357 944 580 343 538 390 507 934 891 982 902 377 163 463 55 921 100 515 239 115 275 139 519 437 824 570 199 204 192 633 933 59 410 54 680 370 571 13 400 87 64 887 320 217 641 990 180 828 640 793 517 758 770 564 138 833 636 378 643 345 88 720 422 332 68 548 695 103 421 443 906 792 63 53 34 813 883 935 899
65 186 650 430 369 228 658 398 157 878 194 413 650 274 604 915 36 558 650 819 45 475 916 750 284 826 6 925 428 901 58 696 800 934 968 345 940 733 549 783 549 765 905 458 999 903 468 922 176 355 662 819 814 223 443 958 895 527 859 839 840 524 977 951 418 653 646 335 173 44 277 333 90 597 304 989 293 930 14 768 188 224 58 362 348 994 214 970 297 605 297 425 580 474 615 238 622 254 411 433 374 878 753 916 357 854 457 585 70 731 68 759 508 207 540 300 631 196 898 61 173 528 893 625 133 882 735 2 588 905 876 653 797 49 463 306 251 181 487 83 210 791 310 587 739 134 22 985 776 219 29 99 835 303 509 665 365 73 771 785 217 704 880 359 739 650 29 655 653 861 76 616 474 724 68 717 949 387 736 606 494 864 344 592 982 84 938 742 732 155 329 989 556 814 128 19 508 327 571 795 607 981 378 656 389 936 174 176 264 67 129 818 510 307 251 26 995 840 443 521 222 890 67 13 463 104 460 115 891 21 935 4 374 116 283 114 633 712 169 896 474 70 489 449 972 330 57 334 434 155 976 975 467 740 478 920 457 18 928 864 16 475 568 181 287 925 8 455 22 564 536 200 6 659 925 17 722 851 820 89 498 123 417 308 233 545 408 420 387 668 526 598 298 351 754 338 853 264 865 822 693 684 779 409 396 719 912 930 332 561 769 974 418 490 365 602 38 466 611 946 940 525 888 540 88 987 483 424 784 867 828 736 1000 933 765 108 127 746 947 212 666 114 294 599 337 531 590 50 505 176 331 26 658 884 730 270 573 643 234 995 934 861 933 182 805 757 465 983 581 60 31 76 830 362 777 850 984 910 988 296 683 565 869 900 335 726 807 475 479 675 352 306 970 437 392 306 133 39 796 620 499 266 817 874 373 982 795 778 456 879 239 149 947 793 168 62 534 743 949 183 608 37 538 624 647 8 292 361 777 811 384 709 73 788 413 348 869 175 140 628 635 596 687 357 252 979 182 569 251 804 530 320 4 151 752 885 926 588 539 880 840 995 113 170 950 177 652 245 642 245 695 902 345 139 344 6 611 32 986 743 621 332 190 111 839 808 863 818 782 714 571 506 995 41 521 214 363 119 558 282
852 280 49 783 989 722 170 805 740 826 765 838 282 384 1000 80 939 367 392 750 280 71 677 601 711 298 518 115 208 360 924 979 486 111 716 555 283 584 692 520 946 503 519 305 539 793 407 742 718 165 85 720 331 816 531 58 823 931 103 128 256 809 561 253 977 991 333 749 97 545 225 256 265 324 816 87 979 825 674 969 435 199 361 218 278 623 67 805 145 187 59 989 633 809 323 720 831 911 4 254 652 52 216 256 650 28 350 54 401 263 8 775 747 902 753 302 873 405 719 235 842 841 480 667 268 742 581 647 139 209 442 906 849 49 695 878 200 786 708 137 703 565 318 530 597 697 652 651 699 321 339 9 689 781 423 568 130 53 195 865 109 897 642 25 265 300 321 90 716 88 160 385 754 220 497 962 911 423 37 93 559 731 105 17 733 218 146 467 619 91 21 937 338 142 833 899 651 458 505 533 852 978 164 897 305 762 399 635 14 147 434 164 470 971 598 964 659 753 118 584 137 378 97 91 104 307 963 16 971 282 646 929 667 96 488 409 436 505 374 5 845 870 478 501 349 427 633 797 982 824 104 235 672 61 641 221 526 602 804 386 980 132 964 191 303 476 795 588 805 320 334 874 178 209 76 459 298 44 778 280 563 33 375 344 404 877 729 687 408 292 295 612 297 98 74 686 432 667 189 411 830 554 203 764 459 817 617 186 446 608 137 692 592 884 155 942 612 820 829 513 798 683 119 583 952 701 908 702 37 143 988 362 552 693 484 525 606 930 968 804 848 60 119 132 680 111 323 239 663 858 111 464 488 70 648 278 776 704 555 117 624 658 668 222 26 191 12 575 626 428 615 968 891 321 822 689 82 959 706 710 362 868 64 631 135 550 962 321 392 67 549 830 668 967 22 312 64 719 94 986 35 578 46 200 104 105 66 504 514 102 583 962 417 543 470 569 133 151 592 100 787 14 777 340 282 365 476 58 604 690 700 1000 161 68 825 219 423 562 686 142 829 511 266 123 548 281 566 354 957 871 838 905 726 211 700 383 895 97 455 767 202 781 425 971 736 744 433 67 81 162 695 782 704 959 679 712 100 63 421 965 829 959 225 482 787 964 954 525 414 765 8 398 45 253 259 448 871 162 738 819
849 828 586 674 759 952 658 245 123 378 20 351 872 798 543 288 7 212 666 21 889 928 513 759 348 922 781 756 699 270 130 554 445 933 895 4 222 698 281 721 730 765 810 823 45 125 578 142 990 931 232 310 509 382 963 607 9 527 795 168 526 393 790 652 87 992 934 203 460 24 506 435 298 52 996 452 846 736 437 681 150 348 835 100 863 264 506 989 577 630 116 593 988 886 158 520 348 182 317 844 569 358 915 683 582 327 343 373 599 985 106 393 19 611 655 64 533 979 43 53 994 528 250 886 462 514 108 20 414 886 434 618 320 729 766 156 511 914 475 254 965 625 477 833 877 966 538 887 824 112 900 717 107 708 37 592 785 193 737 839 6 37 639 540 331 575 407 392 955 478 908 403 363 73 127 526 747 723 551 931 778 441 382 919 471 806 166 383 813 464 234 951 275 55 885 944 432 821 947 821 568 856 290 655 960 486 41 401 494 547 938 687 944 653 855 941 609 459 679 173 453 617 944 105 707 532 72 74 726 186 845 940 657 396 2 645 174 608 301 52 227 183 827 415 905 349 588 275 172 699 202 473 90 962 916 759 631 918 290 158 231 540 821 427 336 327 641 380 827 364 884 196 559 577 142 390 236 566 737 532 193 251 860 782 554 434 776 767 820 176 148 623 755 51 388 637 619 359 443 656 140 912 253 176 699 747 515 108 238 874 575 301 705 347 828 503 184 55 999 404 953 838 627 320 27 866 474 842 720 329 196 904 167 841 347 95 863 167 753 782 201 829 190 692 832 836 22 143 117 177 655 885 889 54 223 24 657 607 41 208 43 804 832 183 672 511 61 777 594 858 647 219 254 206 168 33 645 732 631 131 924 948 140 233 449 335 177 584 408 497 999 979 646 95 105 632 656 120 675 794 606 851 737 246 16 428 289 485 880 35 190 644 700 291 368 99 850 215 521 233 793 678 900 855 859 217 194 586 962 175 125 478 294 395 480 10 480 743 908 461 774 719 573 640 104 484 574 707 340 890 547 276 712 946 331 141 643 728 973 678 624 752 672 361 893 615 628 15 208 306 10 707 106 239 631 106 73 350 710 934 966 474 192 494 64 724 115 478 838 85 678 573 929 578 434 963 265 464 468 373
984 360 582 804 510 753 471 987 385 140 636 28 188 622 114 592 296 565 17 714 450 203 486 257 91 551 177 270 16 607 395 410 752 571 775 537 172 191 950 85 604 507 40 658 952 383 856 56 338 99 594 842 457 333 858 436 8 848 252 328 745 82 96 976 189 962 713 204 166 278 311 97 838 971 193 351 406 294 388 506 197 327 933 611 896 934 382 495 804 441 678 751 804 804 501 713 931 893 647 498 397 631 638 549 430 932 622 319 708 135 630 384 596 540 622 957 864 598 294 367 911 594 983 168 209 596 246 410 111 693 23 206 37 166 817 223 629 870 870 308 690 364 609 108 809 420 549 523 175 316 168 723 421 338 71 938 222 732 740 747 183 844 639 870 9 296 205 934 888 197 440 983 166 866 573 781 495 457 394 910 635 917 122 985 436 800 911 88 784 284 508 25 871 452 152 363 578 809 972 893 785 586 604 411 819 102 32 481 340 899 30 781 18 230 700 264 870 206 210 269 492 896 877 281 321 267 958 585 513 143 767 935 456 444 839 229 95 924 944 610 928 464 411 129 504 584 355 627 774 882 989 910 521 641 826 721 849 520 175 580 701 197 972 742 302 228 597 588 420 688 306 238 758 257 644 487 352 696 38 229 227 785 906 445 68 160 699 748 43 67 536 432 131 706 262 851 84 886 821 123 176 172 15 907 682 688 763 749 483 344 287 270 206 758 753 692 711 239 130 226 505 378 319 429 240 928 492 526 27 810 752 88 951 995 793 762 719 820 157 617 650 159 431 496 858 683 421 739 506 36 465 373 650 567 333 732 270 337 710 111 706 568 672 322 708 836 505 808 874 231 918 612 466 71 779 26 529 847 817 681 154 204 874 980 742 126 333 720 986 631 906 745 929 275 940 540 928 727 831 129 859 618 639 96 878 606 623 24 89 963 236 540 851 957 184 793 991 826 100 900 321 425 420 825 781 782 443 98 793 882 923 352 178 24 369 741 366 832 738 719 887 615 790 576 993 325 859 58 107 655 151 192 691 763 672 595 529 399 750 852 652 27 910 932 960 613 625 784 643 791 601 419 226 205 192 455 964 286 483 917 112 760 512 216 104 653 108 963 232 895 544 475 564 16 486 645 103 999 496 271
621 597 589 786 53 608 629 870 16 377 434 714 101 395 14 363 123 987 212 168 496 457 380 431 560 22 524 194 471 532 107 816 491 852 508 571 791 974 723 121 741 406 986 293 358 495 478 127 870 343 788 937 7 979 367 856 646 675 75 733 178 572 139 771 620 770 440 834 955 49 953 610 892 621 516 419 61 101 545 802 659 912 482 555 480 763 232 64 538 152 237 568 226 661 435 598 74 197 855 875 787 387 763 255 408 325 466 347 519 756 940 73 164 662 395 437 969 839 297 780 299 455 249 7 401 548 895 243 842 942 266 90 665 468 222 265 277 435 162 226 940 290 878 394 257 3 124 85 17 838 258 895 484 977 655 564 790 209 928 653 321 612 954 844 926 668 725 685 480 321 887 287 123 434 868 943 350 142 505 200 237 844 592 747 485 281 736 947 623 440 660 841 778 475 965 791 406 423 702 774 759 609 988 838 692 207 529 791 600 124 282 884 872 988 720 274 299 968 881 328 156 494 370 987 180 862 119 72 968 925 486 730 689 843 862 526 383 392 449 976 832 909 280 716 284 712 867 309 51 97 333 725 714 224 310 830 930 573 110 923 435 42 87 484 93 865 385 261 677 447 924 371 482 560 261 224 526 751 477 914 237 784 462 3 72 163 490 802 705 608 165 191 386 472 499 562 921 145 992 419 662 606 657 373 129 840 703 237 789 762 444 537 875 874 995 208 718 231 762 243 850 928 347 753 486 237 541 910 120 997 669 615 104 27 965 443 693 466 307 110 237 234 608 22 351 407 449 389 975 399 420 788 669 705 593 65 912 300 992 916 256 403 521 642 747 450 417 749 624 107 694 298 908 13 801 617 536 862 921 116 346 582 890 261 120 360 894 367 876 745 523 518 610 92 594 454 402 940 845 401 790 610 772 812 321 164 413 692 392 543 534 328 920 953 455 145 783 828 403 54 882 450 267 618 235 875 586 522 889 770 134 478 50 125 143 321 59 806 285 968 317 91 903 746 728 573 972 290 900 26 455 334 375 287 282 482 747 61 71 217 990 257 897 4 116 68 560 960 267 52 136 796 990 90 342 711 657 777 828 64 625 270 328 850 165 704 196 691 714 117 295 92 768 920 291 471 484 398 290 504
897 47 850 430 362 671 454 53 130 777 249 364 932 14 139 103 116 699 986 391 199 667 366 939 943 410 996 525 281 898 615 637 690 789 578 222 273 617 14 26 301 135 48 494 940 821 881 863 562 219 408 741 880 586 535 935 55 249 385 310 182 681 648 73 129 238 441 444 533 621 187 529 764 158 744 28 84 306 787 786 517 689 682 933 459 991 779 549 10 152 494 507 909 63 278 643 822 50 262 30 433 271 37 638 897 742 166 157 973 757 895 676 457 233 431 526 871 124 176 265 94 964 473 781 534 328 624 310 660 783 438 207 86 605 479 720 465 22 46 896 191 955 999 489 341 178 94 493 983 78 552 431 791 805 730 208 606 572 145 73 653 673 805 918 924 325 156 42 805 857 82 160 417 259 425 410 421 955 967 455 184 961 176 125 669 112 575 30 210 685 870 356 17 829 761 539 816 401 482 274 753 875 254 642 212 896 397 282 64 242 604 835 160 4 709 153 543 746 704 289 502 637 598 774 655 481 377 204 33 69 755 483 887 545 304 701 363 599 155 155 536 7 23 924 484 133 609 119 288 176 126 139 215 680 313 344 82 135 138 98 284 144 201 128 377 802 540 852 223 293 208 370 371 177 305 36 570 202 440 649 243 467 259 91 979 18 809 514 283 360 3 510 815 912 166 309 124 613 408 367 541 345 326 65 39 981 776 195 684 42 719 985 624 150 56 361 997 873 611 902 502 52 114 897 565 727 692 64 194 384 503 634 50 843 264 868 354 376 2 706 128 750 448 866 409 623 792 656 71 27 357 365 987 331 623 115 875 318 8 468 197 261 438 389 530 11 803 501 752 393 320 398 1000 494 240 285 610 4 807 902 496 367 283 348 597 729 694 967 91 644 763 597 566 159 939 482 397 226 206 976 303 46 478 707 321 654 271 422 184 869 160 524 147 666 323 478 693 576 493 80 557 811 296 46 509 561 194 199 539 81 544 78 302 679 884 881 864 35 976 750 452 952 747 764 976 395 490 563 247 9 443 501 343 34 29 894 364 551 97 621 477 851 685 241 261 427 461 515 269 695 188 730 512 652 995 627 269 736 240 33 681 617 656 560 749 230 431 399 604 546 668 981 445 847 358 846 111 100 473 67
184 58 899 641 389 392 784 157 397 69 762 441 272 492 959 439 144 639 650 604 640 973 897 479 617 207 987 652 818 119 841 942 960 851 285 554 530 330 224 476 36 919 975 666 55 123 367 103 326 188 733 62 287 739 545 201 33 886 68 863 188 762 509 927 700 227 62 948 513 392 366 425 66 148 218 118 342 453 862 351 53 466 884 524 422 661 497 68 996 221 515 260 77 478 888 265 722 637 567 459 752 35 107 429 614 177 68 465 730 605 688 383 847 912 851 895 992 633 140 440 989 189 213 515 691 707 894 913 153 728 227 843 509 241 494 629 881 403 766 627 143 129 49 395 298 734 321 460 776 189 343 981 953 436 143 530 713 808 454 617 519 519 714 26 18 767 199 704 857 69 254 120 451 464 398 142 869 897 235 688 431 314 84 43 617 213 931 936 99 725 602 896 298 259 425 432 564 529 140 768 420 105 570 859 67 926 211 292 218 409 424 548 311 992 622 847 836 317 790 208 432 4 628 837 725 581 595 363 578 301 160 526 271 416 936 866 68 884 123 882 124 664 598 709 397 399 179 589 772 106 735 530 388 74 781 387 932 134 439 774 830 368 412 486 563 86 984 46 483 141 56 228 426 287 449 264 619 766 793 662 691 471 87 944 448 520 309 794 802 1000 78 744 745 797 104 374 503 414 789 416 828 343 259 970 669 463 220 13 556 977 838 961 453 772 668 688 942 240 429 576 196 564 498 586 63 416 333 405 206 506 255 83 248 869 687 637 829 76 855 357 571 776 254 948 228 12 905 57 105 257 169 736 882 919 518 80 296 225 966 197 923 266 651 840 234 810 245 386 244 232 597 150 950 286 898 540 844 643 778 690 8 211 641 199 605 57 543 844 357 590 949 180 655 770 242 678 526 991 784 226 306 284 3 791 92 121 577 315 995 907 12 150 124 203 417 49 675 203 551 498 455 764 689 716 471 603 344 636 13 200 847 426 635 631 744 420 659 45 902 159 814 152 661 987 560 407 776 679 100 918 281 7 917 160 533 414 819 707 846 403 998 821 327 807 449 87 199 326 349 355 455 627 372 941 750 843 455 882 808 990 881 819 315 241 177 195 847 831 675 576 360 153 291 58 51 144 717 392 158 311
947 906 318 425 721 558 219 796 976 949 120 8 333 801 513 356 316 912 550 514 781 51 913 121 151 867 918 193 293 367 645 418 896 44 308 425 1000 329 243 571 885 610 156 753 715 382 591 837 671 105 238 203 833 608 563 570 526 310 612 289 413 613 551 184 423 765 758 995 47 636 615 711 853 750 826 717 162 752 522 883 625 409 900 978 639 11 130 351 674 47 350 129 623 561 610 365 733 111 984 400 216 719 371 155 995 495 326 467 754 712 441 631 416 263 752 839 138 850 410 593 975 265 724 645 21 362 359 259 808 842 282 902 633 513 402 278 11 419 90 958 430 759 362 306 833 756 658 681 353 722 805 756 817 669 524 196 125 791 225 929 629 917 857 198 871 741 854 100 898 75 310 658 507 111 759 268 684 169 269 573 289 983 995 842 452 57 236 378 120 499 336 183 298 576 532 24 107 128 654 62 412 790 302 563 747 819 153 519 587 767 60 307 512 581 782 256 573 388 623 732 199 129 301 37 42 288 814 223 542 145 243 288 951 829 888 505 385 342 257 931 389 525 56 520 121 884 855 442 560 239 153 416 495 864 114 448 83 746 161 215 169 512 151 949 370 763 741 445 931 327 398 392 292 84 193 357 345 608 830 655 479 533 828 34 861 749 96 575 454 426 966 156 483 280 144 610 1000 600 494 274 333 831 791 205 247 119 123 800 168 927 193 889 99 230 451 366 12 329 456 828 739 591 614 86 977 595 745 54 725 305 172 888 271 862 749 37 663 88 721 406 124 831 521 461 275 428 839 958 381 166 219 793 567 618 193 126 66 515 456 588 866 736 574 915 604 100 322 189 940 836 726 159 157 492 804 497 64 469 4 72 992 803 403 449 540 864 868 674 734 477 281 300 681 566 153 34 868 291 227 79 649 232 913 503 128 445 393 550 77 682 601 383 769 861 589 736 14 246 734 450 774 96 267 366 179 646 123 628 613 925 303 922 409 260 670 739 174 143 528 213 325 373 493 651 656 371 727 148 741 811 438 24 20 889 398 455 172 753 388 468 990 467 173 54 153 993 749 95 267 658 62 612 509 319 584 934 506 811 841 689 370 75 658 803 887 598 125 820 333 51 473 282 626 538 481 420 373 823 261 703
753 196 389 302 262 930 302 668 685 33 796 407 883 216 91 714 431 916 734 805 703 131 487 681 706 434 208 612 598 892 613 300 521 272 895 524 768 178 26 881 20 142 607 313 984 626 30 906 999 429 252 488 910 722 43 192 635 645 881 566 743 507 81 491 821 202 443 533 100 749 386 948 740 255 936 69 333 39 315 683 69 576 228 750 905 90 388 236 45 649 360 161 403 940 321 582 94 407 643 226 378 746 56 357 783 857 534 500 132 891 20 809 703 286 128 7 796 550 752 719 899 537 740 15 353 445 943 121 229 733 379 542 140 102 503 979 381 327 470 116 637 414 249 196 540 444 587 896 76 402 139 215 358 917 627 464 749 561 427 147 940 950 359 219 73 905 717 788 868 55 944 350 641 669 147 697 143 129 327 227 688 15 482 360 730 931 186 503 406 114 252 764 778 951 69 884 163 553 748 894 172 872 93 62 507 252 804 154 113 16 848 560 468 524 991 92 829 959 156 384 965 440 394 445 947 42 299 348 312 807 105 801 924 198 273 653 199 413 844 224 786 993 977 223 925 411 254 245 739 737 360 504 265 883 428 925 567 479 208 980 579 664 873 446 338 688 382 547 432 96 614 353 138 496 169 456 24 543 645 399 772 624 432 354 195 493 549 341 287 332 488 824 816 457 611 101 334 103 940 794 304 286 320 257 185 948 423 314 275 786 929 228 640 195 552 172 70 734 659 366 413 692 316 426 205 635 958 213 413 420 171 208 402 411 163 579 522 223 334 411 687 488 98 374 105 455 917 813 504 803 198 392 643 41 497 76 463 268 751 51 778 591 581 564 283 878 426 111 204 770 38 425 840 939 353 188 683 922 613 66 622 486 195 583 150 191 230 980 701 806 592 596 275 674 899 809 475 420 993 114 1 322 430 14 274 501 341 625 873 76 407 844 359 473 93 702 144 511 101 261 617 446 561 834 840 778 471 24 819 483 971 366 298 893 883 890 815 838 183 7 722 844 906 116 559 815 997 21 249 182 145 590 855 885 356 394 330 472 140 982 345 698 991 100 10 535 898 487 576 701 704 943 933 235 621 244 740 856 148 35 395 133 750 863 485 723 648 999 191 477 236 625 980 261 806 380 864 757 439 528
782 467 491 893 193 464 393 10 371 746 602 980 708 456 608 35 804 138 872 443 488 633 430 301 150 159 427 966 413 381 632 287 626 729 986 979 406 150 232 786 575 343 335 685 427 522 885 890 434 786 264 313 481 670 682 670 830 717 171 178 830 772 652 697 486 579 932 856 71 722 599 976 839 892 386 554 402 349 829 339 655 291 69 251 775 81 856 421 736 306 958 895 587 695 828 299 584 991 216 642 668 851 194 796 927 227 256 11 812 193 735 857 906 249 287 681 367 4 755 682 245 196 897 636 363 592 175 538 854 311 819 80 663 77 541 990 894 191 657 364 575 291 619 980 769 439 828 877 802 226 219 533 833 337 697 269 934 940 58 982 893 325 107 556 201 995 635 352 844 805 143 145 4 523 97 327 863 549 124 792 925 350 787 618 840 792 440 824 841 326 86 685 842 664 876 191 985 675 985 196 563 551 913 342 395 686 374 239 220 99 76 503 986 731 241 408 298 199 255 401 252 883 599 916 465 169 618 441 851 540 640 31 407 639 926 78 866 474 492 687 284 360 796 727 104 945 341 827 78 286 845 129 542 948 875 29 950 852 326 544 721 835 777 221 143 202 460 881 657 725 784 973 576 901 813 769 48 591 566 329 949 258 842 58 660 197 21 768 666 670 174 890 572 255 807 339 508 516 130 834 334 645 543 554 926 747 96 776 274 284 394 198 275 149 616 687 802 974 273 132 563 739 481 686 178 823 263 384 202 417 605 762 49 794 264 861 25 602 289 914 459 456 544 832 33 545 537 430 709 183 627 341 395 263 648 501 95 134 994 336 956 314 541 567 393 710 703 771 654 720 934 562 659 609 354 945 432 982 827 463 120 936 963 77 73 930 947 44 380 141 266 823 75 88 62 969 641 624 95 509 315 246 159 473 480 908 730 362 934 779 651 712 129 213 209 738 772 648 396 345 383 645 356 405 590 808 395 778 851 368 228 221 589 426 495 254 739 362 187 648 424 259 202 409 756 680 830 265 913 713 738 832 656 331 274 711 910 309 832 50 915 192 75 753 625 426 184 65 256 732 817 67 391 358 714 237 752 515 538 301 773 436 114 134 532 93 577 620 657 916 412 271 105 654 829 736 793 10 773 907
236 337 577 857 15 300 176 822 598 280 384 654 666 250 222 249 150 324 558 686 400 662 857 998 380 15 842 585 744 709 431 850 117 855 597 541 303 767 626 752 901 898 545 955 945 822 519 1000 945 668 362 492 314 732 717 569 690 204 557 113 119 157 959 754 506 377 557 726 185 709 159 706 519 642 261 79 327 946 717 284 912 182 239 902 744 414 149 520 51 811 202 847 746 174 479 673 709 979 360 279 893 32 596 390 287 895 201 704 607 642 454 85 360 340 258 253 325 319 950 352 828 976 164 732 273 176 824 929 275 303 231 387 917 926 948 510 417 601 442 895 467 437 403 655 308 550 977 341 34 598 19 854 277 640 430 580 291 710 676 106 761 11 805 309 940 10 700 812 715 667 576 495 60 414 217 120 233 888 563 129 801 786 887 734 891 427 453 659 360 362 155 83 756 456 776 645 739 264 550 946 597 864 641 941 849 985 864 895 339 225 519 726 735 710 820 657 52 450 908 291 414 106 725 788 823 640 71 402 628 970 577 30 772 29 384 428 454 549 448 801 946 453 999 332 616 513 699 303 121 404 860 716 692 478 87 769 213 712 96 335 501 302 860 528 812 617 262 271 251 974 594 492 459 902 538 682 839 76 24 540 82 409 786 284 1 383 980 994 649 404 652 248 832 444 609 553 641 400 607 391 793 765 858 425 25 453 572 800 291 35 595 505 281 571 544 540 238 658 262 3 274 827 722 605 467 396 381 360 885 614 627 106 289 623 751 706 400 32 83 715 667 964 950 284 881 718 802 77 568 793 160 782 889 966 309 608 531 857 680 522 113 268 684 886 31 861 679 87 54 243 300 492 504 806 518 254 328 949 196 389 510 158 206 793 94 808 450 990 463 651 455 592 316 595 147 888 95 983 605 715 353 256 963 787 722 50 963 863 438 497 925 112 209 1000 767 710 383 271 501 477 264 792 655 251 5 242 385 531 364 137 883 868 722 124 930 151 245 551 1 539 186 594 900 676 506 587 74 973 146 583 383 821 50 320 329 539 167 319 46 394 488 658 268 962 393 158 540 992 856 46 178 697 240 348 164 548 134 347 834 980 44 896 883 467 629 602 269 641 894 292 140 947 440 90 465 510 20 48 788 613
873 303 190 248 435 197 104 543 429 986 152 808 914 406 568 983 385 346 376 755 548 951 598 360 501 373 152 850 343 242 467 636 432 85 263 218 828 364 1 908 423 874 144 85 626 540 285 588 142 519 611 948 115 872 113 153 643 988 851 885 259 5 944 637 843 131 382 541 555 524 935 135 883 419 715 377 853 144 910 760 933 983 408 334 416 116 285 223 710 729 234 514 434 191 40 71 340 287 469 612 345 734 738 247 246 993 992 309 551 808 696 55 565 565 7 66 889 923 680 712 52 536 15 78 647 56 779 4 871 110 421 917 227 856 178 422 1000 814 931 819 375 65 197 532 194 825 355 864 308 388 40 131 305 146 512 375 99 78 536 435 122 59 74 979 542 959 503 521 777 708 5 362 718 930 166 136 566 585 731 514 899 5 720 796 287 737 54 106 55 896 719 745 963 641 842 329 940 198 49 653 765 243 939 263 680 565 702 726 237 444 183 533 876 665 669 875 406 834 572 854 654 638 143 393 466 543 469 699 112 213 976 482 210 684 694 349 585 110 49 6 929 229 353 725 211 456 7 957 70 733 270 318 692 634 448 502 448 218 767 923 288 327 364 760 574 907 192 168 423 853 920 996 428 118 40 134 102 793 361 894 514 977 652 211 601 221 365 266 792 415 454 899 77 65 977 658 997 549 812 261 963 609 479 903 723 190 828 206 369 781 168 328 467 426 818 223 571 5 536 695 810 330 679 700 448 270 415 633 767 335 840 13 706 455 652 427 594 854 917 59 269 312 803 32 582 435 135 810 449 324 577 220 576 289 980 788 340 736 14 42 841 858 181 680 238 561 437 770 689 782 331 300 116 431 331 659 179 309 203 143 843 255 237 438 404 591 302 910 352 600 986 933 850 863 259 69 275 384 183 917 714 231 866 267 301 783 268 566 527 515 828 112 918 191 314 561 635 707 776 274 953 453 422 114 253 70 998 70 683 371 340 546 227 20 29 971 779 640 474 892 144 761 368 14 171 515 404 228 382 303 21 97 640 682 734 447 606 87 167 910 386 960 496 294 758 486 913 613 342 577 372 758 672 71 507 666 751 414 936 564 460 499 327 634 146 863 429 866 985 96 337 535 204 247 684 522 312 920 194 392
209 447 308 284 239 496 395 638 725 613 330 816 725 877 106 955 106 218 469 614 738 460 212 356 849 281 416 271 629 653 552 154 972 244 851 731 96 702 295 78 828 529 274 4 439 739 756 732 851 987 982 122 151 583 557 720 327 50 997 290 767 9 193 19 325 495 844 384 888 385 411 932 26 465 724 722 806 774 403 195 570 121 457 553 955 245 371 247 691 828 137 561 154 48 605 203 378 119 133 729 367 869 212 666 165 154 620 928 18 389 820 379 161 689 304 993 915 635 322 107 171 404 553 27 827 589 382 588 572 787 691 923 894 177 372 774 402 375 29 499 905 121 825 924 185 896 675 400 768 333 835 473 709 21 191 126 544 860 601 632 216 707 923 249 852 669 296 478 155 511 614 747 362 382 523 496 112 797 715 621 303 438 904 826 561 785 300 274 322 592 205 800 513 450 957 454 524 310 820 594 454 207 835 765 199 683 540 47 521 270 232 417 541 721 190 337 301 756 392 835 454 558 93 26 211 169 617 323 342 302 192 975 840 643 461 431 293 819 708 28 901 336 108 782 243 593 896 337 653 764 177 604 842 498 818 126 631 139 54 635 720 446 248 466 400 311 968 856 398 492 660 237 396 241 806 922 846 419 448 204 951 241 547 683 26 823 408 227 360 648 341 13 247 144 691 421 454 694 169 86 606 817 467 242 835 136 520 1 219 246 83 301 983 201 936 380 829 187 338 515 249 498 524 183 423 446 879 429 987 10 88 692 261 299 772 256 840 329 650 69 195 986 575 818 602 361 79 49 491 876 280 29 319 497 591 864 894 313 98 803 930 924 827 757 565 956 635 880 897 192 759 829 77 703 170 955 211 983 57 263 672 226 563 111 80 109 979 710 941 338 463 312 203 722 606 68 862 204 619 827 632 487 153 840 884 438 873 531 813 363 828 638 764 422 921 495 363 71 902 988 916 19 228 445 844 868 995 482 281 154 900 553 710 47 71 246 561 543 81 920 537 759 982 274 1000 717 612 330 446 569 30 775 689 440 670 699 215 818 787 348 135 239 765 57 41 906 116 194 591 40 275 190 941 612 900 698 834 193 899 286 631 939 293 610 816 889 697 820 305 545 6 840 587 17 715 412 958 301 267 194
487 43 894 470 26 422 450 573 934 251 348 845 798 321 626 994 620 625 163 693 611 968 157 565 916 703 730 94 688 10 584 429 506 75 439 883 257 591 737 654 554 636 965 519 898 841 254 779 615 259 285 999 919 887 433 289 317 928 948 996 171 672 352 241 444 869 374 441 819 302 664 830 799 396 564 152 164 113 290 346 78 744 728 299 777 881 345 528 5 890 201 778 713 971 480 399 591 852 389 924 183 623 77 439 460 461 713 328 221 114 645 96 283 779 536 928 402 951 475 115 988 223 604 51 723 384 897 677 384 943 797 197 866 564 557 180 531 329 865 372 78 373 156 531 863 464 666 478 621 780 160 286 700 89 12 465 726 659 363 909 71 293 301 45 831 794 203 795 266 23 1 274 126 609 890 456 328 187 45 765 843 4 644 872 815 69 787 307 237 997 831 162 189 307 192 121 672 454 979 978 515 960 722 340 90 51 312 832 422 264 211 485 207 4 270 477 115 690 469 872 258 38 61 98 203 366 86 829 272 63 674 710 654 787 875 605 513 948 20 100 140 649 154 421 537 690 675 845 311 854 581 158 182 710 695 464 684 925 210 330 437 799 3 655 108 542 309 456 950 315 613 566 642 240 148 76 995 464 864 270 664 295 241 786 448 802 556 877 561 911 126 883 187 721 759 276 611 274 944 488 301 394 9 970 803 562 834 327 475 335 380 157 218 309 814 779 316 29 651 274 702 828 347 151 513 749 714 972 203 219 159 126 752 667 128 739 325 692 61 708 236 344 216 853 161 923 453 306 94 318 956 372 528 778 635 206 430 764 465 943 452 248 300 796 812 952 962 427 93 930 635 11 99 349 482 485 869 466 717 254 877 436 177 177 417 993 887 290 858 425 205 524 256 808 567 305 738 957 226 998 793 862 974 877 703 168 930 368 493 163 707 882 312 5 259 256 563 156 811 475 903 385 827 52 28 935 304 271 909 375 77 866 329 988 370 280 989 425 607 713 164 310 595 3 212 422 703 687 260 914 355 863 862 909 339 45 401 834 96 952 674 876 709 306 525 200 710 517 254 231 425 551 817 714 564 397 804 193 383 704 29 940 325 351 474 790 915 179 479 444 23 318 528 62 65 823 231 910 637 993
207 227 992 619 765 369 399 981 287 584 305 165 576 169 104 480 703 437 535 499 108 309 527 835 20 242 266 1000 33 555 218 327 752 979 574 400 429 940 216 136 238 636 714 639 110 424 416 125 650 910 774 199 990 272 941 757 518 252 7 419 967 276 680 803 381 369 368 212 394 528 972 172 285 162 864 623 244 612 34 843 790 10 33 32 187 228 929 577 606 746 997 26 149 563 51 339 194 624 855 147 68 82 257 111 199 129 857 461 946 972 189 582 205 706 286 37 624 515 303 776 499 491 999 768 244 128 760 675 814 609 933 512 910 842 272 629 133 183 173 508 515 941 561 577 920 96 818 183 450 650 260 744 972 140 380 859 432 440 573 949 376 220 990 263 467 696 285 583 336 70 161 297 739 265 545 264 206 660 149 709 546 417 351 947 719 661 909 977 711 210 853 985 470 93 721 796 898 611 133 37 240 508 499 334 27 485 554 146 987 793 818 336 64 616 779 24 930 711 297 2 757 206 734 42 468 76 949 525 568 617 144 240 705 259 402 229 146 621 590 169 608 228 836 968 280 903 31 132 682 811 400 733 933 987 988 542 189 183 205 203 344 935 284 103 769 423 634 37 341 614 76 372 567 445 838 116 309 518 117 177 196 586 131 55 429 291 217 495 883 775 544 939 446 643 432 302 14 438 732 302 776 239 127 162 125 342 936 235 949 810 756 31 493 413 311 187 534 117 293 14 214 117 452 115 168 64 221 998 232 248 397 883 708 762 720 864 34 874 71 271 600 851 439 594 922 55 636 906 137 890 184 295 447 576 467 177 226 725 872 333 33 92 677 790 990 606 441 527 598 652 216 465 396 950 985 726 950 219 707 400 32 325 648 743 911 433 572 675 353 415 718 143 233 330 989 377 785 417 651 234 973 837 206 87 442 853 20 332 387 851 897 436 461 750 388 82 790 785 742 919 619 267 236 567 554 451 305 229 917 870 369 456 7 743 863 751 833 878 102 549 891 461 106 760 260 821 90 71 244 832 182 207 289 827 816 3 672 877 155 15 374 40 286 274 248 20 918 742 420 366 928 666 241 414 998 44 778 418 176 731 88 849 622 965 752 305 787 346 476 568 752 53 681 766 341 997 674 815 897 55
85 163 727 739 262 215 936 898 902 479 98 590 505 892 110 889 487 84 14 983 324 624 894 259 51 399 447 16 430 530 145 308 509 114 741 244 381 26 597 749 743 531 707 756 209 355 620 856 425 814 843 462 494 678 239 227 50 138 736 470 154 226 349 686 866 337 9 265 245 546 602 128 481 151 853 211 890 140 721 339 341 298 917 367 82 343 330 586 353 238 616 46 24 616 902 201 642 495 215 543 676 168 109 428 421 519 176 461 441 23 61 417 339 240 691 71 91 469 41 770 572 252 437 327 570 483 307 308 879 888 137 777 555 199 577 192 462 194 453 509 440 377 602 358 307 946 433 373 102 11 294 649 830 905 420 980 132 373 845 803 631 484 589 914 129 738 75 995 665 785 735 763 865 957 218 312 392 673 675 529 935 654 620 275 531 146 576 170 503 848 68 924 363 558 219 497 953 596 974 601 484 880 194 194 563 706 840 929 648 323 568 26 970 377 374 601 818 840 886 89 234 690 839 591 604 26 525 322 438 418 401 143 956 99 33 366 410 623 41 964 617 67 242 392 322 616 120 783 465 29 173 851 766 571 865 498 339 53 991 803 177 840 818 642 596 889 69 474 483 30 807 679 401 898 46 362 285 526 320 958 866 883 335 193 410 259 243 136 865 207 942 74 197 535 591 409 992 800 546 74 830 965 689 928 214 40 910 124 141 607 426 785 526 630 865 40 654 645 579 589 211 50 995 807 415 363 155 539 982 878 13 353 6 2 969 33 711 857 41 838 574 824 893 531 144 895 666 331 725 814 641 720 919 788 476 550 227 975 394 806 372 701 384 654 631 836 905 534 705 902 926 111 214 347 330 89 930 954 827 976 178 411 211 294 939 649 443 419 502 198 898 836 375 103 319 465 820 58 672 298 912 175 663 165 976 704 54 548 744 624 724 522 55 478 594 106 620 812 382 109 175 46 525 818 860 129 110 877 881 619 554 370 298 267 858 884 491 251 950 29 883 808 406 916 139 701 283 396 177 786 545 851 810 164 69 969 227 802 920 82 832 913 298 293 51 770 363 162 642 198 573 381 998 642 794 159 542 197 464 825 446 645 528 961 54 104 488 531 887 100 870 622 543 341 449 57 269 703 707 12
333 15 613 436 972 975 182 798 948 584 997 464 872 142 297 91 997 254 122 966 725 657 700 213 338 71 154 37 53 690 233 210 428 437 126 845 982 456 605 770 201 373 625 340 706 539 940 235 260 815 475 301 272 220 576 232 555 188 215 19 812 190 888 846 211 516 861 390 532 790 214 56 229 526 17 513 174 649 715 477 360 76 747 955 833 914 565 311 161 682 489 584 360 648 600 23 827 155 339 454 259 804 537 671 472 445 799 835 102 713 324 286 33 476 150 497 812 585 928 98 120 855 760 413 106 791 329 553 35 643 588 656 246 758 912 527 823 292 612 815 736 10 779 700 578 451 815 715 645 344 671 559 796 47 263 945 887 845 177 36 973 241 250 59 45 282 349 584 736 116 606 147 220 107 881 398 551 242 558 787 808 203 112 329 808 250 973 333 236 797 548 770 145 797 959 365 875 740 34 751 480 584 35 13 117 443 207 274 757 418 746 491 97 997 743 786 724 200 660 306 386 210 533 479 688 282 523 624 567 818 611 846 711 988 150 299 942 323 585 287 355 426 87 564 182 405 940 369 179 625 355 700 782 880 14 465 425 499 711 284 877 194 157 244 134 556 853 908 487 665 145 505 371 624 764 416 848 473 511 247 53 969 382 127 32 593 490 11 322 315 379 756 71 363 457 648 593 868 972 949 204 213 51 42 557 448 885 557 32 885 974 1 250 659 85 345 865 987 337 471 741 574 63 843 950 942 15 258 841 72 736 599 557 333 316 836 834 751 399 120 426 223 522 973 458 882 923 933 204 641 336 359 205 823 11 430 789 813 471 878 792 498 102 785 417 168 744 883 164 622 621 901 426 719 226 536 534 212 727 399 748 166 875 227 580 80 701 647 316 264 931 938 82 319 68 531 931 371 519 716 774 75 96 295 216 794 317 718 604 760 937 155 733 292 676 587 922 463 725 477 163 546 100 308 80 940 883 13 528 893 452 934 408 294 116 807 821 767 945 724 783 29 160 582 793 817 244 971 811 485 758 414 577 597 4 946 540 386 647 89 738 453 784 161 380 709 653 543 481 882 182 321 616 608 797 105 455 973 932 859 743 834 332 31 393 459 677 927 224 704 648 551 153 181 865 575 824 405 986 210
533 113 163 409 429 406 848 930 415 554 702 611 265 293 489 322 25 92 484 3 846 95 19 322 845 946 577 684 894 863 472 289 782 807 271 457 83 759 363 519 994 773 563 358 912 774 422 749 471 834 619 696 701 252 331 134 255 896 797 668 238 841 75 335 305 588 346 320 570 588 78 771 716 156 244 475 357 920 299 992 227 71 61 390 931 272 244 547 469 222 51 834 137 997 426 221 645 856 204 956 625 378 170 503 937 425 297 109 669 670 574 311 195 739 331 322 2 585 29 830 599 120 313 632 678 564 736 933 736 294 326 353 79 185 277 742 885 94 504 341 417 591 540 539 376 162 980 768 268 545 962 411 243 205 904 802 707 79 155 544 447 146 574 196 171 726 702 894 574 606 283 353 109 361 318 273 522 627 284 734 363 757 60 572 320 709 155 908 408 74 548 774 503 159 487 425 42 307 736 503 501 543 779 171 678 58 197 9 760 20 351 641 288 264 890 314 995 411 940 962 160 957 137 605 670 522 588 593 508 620 58 469 901 457 471 810 797 787 571 258 533 473 648 111 452 406 997 90 12 208 544 4 721 371 650 735 80 161 633 326 362 484 390 991 867 971 845 442 876 686 604 583 795 928 507 16 876 481 591 966 187 80 717 164 136 110 986 970 332 244 281 444 714 798 172 87 608 825 368 858 230 840 934 286 625 279 562 229 741 912 27 984 577 269 497 86 883 412 772 915 467 392 245 424 565 460 672 210 157 453 177 13 905 864 958 396 811 746 541 411 748 2 918 185 530 694 414 380 326 10 748 7 72 979 775 836 504 315 340 521 962 685 550 35 115 974 272 63 972 477 1000 821 631 89 324 505 187 402 493 318 742 678 817 722 970 17 785 999 877 588 364 786 615 132 760 306 699 117 995 21 925 126 734 360 262 370 172 833 993 370 789 908 313 342 54 686 279 758 766 504 29 43 660 131 58 459 345 722 891 598 440 896 954 336 582 256 328 591 960 350 369 881 698 455 859 389 669 419 158 456 200 665 292 265 554 305 709 886 342 951 190 23 207 145 162 67 324 349 958 149 342 168 507 179 533 8 123 823 161 696 533 895 476 923 47 922 857 892 670 383 636 552 614 833 550 183 538 165 800 91
486 931 944 300 386 105 853 369 501 190 912 15 298 697 492 491 864 737 918 275 739 319 722 605 763 48 869 398 334 69 700 985 728 507 843 60 995 726 234 480 336 496 975 91 847 545 800 787 596 744 234 728 371 432 806 604 805 4 402 11 426 955 991 108 703 144 76 930 386 70 408 336 240 700 57 23 574 248 330 113 638 559 355 873 427 733 230 112 948 196 759 364 691 347 621 266 49 564 844 311 839 416 434 606 637 236 215 355 598 901 278 483 373 924 227 618 63 588 479 784 377 366 931 577 557 137 265 404 841 911 583 795 375 577 621 559 291 28 195 682 222 711 161 517 808 486 481 525 563 140 544 640 895 492 731 930 313 494 800 588 611 1 703 123 339 122 138 911 191 800 100 934 993 447 280 45 386 345 632 10 382 302 226 923 808 790 621 974 539 947 543 38 899 633 738 41 995 387 640 373 718 978 713 556 384 815 167 198 531 3 515 213 599 958 718 756 676 331 856 959 549 852 421 982 307 344 790 818 168 815 701 424 227 902 70 829 330 208 563 443 606 710 442 292 539 315 411 765 326 922 342 874 646 768 47 405 2 532 988 516 710 760 796 26 880 702 34 985 944 444 894 5 985 613 708 315 565 357 491 901 611 584 814 969 12 810 979 888 931 823 16 772 557 597 321 508 843 584 604 654 299 715 393 663 528 654 531 427 973 951 466 149 938 936 832 482 382 973 390 681 876 945 235 589 162 655 311 807 982 264 939 458 243 786 266 375 422 748 544 385 360 848 31 153 383 682 573 591 658 726 486 456 541 709 457 447 44 154 508 634 406 675 631 885 559 908 724 801 529 59 392 626 920 799 886 572 746 231 505 800 697 7 573 406 643 161 778 942 118 716 351 219 851 6 108 141 234 522 678 589 42 836 167 556 954 668 280 834 254 674 116 370 759 333 888 678 36 481 870 400 1 733 399 119 250 587 488 709 530 366 698 739 231 765 631 855 679 943 497 30 934 11 172 426 880 517 31 42 12 741 713 185 512 926 345 981 33 472 548 85 182 177 146 478 951 518 166 31 65 992 136 673 24 725 64 52 194 117 124 12 411 982 53 62 802 619 352 30 26 548 409 594 928 116 496 249 123 905 128 89
656 338 611 160 36 134 31 579 867 201 872 746 82 903 140 506 980 104 725 8 689 357 672 561 640 638 241 577 541 798 900 853 724 940 791 641 916 131 886 438 688 220 949 915 18 855 804 639 48 802 802 199 504 473 209 5 949 455 57 613 484 779 158 163 500 330 425 737 472 442 708 522 535 1 749 60 250 766 711 307 738 154 597 201 49 660 298 426 174 993 775 519 932 888 82 965 780 475 271 902 58 767 912 529 301 765 399 99 411 583 80 235 448 911 635 407 38 746 39 153 943 114 41 931 247 792 299 57 623 344 405 527 14 23 115 145 805 644 814 548 302 31 790 837 635 861 139 42 659 886 529 720 117 7 898 832 167 266 921 352 995 139 213 683 856 765 422 430 732 698 308 334 296 753 37 427 827 110 883 212 431 874 721 255 312 993 445 134 380 20 36 221 798 375 284 517 845 881 739 747 263 729 259 208 487 864 167 578 929 22 644 14 938 665 815 312 844 917 991 467 476 802 262 577 84 761 85 265 970 119 95 195 87 617 854 331 4 579 89 43 321 274 902 356 96 846 115 162 372 428 134 403 314 633 142 144 23 942 953 576 503 233 884 374 63 145 511 843 725 226 889 987 830 855 251 837 892 422 98 164 66 438 839 105 770 939 366 758 428 653 64 837 186 562 312 285 235 947 57 830 112 586 3 973 941 388 21 999 618 78 486 693 482 196 882 446 616 885 331 364 778 34 478 68 674 594 911 898 794 655 134 6 773 766 521 692 311 435 761 269 185 398 203 120 195 628 937 135 465 585 33 620 532 813 468 266 490 227 466 337 198 448 543 196 822 330 748 786 662 383 560 109 998 961 650 986 728 448 273 60 228 800 906 729 368 557 278 862 186 598 816 493 586 619 327 187 280 465 745 262 636 925 687 620 812 509 201 191 486 554 238 569 373 526 798 999 165 870 898 348 224 883 757 566 587 437 672 299 316 665 343 630 8 261 947 992 622 800 965 511 991 594 889 396 98 472 932 641 610 188 471 843 816 116 311 349 382 673 210 193 183 38 894 899 553 120 701 175 350 183 485 497 874 390 164 682 914 720 436 30 81 122 906 270 411 279 131 139 602 544 158 104 4 976 580 84 871 695 454 311
743 577 596 892 381 121 659 826 112 618 609 780 686 885 73 330 216 300 896 546 790 305 81 761 808 885 349 210 287 987 795 328 464 133 187 722 265 685 709 123 507 116 415 901 584 114 15 246 641 485 820 423 451 648 970 538 686 321 59 4 837 912 964 537 863 124 798 460 43 795 26 368 88 990 278 544 799 239 533 576 451 230 47 138 150 281 686 433 81 400 116 444 493 752 469 740 676 559 555 691 41 491 623 8 885 923 589 955 499 765 164 893 664 45 380 26 157 169 714 482 969 715 387 715 402 631 687 42 83 313 210 598 989 542 721 314 80 950 231 261 564 940 486 443 19 812 745 766 994 896 331 504 549 911 732 634 595 529 364 567 160 657 700 807 71 622 889 695 203 697 412 569 475 931 268 262 551 669 201 612 72 747 942 842 84 662 298 564 571 268 602 341 444 716 319 297 614 109 647 80 482 482 192 653 241 418 108 190 754 670 73 742 376 87 447 770 787 449 596 374 281 965 39 447 476 629 284 539 557 446 802 956 179 804 353 434 186 54 319 504 402 332 751 735 689 207 219 243 723 873 546 614 420 613 536 596 378 421 335 438 674 106 961 457 875 483 318 742 1000 732 123 803 708 384 482 998 841 685 928 293 203 382 369 502 421 424 407 958 960 902 841 223 803 765 516 440 616 276 815 286 553 784 499 295 890 94 432 178 272 60 310 83 99 10 244 79 429 512 257 215 661 616 789 362 277 86 494 625 655 352 567 190 400 925 101 466 915 209 937 335 981 697 769 405 856 829 238 534 87 966 831 745 107 345 276 409 20 992 910 4 206 704 149 659 597 26 93 518 933 205 372 561 562 104 769 304 322 906 768 597 584 162 855 469 884 706 313 344 922 574 710 431 683 627 770 795 747 559 952 42 327 422 953 878 646 637 975 197 80 383 957 60 724 612 259 93 622 104 401 922 917 154 629 481 469 700 520 313 629 974 920 324 8 256 294 851 370 950 288 156 782 272 145 292 633 853 272 689 390 571 235 603 127 531 844 852 579 106 384 769 15 67 939 940 663 400 600 135 531 696 802 823 573 511 407 998 100 256 675 202 834 917 804 209 232 731 805 205 830 972 974 56 551 376 511 723 416 605 340 724
781 223 644 991 192 158 242 533 694 547 245 476 67 912 912 249 795 688 654 282 658 812 37 621 244 242 721 942 965 878 583 211 66 478 787 978 691 222 741 488 943 204 686 222 711 719 414 74 42 449 931 637 39 813 186 162 906 229 800 774 469 924 401 149 887 252 68 413 232 381 621 594 674 241 401 43 495 458 489 475 648 256 277 962 386 575 911 158 286 810 121 247 443 888 165 782 333 937 578 429 43 878 598 716 398 698 585 4 270 298 514 641 709 760 623 640 480 218 659 818 700 178 971 682 297 678 81 314 564 640 912 863 613 300 999 430 250 986 72 962 966 42 23 766 939 567 853 524 945 303 585 180 379 665 504 729 983 253 964 911 337 308 304 867 689 333 711 445 252 106 508 140 388 156 742 245 816 726 331 739 442 646 22 713 856 842 610 691 104 65 511 720 176 263 429 629 580 273 983 453 550 694 602 948 123 566 882 838 711 631 95 563 224 325 150 882 181 917 578 341 429 153 791 893 554 418 94 879 787 656 991 37 310 26 221 961 44 999 565 454 924 170 396 702 910 387 868 669 352 311 104 46 288 175 187 513 818 547 554 573 692 908 295 995 135 698 780 708 121 517 612 765 680 748 763 932 188 570 278 641 269 522 759 69 44 187 215 823 910 186 977 974 828 161 143 484 784 377 153 429 558 368 924 503 993 774 64 215 644 222 59 29 343 916 763 127 873 704 992 798 429 293 221 113 222 957 893 422 602 136 422 517 248 526 356 920 122 39 206 721 703 489 155 147 46 214 797 212 953 436 283 400 686 358 891 627 58 824 482 815 707 58 847 235 827 24 406 318 746 449 547 472 566 260 897 174 162 921 595 198 698 107 705 847 266 335 983 572 489 132 98 755 725 973 770 834 24 377 344 9 184 243 857 237 167 827 297 542 249 693 553 933 409 492 245 678 421 30 212 849 708 875 918 478 992 844 886 683 668 630 358 785 267 515 512 394 379 556 573 57 669 290 330 981 51 880 317 779 469 781 290 320 222 317 148 572 791 394 957 525 466 292 636 907 772 229 656 6 797 625 430 973 687 736 153 621 993 158 432 636 306 112 253 17 759 91 164 301 573 998 582 903 225 84 192 799 993 716 361 306
988 376 573 801 477 539 162 881 69 561 712 649 137 42 480 237 941 950 113 568 310 803 474 381 473 741 552 664 965 183 732 403 670 9 851 228 941 101 997 594 875 501 276 683 66 362 752 478 688 490 250 203 336 13 830 825 510 362 610 864 463 661 426 136 99 607 942 492 612 10 159 830 756 914 498 513 178 254 981 210 822 410 578 314 59 825 167 236 901 108 772 158 828 963 569 950 598 396 528 694 933 45 929 332 3 680 625 744 41 427 801 594 857 603 474 268 284 169 965 539 5 300 533 467 492 102 450 78 763 564 649 326 973 727 682 115 954 768 110 630 236 584 882 762 252 781 470 213 671 851 438 22 502 815 112 315 692 602 81 11 758 330 589 6 659 873 763 350 336 585 839 357 204 928 164 803 424 802 121 887 611 317 872 568 804 752 81 842 711 29 660 186 208 293 411 439 591 260 606 699 697 432 279 291 710 379 778 855 225 810 699 70 947 712 57 139 884 940 58 307 160 788 620 535 766 378 383 869 56 916 915 299 426 752 875 210 633 725 196 610 341 181 217 702 78 191 205 821 5 917 368 898 457 154 442 377 650 312 553 20 517 754 557 204 72 283 157 167 438 957 651 69 536 951 430 801 685 323 983 59 533 178 449 783 84 631 871 19 319 916 786 918 310 428 549 475 330 957 465 126 7 251 634 364 791 589 776 177 486 759 159 214 730 18 857 430 993 776 555 895 447 709 433 872 43 381 164 350 577 2 131 682 212 341 964 301 13 645 347 65 458 41 626 591 226 887 672 164 56 635 951 880 186 285 692 715 583 584 146 567 716 867 430 809 91 828 619 495 39 284 564 535 745 195 219 482 137 805 181 43 289 943 357 226 627 951 826 806 963 281 592 860 804 17 183 863 249 611 552 681 330 555 393 188 98 146 867 669 539 204 200 376 177 10 964 849 654 477 488 367 341 974 485 363 783 751 759 836 391 899 678 741 296 237 195 260 724 593 621 995 8 556 829 631 13 401 716 871 479 464 705 997 400 458 623 993 153 538 704 759 187 43 202 628 760 634 746 268 371 78 105 912 520 839 663 21 534 520 185 505 882 988 604 456 861 43 641 753 216 598 950 280 15 710 54 215 483 736 558 260
473 23 760 821 529 86 555 529 391 296 779 234 142 139 463 452 80 592 397 492 622 932 27 570 223 172 525 717 709 90 864 799 684 298 565 221 199 426 690 578 59 252 611 223 715 648 389 526 836 577 218 736 338 477 524 811 185 923 215 900 917 807 239 108 72 822 308 730 902 290 499 567 973 546 74 377 211 336 416 265 331 264 553 655 445 10 547 592 444 917 693 967 155 585 456 801 465 227 540 172 167 365 966 564 540 540 897 780 455 785 75 97 107 860 733 367 627 239 731 988 34 501 91 603 496 877 775 862 966 861 140 355 372 896 131 989 841 718 827 244 186 972 944 2 312 538 883 480 699 378 382 878 392 748 31 276 968 625 634 814 624 462 146 311 428 637 229 896 246 172 162 653 945 142 900 51 440 849 970 345 927 281 675 370 79 845 181 671 425 400 784 385 411 468 615 63 329 808 404 310 616 575 248 431 887 65 241 633 613 521 256 86 297 793 842 702 507 546 504 229 127 853 72 591 322 616 881 719 22 684 593 51 943 125 479 707 461 913 678 892 797 704 970 812 461 310 652 733 413 405 403 660 202 672 491 898 10 201 436 968 14 139 685 567 969 510 238 594 279 943 703 127 198 949 782 394 534 527 61 695 922 955 599 602 927 411 972 245 509 403 522 708 299 64 897 816 44 478 595 284 133 944 693 509 218 80 220 695 646 938 438 581 446 279 982 392 531 850 572 512 83 412 400 569 5 552 621 409 961 341 205 307 367 798 21 208 984 60 70 815 37 139 778 757 164 579 307 306 723 834 968 610 827 866 838 681 851 376 274 917 706 551 620 39 85 340 315 569 207 694 559 866 426 799 215 295 474 568 430 864 15 401 254 627 602 556 338 979 416 794 1 116 412 407 542 408 589 64 690 924 830 974 686 492 827 414 250 190 225 584 104 157 669 125 128 946 320 690 393 28 617 570 275 874 963 240 451 750 652 446 69 150 354 419 954 508 199 165 418 822 964 644 470 521 925 730 726 801 263 276 596 617 928 755 153 448 53 760 761 275 90 87 110 704 115 613 914 271 7 325 665 762 508 413 845 949 594 90 42 632 600 456 169 439 925 201 579 850 963 728 312 73 90 575 776 170 593 140 189 521
536 488 272 815 787 256 428 474 529 84 406 952 695 871 644 564 718 955 491 971 142 494 303 342 507 304 355 521 411 418 554 606 682 757 439 895 90 97 533 332 934 682 241 129 901 130 188 695 916 157 351 636 883 185 780 314 812 282 41 955 858 603 633 483 498 705 562 564 656 555 644 827 336 19 966 827 119 977 987 147 175 524 36 130 982 586 847 131 450 173 749 226 6 333 980 271 877 704 103 490 655 346 815 980 267 252 681 819 988 191 46 132 455 355 70 576 494 990 161 850 309 529 115 935 498 226 17 203 175 151 650 667 954 227 151 558 502 233 990 313 186 476 971 786 652 462 504 262 401 464 373 6 513 172 846 883 608 736 266 381 812 174 245 844 854 673 971 411 802 825 864 464 279 461 729 209 145 498 74 467 561 314 855 172 346 557 608 80 286 956 416 374 267 915 899 852 579 866 467 119 956 547 958 864 434 776 345 307 907 952 484 868 24 1000 555 218 702 161 886 572 765 997 423 549 648 109 251 728 472 113 625 709 393 132 903 626 925 663 171 182 648 510 27 639 720 928 695 886 396 525 785 751 729 680 326 358 123 287 985 345 933 338 681 189 343 323 331 16 393 630 429 308 336 781 884 689 988 495 601 136 263 11 854 41 491 480 16 408 631 265 711 452 180 804 592 640 347 271 356 309 961 439 706 707 65 243 96 457 760 617 988 213 449 192 473 516 31 118 853 805 572 740 941 945 3 626 958 490 488 908 608 631 262 662 777 151 671 349 722 388 660 37 373 964 752 258 594 156 949 884 761 316 549 554 454 456 924 467 264 260 574 546 137 259 726 792 186 187 443 390 197 784 610 45 919 5 331 229 688 11 197 293 769 468 871 282 919 623 718 338 62 509 797 553 903 258 97 406 933 860 187 485 447 68 878 888 528 447 874 553 233 199 644 335 966 174 983 728 469 55 350 955 176 79 713 48 582 199 33 311 259 651 82 571 651 335 590 807 534 954 819 798 643 563 91 826 769 788 350 317 326 920 164 422 307 18 145 796 173 863 618 9 865 699 672 314 603 382 555 865 458 789 889 100 331 649 593 834 567 215 81 27 254 305 874 974 807 555 169 371 711 171 206 183 150 709 37 705 380 309
342 242 220 607 452 679 84 968 815 671 734 151 338 637 28 366 486 878 545 460 689 333 115 195 543 284 236 526 202 543 774 877 122 737 397 824 295 356 476 977 742 251 259 477 601 567 404 502 822 77 936 758 488 276 770 969 234 470 813 410 672 471 5 777 297 821 963 471 735 275 408 146 852 14 146 268 59 377 741 689 584 889 257 955 76 741 457 603 585 573 781 465 583 130 791 893 328 523 128 863 1 978 454 333 937 442 877 73 403 182 582 349 350 71 852 407 877 316 145 359 59 656 484 906 464 914 47 84 29 1 281 473 560 114 708 955 546 425 296 155 144 921 669 803 582 95 374 882 685 959 437 650 127 541 985 177 527 959 664 208 717 97 975 711 947 896 421 413 180 706 754 796 919 485 83 838 86 697 230 321 867 322 212 624 804 357 69 267 928 924 644 200 828 760 954 706 227 91 158 156 40 169 950 495 367 516 760 18 108 818 214 539 215 738 827 804 422 640 727 353 621 154 173 190 814 465 25 938 185 860 51 295 537 341 283 922 894 275 672 518 461 754 230 636 126 371 203 292 223 566 520 100 436 109 152 904 534 627 12 580 4 307 118 941 461 871 429 395 428 340 343 447 657 281 955 589 392 216 357 351 614 407 152 491 973 389 631 348 662 814 996 733 574 225 204 923 597 576 86 262 580 595 26 133 229 774 158 369 746 595 749 547 546 388 125 258 725 376 105 601 617 270 852 499 788 530 82 761 693 796 564 81 817 194 893 700 731 277 407 235 715 919 380 117 261 300 536 831 614 143 239 35 91 406 501 19 192 760 689 309 406 710 430 283 65 37 324 762 231 670 732 104 316 85 796 681 820 190 861 611 788 334 531 400 86 939 722 316 190 858 963 23 719 87 495 373 15 875 688 597 637 906 315 890 222 593 614 68 631 12 619 264 826 430 555 299 561 614 499 265 676 667 516 245 779 67 776 626 901 262 457 426 941 773 235 775 688 462 163 584 474 257 467 6 665 983 996 699 826 584 895 923 265 982 528 602 91 305 753 208 414 446 851 339 16 261 283 233 256 997 597 210 432 958 648 556 250 186 288 110 484 598 773 427 624 641 824 703 597 395 179 397 759 45 581 332 581 560 36 79
249 923 514 626 696 981 60 302 927 766 902 640 253 808 546 736 168 982 636 531 157 81 851 490 650 702 204 524 93 313 699 925 859 41 864 639 74 962 609 28 662 3 94 630 93 540 68 957 484 79 316 964 987 685 293 63 634 435 357 506 418 147 617 853 898 340 517 846 383 931 682 337 972 925 602 506 477 294 384 128 448 515 425 819 998 228 687 894 754 708 65 37 753 165 760 603 554 752 127 856 519 98 1000 173 23 602 528 670 843 128 292 407 823 430 552 432 395 715 511 245 87 744 881 159 278 696 345 562 403 122 682 706 51 332 865 955 976 16 719 591 318 673 410 569 943 828 284 318 305 292 56 154 511 224 379 106 152 155 914 987 527 640 676 63 777 192 274 742 891 845 270 476 523 900 744 49 153 36 724 159 274 403 601 627 11 679 981 266 550 210 850 369 420 267 120 282 438 249 429 922 889 633 143 802 117 972 753 810 176 498 160 635 254 767 563 571 556 442 70 108 874 600 609 756 310 564 776 162 121 479 102 493 341 597 348 431 892 152 1000 68 806 836 363 601 837 697 641 632 817 839 250 688 380 576 390 208 573 111 643 231 878 77 679 215 827 292 369 155 71 988 988 846 882 942 496 439 256 30 777 635 551 490 405 563 450 474 976 464 133 47 468 60 420 52 659 843 351 651 774 503 521 14 296 294 795 270 224 529 649 887 733 310 792 790 394 266 747 404 46 835 139 457 676 451 25 885 458 685 460 675 360 882 287 391 312 267 186 896 606 981 48 13 821 191 214 305 518 795 695 3 16 984 285 518 165 986 323 757 166 746 378 481 472 964 806 519 730 869 959 134 369 331 431 383 365 939 508 292 17 806 465 693 264 664 884 692 463 182 315 647 42 92 952 409 433 592 578 276 481 318 507 460 768 756 957 349 643 436 885 805 458 339 259 164 716 690 850 844 472 234 987 326 50 215 494 954 79 241 487 652 163 89 324 357 476 41 988 278 222 54 359 654 97 263 424 586 389 294 545 174 260 618 339 176 291 615 579 610 355 367 83 923 966 134 713 930 218 618 751 109 740 987 843 235 471 1 633 205 804 59 719 122 565 42 881 64 549 963 107 993 991 974 19 446 180 648 711 502 736 280
688 748 253 115 208 199 584 691 176 741 20 284 317 609 753 643 155 187 724 868 339 247 804 927 132 676 278 996 570 39 202 66 65 351 242 439 806 728 943 359 705 450 454 259 562 493 778 387 296 850 210 542 235 48 417 483 782 6 717 235 837 918 456 492 585 561 407 149 330 2 112 44 579 800 961 198 506 500 593 471 179 835 907 323 541 456 273 941 524 462 908 459 302 724 138 57 122 442 852 15 145 986 982 121 387 597 907 642 769 333 22 501 545 259 430 890 915 244 347 856 160 890 216 262 472 784 759 259 289 653 417 449 792 795 563 633 559 941 812 371 47 665 767 304 518 734 998 352 753 705 92 832 138 842 110 385 991 730 967 702 661 428 324 366 648 488 824 395 44 116 920 331 301 884 691 897 554 797 255 10 83 342 908 785 471 200 109 920 905 439 435 878 966 554 886 784 482 483 395 800 33 807 240 733 242 679 823 996 616 720 972 763 151 592 599 278 219 539 50 294 532 311 709 625 640 926 849 869 858 348 472 509 186 967 372 337 572 705 521 53 111 414 803 981 997 763 404 764 99 264 850 269 803 712 847 774 537 766 714 732 95 304 468 141 487 798 17 622 414 745 452 648 690 141 58 159 309 95 813 906 187 319 17 532 334 146 119 240 493 82 275 749 995 184 986 228 169 772 512 593 360 541 335 716 179 169 19 909 19 432 305 372 542 206 843 108 225 859 488 80 503 395 104 700 272 526 845 233 450 845 548 947 588 704 702 527 689 665 247 640 924 622 123 304 345 98 799 409 247 476 497 993 329 13 178 549 880 956 564 655 749 748 729 809 67 744 308 776 774 567 865 517 638 528 730 300 881 544 93 335 213 184 919 271 808 663 112 223 13 203 126 950 641 454 723 580 221 900 287 727 372 907 519 647 235 906 727 922 460 28 609 855 99 470 220 560 328 722 710 831 774 792 1000 73 114 151 706 352 115 366 767 594 63 194 929 308 800 290 857 40 672 787 241 526 759 21 933 27 629 396 277 770 271 723 752 175 252 614 604 866 139 157 695 135 918 444 361 861 795 31 224 521 237 771 261 164 955 166 555 496 231 31 394 401 921 870 200 717 584 430 19 37 178 602 577 938 936 960 581 244
107 516 237 851 63 15 899 754 428 117 382 513 231 341 606 917 60 48 306 478 215 596 15 270 935 515 10 737 976 995 952 973 199 18 260 912 258 138 215 589 995 753 506 349 387 841 470 14 279 268 237 199 226 956 544 417 798 353 990 193 729 150 230 259 465 485 112 456 898 71 442 674 320 130 866 276 116 492 422 763 583 865 699 808 644 720 682 163 741 98 297 948 590 765 412 461 213 438 131 13 154 927 107 529 421 775 686 146 755 461 25 673 262 996 254 103 353 289 774 394 482 271 428 953 83 10 41 535 564 182 701 207 439 427 752 907 752 613 426 671 462 313 120 610 321 266 58 855 358 575 50 578 809 359 696 143 994 458 316 817 183 867 427 26 376 562 547 901 628 349 946 575 319 602 369 578 957 588 338 34 482 91 193 897 811 494 624 469 168 246 491 14 912 805 928 317 844 774 61 339 244 715 958 858 604 900 336 744 595 375 706 467 751 972 285 299 452 363 821 616 80 607 274 634 189 424 641 226 7 887 768 468 856 565 164 718 638 606 34 943 129 917 524 783 431 469 738 32 994 909 672 903 888 80 509 150 167 890 410 278 251 719 401 916 699 347 319 826 787 698 993 576 314 403 810 294 471 870 586 546 608 976 746 517 998 603 289 379 619 39 687 701 391 847 965 337 386 764 725 133 112 651 693 701 864 745 156 823 985 936 350 455 198 791 420 276 516 132 700 10 262 298 432 513 648 229 285 590 878 300 289 2 568 390 160 989 969 125 69 170 703 583 960 992 204 232 433 127 337 243 584 367 274 971 416 709 219 105 205 532 943 991 840 997 785 485 674 728 36 527 20 433 645 202 563 508 2 715 412 624 410 823 258 482 54 436 437 415 478 277 124 168 265 900 814 650 602 538 731 166 550 237 936 604 980 886 813 450 62 648 961 552 719 750 136 297 445 707 728 269 119 920 575 797 115 158 391 683 914 530 720 666 903 565 451 389 154 9 331 976 217 409 757 349 922 958 807 254 111 361 715 559 580 713 870 671 214 934 600 191 543 426 452 271 356 573 730 616 528 151 784 240 279 604 349 423 644 35 19 255 963 873 718 308 897 616 6 845 594 494 973 564 438 466 535 614 157 732 641 177
972 88 649 124 306 348 412 397 908 428 944 7 534 288 114 479 970 948 190 179 1000 190 657 915 114 483 761 108 314 502 329 173 97 296 354 141 100 930 576 107 526 743 280 539 234 942 574 397 309 904 946 47 896 484 293 76 967 778 924 92 894 228 474 770 812 345 876 920 100 436 1 382 861 993 295 884 163 999 50 950 638 878 799 955 715 692 720 515 142 339 2 509 669 240 145 179 37 510 548 375 100 184 316 411 890 329 381 433 324 324 201 654 278 823 329 352 888 632 131 777 511 962 460 957 30 897 759 212 981 333 524 511 324 50 135 979 379 373 560 748 83 910 268 537 583 442 846 975 355 378 997 257 249 455 392 483 860 985 358 582 954 222 441 423 363 803 831 563 474 643 225 118 894 445 674 333 493 986 633 588 382 753 199 656 770 585 111 8 322 862 98 215 706 347 349 739 840 701 188 705 540 532 513 318 72 705 163 839 601 800 385 803 529 565 692 426 336 400 154 597 87 919 203 239 425 676 472 214 278 868 118 544 958 259 317 134 212 5 57 32 369 432 171 796 549 402 25 832 862 570 517 925 251 214 341 29 489 977 161 205 376 376 297 133 487 559 34 590 184 822 284 764 317 383 900 950 324 150 747 187 254 408 402 949 131 722 99 755 373 228 744 351 279 660 746 781 247 130 897 453 773 368 307 168 791 132 678 452 444 102 401 445 590 836 94 751 213 793 890 337 79 164 353 376 496 834 673 620 697 139 5 2 482 932 454 153 836 434 189 811 62 294 852 69 897 995 968 267 391 899 23 237 51 537 902 866 746 630 853 48 537 38 334 757 612 570 47 854 485 211 656 467 378 43 394 279 158 62 251 616 840 687 566 343 878 15 759 643 58 949 619 960 612 37 394 699 902 575 211 333 102 916 734 378 228 730 824 18 916 865 242 575 692 802 215 943 297 171 481 461 623 513 669 415 715 449 774 24 136 116 970 46 832 649 151 619 470 804 532 269 241 892 435 883 496 887 791 684 864 839 782 428 92 155 555 479 258 105 885 524 735 843 633 790 526 903 299 36 244 833 450 935 241 567 534 89 370 464 178 676 331 889 357 952 77 326 378 394 723 151 476 132 106 886 927 872 612 517 495 483
507 161 945 555 849 21 473 200 371 542 905 906 627 327 487 914 228 68 75 596 840 119 700 54 323 333 393 686 447 523 571 524 771 20 378 864 547 543 120 512 725 118 106 770 681 26 214 387 168 104 901 713 640 128 233 386 699 804 363 958 495 852 434 889 621 940 213 243 252 306 24 104 3 905 401 342 768 647 636 588 403 117 974 636 269 445 192 153 394 625 229 950 357 208 55 803 569 781 563 615 395 722 554 508 542 787 104 576 664 466 876 321 666 204 66 347 260 212 234 779 110 748 259 876 376 761 349 2 185 670 516 498 60 669 879 510 718 705 925 1 300 774 982 88 688 417 640 437 232 889 218 785 731 649 478 876 344 738 148 444 704 356 180 669 495 293 636 694 634 903 879 62 528 416 156 187 726 258 93 352 709 831 181 51 637 530 885 94 994 569 939 863 79 266 145 348 55 363 804 251 198 865 605 132 459 649 880 653 130 254 705 542 729 211 687 712 834 636 499 503 380 184 635 892 641 485 992 749 276 93 468 42 314 946 24 159 119 412 340 687 237 407 554 297 174 471 70 670 977 731 158 636 435 38 728 272 958 305 841 563 93 135 210 889 1000 276 599 125 312 725 485 206 443 241 413 618 396 846 84 241 597 588 588 208 35 130 575 909 159 595 929 157 170 364 395 861 637 637 952 602 140 977 621 290 626 55 121 223 191 891 952 886 742 752 152 743 478 11 908 369 234 842 851 263 343 397 784 599 180 549 925 729 425 257 878 207 75 218 379 792 825 396 961 510 47 363 58 869 553 517 872 751 241 2 537 790 948 662 189 827 834 931 647 279 248 769 875 77 737 692 73 51 90 835 818 814 276 892 905 498 482 621 20 209 231 376 90 76 934 397 660 566 225 149 129 625 500 491 563 295 458 621 648 823 209 774 837 523 49 129 293 910 365 108 9 409 994 19 161 668 51 997 658 842 67 873 593 817 682 560 913 942 352 630 979 259 866 775 811 922 929 127 767 714 711 277 412 514 841 306 256 893 563 119 902 674 741 158 924 725 320 979 282 895 981 721 197 734 715 746 45 244 586 455 859 506 729 130 238 731 879 765 610 756 387 734 947 611 57 690 660 614 838 134 241 469 260 902 644 461
578 770 346 425 122 702 52 314 404 132 990 142 521 33 133 755 533 153 167 936 274 902 958 76 204 614 988 644 538 172 297 843 517 529 712 197 946 715 917 140 110 129 911 422 43 565 90 93 115 584 71 239 684 660 195 591 258 189 174 429 977 549 290 390 802 682 344 242 442 940 766 856 240 615 45 78 524 873 977 315 169 460 295 449 786 998 743 421 149 760 536 91 824 740 71 827 579 986 958 739 855 129 415 362 62 834 201 1000 896 134 928 944 766 448 343 36 108 32 943 132 485 607 3 760 975 505 390 406 406 698 476 337 569 486 66 347 66 607 888 27 722 718 907 111 483 97 85 669 932 872 291 317 265 864 921 938 926 755 321 473 220 129 758 212 636 555 328 332 243 671 576 373 417 460 313 34 833 647 629 837 569 358 879 769 862 624 24 92 615 821 178 64 262 711 207 108 418 411 169 433 35 10 357 746 784 447 198 565 590 57 996 131 706 764 140 890 445 355 160 780 141 322 915 24 315 984 956 187 246 896 733 615 972 988 290 780 580 745 488 363 772 918 121 269 318 266 874 68 357 303 850 399 439 654 440 799 195 556 104 902 4 327 621 188 194 472 693 605 267 466 179 443 959 679 748 285 718 583 712 370 465 708 68 479 121 905 456 422 187 605 13 807 118 223 956 331 638 875 87 350 825 644 95 317 741 709 903 2 42 688 990 614 552 182 877 627 914 837 582 9 791 233 455 405 840 740 76 746 793 308 696 485 245 292 610 316 912 81 640 202 476 868 694 658 456 318 602 257 794 941 797 301 11 900 479 815 349 779 451 129 657 221 145 502 30 492 796 338 237 561 865 15 897 808 363 161 395 595 256 16 335 259 328 688 692 535 318 912 427 561 899 481 807 914 322 477 90 216 318 470 164 448 182 390 13 387 401 325 178 744 741 165 400 516 525 914 95 84 533 174 739 390 846 682 463 79 563 526 968 254 823 610 622 681 600 240 477 884 133 569 768 19 424 142 172 753 594 800 918 299 563 333 851 534 332 936 564 849 558 880 897 492 959 431 450 547 768 146 518 680 598 742 599 588 786 483 808 72 502 807 265 993 177 50 923 22 479 697 706 770 556 819 746 302 239 721 724 323 112 105
146 335 779 722 501 216 354 76 233 894 452 463 987 603 208 863 268 324 239 542 347 956 197 497 333 570 603 721 997 971 140 474 719 819 463 454 287 4 173 394 86 547 593 596 514 513 232 111 160 689 244 442 26 363 914 975 376 24 621 224 460 405 941 456 675 605 23 775 707 453 11 393 731 238 36 159 789 370 436 986 730 296 816 136 808 525 595 983 770 327 362 58 673 195 684 85 898 791 255 677 218 334 186 752 784 949 288 223 152 37 824 496 789 55 960 535 339 112 276 692 179 522 638 280 534 3 54 312 798 266 121 174 806 608 336 562 524 690 292 812 750 365 971 849 698 757 138 707 509 19 638 909 973 472 595 149 303 862 177 165 295 514 588 598 55 431 33 573 505 920 241 576 601 622 446 650 382 308 258 363 760 286 991 814 240 782 4 396 718 869 441 539 433 606 327 311 840 558 287 118 281 506 349 801 924 717 633 394 646 549 924 808 856 875 852 372 684 796 444 704 73 866 15 688 876 710 623 511 1000 809 495 794 904 320 839 74 117 400 351 456 953 462 371 368 399 391 105 890 461 96 146 986 659 558 89 754 217 731 592 804 4 990 667 864 523 268 452 892 659 883 825 841 777 545 655 468 618 386 448 335 822 203 166 460 216 789 24 520 624 1000 398 267 961 883 449 187 61 27 796 509 652 319 653 673 377 630 867 161 63 128 884 70 90 350 447 620 769 61 520 52 441 519 605 492 340 758 109 581 997 934 363 460 969 222 123 117 67 783 713 581 456 815 45 275 191 241 736 632 112 982 49 785 18 854 622 170 930 729 29 830 489 659 234 939 731 207 481 789 734 18 301 721 929 105 333 686 311 123 514 811 151 224 482 549 725 54 307 606 410 85 773 398 896 881 113 425 167 652 630 389 47 558 217 366 248 305 361 716 610 439 224 939 270 443 987 772 553 216 370 596 292 207 945 859 442 801 401 654 467 719 898 260 749 259 435 465 544 631 353 357 722 299 976 820 194 3 829 539 454 66 194 465 409 533 207 773 771 119 717 852 728 438 536 210 790 711 298 472 218 420 546 9 229 189 758 314 841 347 598 619 303 759 79 400 259 317 81 489 736 708 520 789 238 198 45 176 763 657 830 741
675 827 483 737 970 126 728 484 823 625 931 123 911 889 77 25 524 501 83 831 509 880 899 394 62 833 915 464 828 907 55 12 547 485 914 206 897 62 785 388 485 470 495 491 615 894 843 453 268 155 573 5 717 586 539 462 203 861 886 924 463 408 992 714 616 884 614 811 601 229 266 29 505 707 649 608 798 680 120 769 888 749 695 375 393 837 901 413 425 655 438 552 622 794 680 222 430 379 39 758 379 748 602 675 948 20 237 107 921 946 502 714 971 494 780 362 574 392 406 956 37 81 61 199 723 163 220 212 178 674 739 372 680 102 57 902 666 966 6 667 456 119 276 934 223 320 22 911 932 478 327 277 24 267 865 960 870 116 290 672 868 57 243 583 332 971 598 8 756 24 70 974 796 418 39 917 422 463 240 918 434 202 991 997 542 918 127 475 747 375 841 646 194 344 48 834 134 708 787 271 482 585 301 978 332 639 392 109 87 785 617 597 196 712 979 326 853 924 191 613 317 532 121 215 876 10 592 641 973 742 211 16 880 318 994 161 58 684 698 226 181 714 266 923 930 727 178 780 433 88 608 650 488 413 630 794 318 821 763 618 4 604 120 481 332 705 346 241 205 68 979 959 311 440 469 389 629 564 696 771 301 152 715 267 372 672 308 741 71 482 144 133 740 657 90 113 186 480 404 758 687 641 686 521 694 765 842 741 418 808 890 859 858 427 715 788 682 907 284 74 435 3 969 325 226 445 396 5 852 976 292 868 941 236 758 114 919 765 768 490 836 332 40 820 956 380 131 837 665 314 820 571 236 626 148 918 101 817 888 27 354 451 961 815 889 718 724 598 948 133 718 828 886 232 988 863 828 605 113 762 425 489 11 82 395 818 187 395 44 611 9 836 529 185 292 499 16 907 311 175 480 367 88 124 410 455 160 465 741 360 557 42 72 358 690 449 222 819 368 966 995 378 405 194 778 712 737 294 92 270 595 321 891 812 668 63 633 640 118 184 43 318 952 139 670 260 948 554 302 688 787 996 454 765 880 481 66 609 774 545 614 788 923 780 494 129 76 82 704 1 385 636 428 728 906 802 361 319 664 956 484 833 661 518 860 768 425 611 867 651 569 703 262 656 719 427 871 169 891 568
762 194 656 816 548 132 192 927 576 796 900 6 428 273 800 999 461 825 191 980 855 323 72 802 215 455 32 522 370 675 970 145 966 672 686 793 903 749 576 821 219 797 989 964 915 181 649 111 773 659 943 769 669 236 181 877 810 201 818 47 201 120 525 591 151 633 825 658 926 399 753 538 830 935 905 924 629 589 443 164 683 869 51 316 817 706 960 144 537 994 440 800 9 778 674 22 179 70 734 487 747 24 363 122 489 28 670 423 754 785 179 268 312 525 981 660 910 902 839 923 687 447 706 799 23 141 649 537 409 499 47 430 834 413 426 561 93 210 792 435 844 365 737 856 628 762 648 749 381 593 925 414 24 11 502 92 981 151 789 945 103 987 617 824 481 285 92 555 620 97 732 277 367 191 787 232 694 85 754 991 256 894 349 870 989 224 969 291 742 691 584 880 247 253 334 210 51 586 300 983 503 173 859 845 903 91 994 577 814 221 697 247 125 750 781 278 483 759 704 168 172 656 504 113 18 416 937 667 311 700 503 542 135 97 998 54 561 999 474 1 595 973 468 57 560 621 356 446 651 970 64 70 644 262 919 83 559 752 714 823 713 529 477 732 508 140 59 573 754 45 304 683 784 744 342 925 368 78 502 539 199 926 132 180 852 483 988 455 653 909 814 440 340 274 337 666 656 807 671 541 6 408 880 599 678 54 593 130 592 384 633 615 187 260 361 552 141 859 52 252 90 519 869 772 62 687 509 575 963 410 731 83 154 175 50 918 231 392 255 640 538 220 605 340 576 764 534 771 241 36 702 195 250 114 694 591 593 180 868 524 535 736 783 619 833 74 517 89 268 598 521 118 797 471 166 553 37 901 923 575 132 984 435 827 759 619 339 393 467 664 55 35 775 434 519 717 434 338 674 248 131 81 219 253 734 930 336 866 822 788 428 614 968 499 898 316 443 394 754 715 702 850 543 243 847 686 969 104 539 835 7 492 530 134 547 111 220 516 692 974 383 395 674 600 530 200 242 310 809 739 492 257 660 150 89 827 343 357 774 450 322 986 849 655 150 735 248 63 762 220 775 223 245 538 926 982 121 63 401 89 285 523 633 21 165 587 81 43 605 815 595 534 700 112 609 798 117 802 322 863
501 789 620 484 949 97 916 773 87 95 286 835 942 261 586 166 884 911 41 699 358 390 226 450 14 199 777 922 435 868 931 667 39 731 731 527 607 547 319 749 556 801 349 324 434 951 637 846 89 322 448 450 449 57 86 862 965 763 840 843 175 866 412 151 760 68 312 208 512 165 917 15 887 580 387 877 43 569 596 384 866 622 871 905 805 750 88 419 468 635 991 981 9 875 258 609 691 339 804 293 888 273 238 393 8 761 421 298 832 279 962 771 91 519 570 902 127 230 926 788 122 264 203 374 804 887 45 35 2 128 677 710 310 546 656 536 533 117 188 835 829 680 735 672 609 45 705 229 228 35 809 308 603 434 240 415 113 313 576 437 728 475 687 647 236 692 7 761 455 501 176 276 802 216 336 271 943 326 550 564 956 304 605 879 391 978 871 158 349 154 982 734 7 477 647 397 246 109 335 21 165 644 780 432 841 419 327 542 9 207 271 161 583 522 665 970 268 212 716 307 918 105 287 369 379 336 722 672 200 263 421 537 682 330 551 366 815 629 817 420 658 643 142 434 478 772 221 141 13 31 145 112 14 934 394 778 665 587 367 351 1 239 301 283 354 530 720 886 796 30 101 419 576 992 103 355 129 954 481 309 101 220 478 78 105 735 751 533 567 537 380 142 124 10 441 499 964 789 397 323 229 494 720 733 138 226 829 104 224 573 677 535 8 194 94 653 782 925 947 149 327 813 593 592 511 359 979 573 251 352 739 885 82 243 421 198 478 893 938 508 39 902 983 822 404 771 594 688 505 9 862 647 313 330 303 692 759 713 617 545 491 564 838 795 443 148 262 43 943 728 929 194 847 416 715 301 279 241 745 744 315 735 644 38 937 654 698 504 171 906 439 364 315 126 490 109 283 388 87 636 845 493 50 579 784 437 91 658 969 94 457 3 334 681 745 509 867 45 786 567 843 250 100 379 340 994 501 672 913 638 333 213 570 241 59 579 861 7 553 344 690 588 946 431 724 149 810 190 481 694 208 839 97 94 70 517 658 26 839 789 187 420 290 569 120 139 898 873 865 380 724 678 674 578 605 85 607 481 214 119 376 131 39 525 697 651 149 479 726 261 958 379 686 4 547 538 562 898 275 136
259 865 365 204 968 791 36 111 921 125 762 535 585 776 497 278 69 882 233 231 129 621 424 519 12 216 332 62 952 514 384 361 930 214 736 13 93 475 108 853 794 572 51 933 269 646 858 125 930 630 431 855 833 890 742 144 625 919 518 264 288 96 398 366 588 870 935 169 254 238 615 727 984 196 48 814 591 297 966 185 540 897 312 350 540 352 704 472 985 195 725 91 603 717 100 990 508 611 412 62 412 427 628 237 64 944 930 669 369 598 367 625 171 229 617 28 943 457 50 978 678 120 312 667 322 939 967 68 114 418 805 934 678 853 157 156 93 841 996 678 483 984 55 461 745 530 782 449 814 570 547 495 623 863 77 5 889 914 724 225 871 466 925 160 793 54 728 644 55 252 81 471 473 314 628 315 874 566 358 311 559 141 10 25 962 977 841 384 867 801 99 67 986 543 405 798 482 364 230 337 196 490 219 808 476 956 630 457 879 973 384 906 215 78 746 674 417 329 746 553 999 413 879 708 896 750 650 23 225 549 928 969 566 780 396 431 424 438 989 914 361 655 30 123 321 327 284 726 53 627 460 378 238 275 349 288 100 539 974 546 987 543 535 416 249 953 185 886 714 685 499 496 587 429 509 534 935 842 195 489 638 171 875 78 381 758 907 840 280 632 780 694 426 636 127 453 70 435 909 284 684 436 765 279 794 277 784 137 728 441 459 685 618 919 820 799 348 530 987 999 372 673 32 191 143 460 491 31 282 348 788 510 725 143 353 828 495 185 951 732 68 69 273 335 625 538 704 6 459 208 297 594 289 393 208 430 76 377 940 795 828 40 883 378 375 565 217 823 776 292 48 172 666 819 217 199 802 643 642 670 20 28 289 264 986 752 980 592 641 963 42 593 96 340 896 858 36 162 261 613 68 569 315 363 435 707 118 405 470 821 939 599 114 276 853 119 262 32 133 558 426 227 279 443 97 195 613 714 442 40 869 521 610 990 361 642 465 670 934 531 795 107 623 409 583 574 787 306 925 157 557 866 48 675 845 586 56 449 896 862 762 827 791 65 349 514 462 59 236 539 810 949 280 494 28 455 374 947 116 331 212 215 414 740 821 196 256 226 486 201 40 692 86 494 900 622 811 373 609 869
152 588 594 496 735 170 320 792 550 175 127 158 375 315 148 954 687 492 459 607 927 191 428 746 667 949 830 125 886 442 757 343 220 771 655 382 377 558 492 789 634 450 60 114 230 735 327 782 503 733 896 509 673 381 269 126 34 56 453 837 908 492 501 914 824 14 585 483 225 500 234 139 994 638 188 381 194 211 543 605 272 606 647 73 55 814 676 529 497 245 222 581 810 708 506 380 738 354 91 779 116 467 288 50 942 739 29 370 414 318 891 818 694 330 162 302 750 963 409 142 931 80 816 723 461 213 539 418 579 211 122 847 827 972 580 204 368 193 129 290 48 683 749 130 965 814 15 163 923 149 744 997 459 775 264 569 914 999 248 275 541 206 425 556 289 402 106 789 52 908 76 555 997 18 81 392 407 772 263 229 795 286 40 26 549 431 728 548 141 817 671 784 138 926 558 972 419 253 389 445 902 56 392 485 172 777 391 981 473 629 723 225 248 553 290 166 21 725 128 843 128 81 348 54 416 336 60 908 174 937 534 656 897 822 790 66 790 97 220 200 109 562 3 530 61 726 422 560 367 929 680 618 810 663 285 697 604 616 131 269 559 792 800 249 831 933 391 179 535 842 347 310 320 335 579 13 912 344 607 453 616 16 711 952 733 816 733 389 902 572 390 25 485 101 930 353 500 197 694 18 793 401 645 48 277 553 16 43 171 518 479 81 743 389 525 856 331 870 565 883 595 10 483 477 476 486 168 640 517 146 618 161 870 802 662 558 46 679 497 789 561 767 611 248 577 268 289 542 624 189 55 31 820 327 232 757 604 268 326 358 438 465 724 791 216 161 944 777 382 274 626 352 375 502 536 738 928 84 100 541 12 118 612 693 240 859 285 348 83 615 952 255 500 317 696 166 99 961 975 855 962 660 94 516 97 179 223 856 819 428 640 261 633 93 615 810 886 180 276 434 629 918 130 364 474 2 931 78 880 557 669 677 294 442 275 21 862 193 524 252 65 125 740 878 182 87 784 54 903 439 672 866 183 298 473 229 980 599 175 864 651 32 149 964 651 475 601 409 694 812 265 98 350 644 930 293 34 215 738 66 783 892 412 890 408 535 333 207 282 571 651 858 896 452 72 802 871 382 925 493
612 7 397 96 828 732 182 143 256 112 870 84 733 204 504 916 607 646 192 465 264 354 713 499 329 624 481 26 885 347 230 147 975 879 823 231 6 228 946 615 726 64 664 556 171 989 975 1 810 28 558 588 693 340 992 191 241 68 449 428 16 858 790 691 252 565 80 535 495 186 108 109 231 766 983 308 552 441 313 572 472 220 538 519 379 100 103 276 228 112 344 454 529 78 848 782 168 827 634 236 882 579 554 433 920 562 762 176 505 7 823 319 484 586 870 226 261 117 604 229 890 757 443 507 678 117 521 953 832 480 433 546 692 970 291 436 491 392 710 109 158 462 540 774 107 122 170 650 472 818 990 475 966 990 397 905 540 61 964 210 348 466 961 324 5 833 632 549 313 484 976 316 532 358 667 890 827 974 525 396 139 868 873 672 716 235 388 25 235 667 21 469 996 117 736 121 816 684 511 213 400 783 47 478 136 373 508 203 402 315 172 57 26 542 592 820 638 757 102 328 51 390 768 217 228 394 207 592 640 193 718 113 958 197 264 121 864 26 335 190 435 614 198 509 580 535 660 636 812 379 63 330 963 235 475 330 722 204 579 682 715 19 419 282 31 715 263 545 868 593 154 630 905 709 994 949 593 748 917 854 71 817 146 92 346 790 219 980 841 445 974 510 245 454 392 149 41 768 491 554 318 489 50 653 461 720 870 909 70 231 183 840 356 434 796 228 556 404 85 578 593 288 565 778 535 212 476 871 956 921 957 379 507 699 422 363 176 50 950 428 162 638 382 420 974 496 578 576 228 46 348 895 994 253 310 624 770 743 575 101 442 765 671 20 427 231 813 606 946 972 169 523 967 481 344 338 392 248 415 484 174 696 139 286 202 377 70 607 245 613 995 644 181 505 312 214 42 454 374 432 953 198 152 233 85 167 421 515 251 645 854 751 270 893 85 486 587 149 653 78 150 810 484 953 217 900 141 703 115 308 96 312 722 390 818 916 710 39 787 966 621 565 42 75 946 17 144 684 594 79 954 397 454 899 364 618 834 317 149 644 901 286 178 843 991 352 545 537 225 540 574 936 707 341 980 589 876 344 111 386 365 955 683 861 684 958 486 855 309 294 879 685 969 38 938 774 635 545 783 679
671 691 535 896 670 978 70 913 864 405 886 723 945 725 360 331 444 801 540 589 542 56 451 296 130 4 149 223 435 770 966 565 534 693 297 974 724 887 831 285 977 412 986 549 563 967 628 152 490 749 729 350 215 576 729 138 242 965 758 851 973 87 475 815 33 600 345 273 179 957 1 444 59 117 248 865 529 765 87 589 795 863 898 690 641 560 390 990 853 567 166 99 908 894 818 855 923 807 165 411 205 356 675 901 699 644 977 701 722 789 707 674 216 623 233 60 499 551 566 865 403 673 646 608 755 164 317 884 344 454 992 591 576 410 856 105 217 527 622 138 947 447 440 583 297 238 725 439 23 912 458 28 611 982 551 204 251 861 381 435 959 406 412 248 284 796 421 227 7 674 912 796 846 397 14 833 168 584 550 139 236 455 447 47 768 472 273 279 797 793 486 676 459 567 666 947 558 425 917 430 696 812 722 694 569 454 250 420 428 178 6 128 933 911 551 148 841 515 947 269 350 101 411 214 326 603 650 402 252 735 393 513 716 892 140 40 341 284 210 920 740 366 225 520 759 672 217 909 456 512 339 158 633 407 791 729 54 614 395 155 360 458 708 495 355 226 209 577 752 99 350 448 731 171 673 194 676 11 587 730 61 534 50 377 303 172 264 71 819 738 444 912 497 470 147 977 312 144 765 593 826 614 30 687 476 962 959 81 974 583 437 265 974 365 739 107 995 623 583 455 295 781 622 156 871 196 103 943 240 342 100 259 963 634 631 581 112 727 364 482 309 899 702 250 745 7 150 265 322 759 521 329 44 450 866 807 701 324 39 696 650 933 540 316 49 832 371 809 600 491 474 205 46 99 162 766 976 858 552 22 491 244 27 898 585 382 454 687 310 886 959 234 781 642 500 266 83 692 242 734 905 430 319 871 12 489 901 143 106 670 533 866 778 386 406 421 725 930 741 570 913 265 643 475 810 620 821 825 33 448 545 167 954 759 835 576 965 311 318 583 908 563 856 179 393 113 942 596 173 224 163 477 202 555 17 733 561 317 425 267 463 165 424 131 299 711 716 341 600 869 255 729 132 343 741 958 625 881 52 70 458 878 478 109 609 976 918 88 71 453 896 234 366 946 272 834 322 126 784 894
810 754 349 779 453 787 523 731 27 485 555 308 603 625 454 233 730 940 473 350 331 925 689 933 522 690 577 298 20 268 96 486 759 445 319 499 688 458 232 599 119 167 811 134 867 292 99 890 796 258 365 182 316 26 255 647 701 362 211 855 689 320 543 793 403 971 350 761 448 225 823 61 865 514 37 905 645 884 945 327 89 975 183 994 604 595 154 799 2 331 884 809 458 725 644 116 51 338 916 111 166 44 654 361 70 500 184 167 343 340 783 681 173 205 557 99 912 140 11 347 667 48 581 57 23 501 50 923 59 141 725 257 779 867 137 223 381 714 418 71 429 294 294 583 359 268 482 8 189 69 891 552 219 38 196 366 535 919 319 527 245 852 505 408 280 580 639 121 850 416 895 492 558 335 912 59 410 345 163 140 888 58 938 853 588 342 97 14 623 492 986 171 197 672 803 497 367 79 994 59 812 457 52 220 185 453 411 543 390 404 282 476 474 2 961 622 15 326 283 85 897 35 201 145 397 746 346 542 743 357 572 996 323 67 954 797 465 440 78 943 392 500 254 231 572 814 35 338 908 589 89 314 283 327 4 985 329 868 592 637 731 773 95 969 664 358 4 842 469 540 620 778 941 265 380 111 598 510 886 683 881 908 261 598 298 216 467 861 6 180 233 369 827 584 358 880 948 576 957 496 239 328 501 119 107 605 696 875 471 111 403 888 841 541 727 915 930 294 653 165 507 767 423 327 569 984 948 902 131 425 324 716 302 448 789 639 826 209 35 138 361 792 706 330 70 580 887 834 525 6 610 209 110 613 840 902 105 370 703 282 66 935 624 971 134 695 171 132 219 865 28 989 73 84 337 439 101 229 9 131 646 850 488 247 243 835 670 271 95 669 465 522 838 658 789 225 137 915 279 665 609 233 471 443 858 962 144 153 426 688 531 48 533 932 729 858 612 59 196 495 770 703 60 333 105 230 36 973 457 797 961 958 136 555 829 388 95 521 111 267 332 917 259 494 653 221 670 766 819 872 985 344 948 418 623 654 4 953 16 130 209 387 141 97 333 639 384 425 705 994 653 418 195 700 298 196 240 993 643 121 960 428 856 497 453 999 509 84 162 191 56 184 675 739 452 787 494 263 267 566
523 914 513 110 925 845 961 241 607 397 167 426 126 441 819 649 954 881 781 709 995 96 254 650 214 694 587 436 148 808 750 142 909 597 701 313 69 579 164 667 542 436 968 185 39 980 891 3 229 965 936 346 782 885 24 23 654 624 203 313 985 850 37 832 352 781 705 900 519 203 455 3 439 513 417 598 639 820 20 532 182 812 380 364 70 662 727 22 960 863 100 449 579 906 205 647 926 668 755 669 175 284 601 229 57 330 546 597 616 823 530 414 540 47 176 429 730 612 390 349 874 896 429 230 535 698 385 649 101 152 627 93 414 617 850 470 810 398 76 997 688 787 210 626 178 681 124 740 644 918 451 158 213 206 495 716 54 613 798 599 79 622 671 304 410 149 418 304 852 836 725 935 159 869 399 909 827 205 728 64 935 190 249 751 19 862 399 683 16 239 258 949 465 375 633 249 309 531 736 51 113 228 271 51 884 204 213 865 342 429 670 266 101 898 629 719 13 313 267 432 510 61 189 587 53 8 346 635 277 47 226 228 608 646 213 835 585 583 652 247 929 101 425 551 117 96 455 469 638 536 604 848 131 541 59 915 999 871 423 885 260 245 109 407 139 815 988 461 767 173 983 893 696 983 209 963 861 540 372 775 8 997 1 883 605 541 444 749 722 224 542 185 122 48 627 888 254 924 737 508 88 645 603 783 405 241 300 394 891 634 991 391 525 892 659 891 42 101 41 683 543 155 279 174 864 854 323 724 931 164 735 235 484 475 87 408 109 150 918 104 319 526 59 904 947 636 169 387 961 385 850 941 26 287 174 83 372 756 108 986 668 800 905 365 726 909 841 217 335 873 698 347 517 105 432 590 196 262 76 948 536 648 470 107 47 412 909 922 110 124 878 995 870 805 220 493 950 885 872 476 405 130 661 900 276 606 36 870 318 213 314 74 397 2 674 788 40 690 781 772 19 244 635 344 409 618 837 996 805 845 282 582 823 364 553 505 607 606 211 94 256 357 829 898 913 708 384 5 625 257 414 850 475 469 208 747 705 909 147 410 874 860 912 578 863 870 108 747 79 816 315 783 266 859 37 880 444 908 851 915 520 261 127 12 88 68 475 17 610 918 771 332 233 270 958 444 686 802 540 977
506 723 138 651 615 957 602 316 417 196 671 287 112 172 894 380 20 546 989 483 804 181 389 182 961 614 294 238 60 907 426 217 356 550 53 742 536 496 762 396 950 642 36 677 998 581 10 847 275 814 275 908 298 720 349 641 474 727 105 955 976 518 971 399 475 24 938 229 847 600 118 921 111 855 757 663 839 362 91 276 444 597 519 359 461 528 254 743 183 473 528 615 985 756 174 64 434 661 790 984 92 642 14 7 994 132 317 621 770 430 715 993 914 263 471 502 277 300 175 762 622 541 707 813 347 602 850 763 104 332 471 754 1000 461 97 981 457 753 993 477 318 515 915 670 791 72 604 227 596 59 893 644 461 235 785 464 563 129 40 1 157 253 124 844 738 922 4 190 285 566 473 826 468 332 144 324 485 761 615 985 604 873 848 394 753 708 67 465 918 171 660 628 62 975 561 355 50 362 226 542 870 482 404 886 588 166 148 370 661 388 311 984 353 470 16 708 240 71 19 882 542 455 380 137 313 543 542 442 281 429 165 620 41 580 318 451 958 873 928 949 688 283 723 195 493 293 690 759 383 852 982 554 900 180 459 661 918 52 345 138 874 429 168 315 272 169 101 272 511 928 339 969 376 788 234 115 834 370 773 263 392 669 647 9 101 558 658 580 65 644 80 128 241 583 541 783 176 4 942 749 868 300 708 769 704 347 981 381 267 620 405 425 553 292 575 967 534 210 893 615 692 459 234 55 99 932 946 873 363 52 931 515 446 387 895 712 556 951 687 832 986 491 674 128 808 788 885 834 676 879 604 466 695 838 488 671 91 286 457 820 876 933 749 56 180 419 23 3 374 475 633 833 231 531 959 265 281 296 869 651 341 223 503 810 165 678 983 831 232 769 944 185 332 393 328 105 416 823 931 517 260 18 834 607 915 893 803 253 445 304 140 972 747 521 260 676 137 728 573 881 937 913 111 389 768 807 510 903 271 186 826 971 548 972 940 704 895 18 793 846 784 918 262 187 164 709 26 849 347 978 937 649 530 20 693 239 834 906 745 471 392 217 888 103 427 510 180 917 849 159 446 754 678 108 182 416 543 537 788 102 29 986 199 687 577 957 9 658 597 430 181 495 547 426 500 745 854 565 758 283
391 558 230 951 150 57 880 844 177 692 518 449 151 93 70 214 134 639 677 732 7 224 904 677 722 766 40 298 126 433 747 329 312 527 580 491 119 125 863 515 845 284 402 867 115 483 806 776 596 443 537 999 810 465 131 442 137 91 234 939 253 82 518 151 261 524 410 972 527 564 891 587 470 613 110 144 323 82 761 31 690 490 287 751 683 965 51 286 959 111 33 749 105 431 739 212 267 987 296 620 366 595 445 385 724 505 671 963 956 815 171 95 985 320 350 290 654 865 363 809 187 127 485 741 54 206 968 205 54 202 591 89 5 111 233 228 379 44 346 133 34 689 73 333 141 94 420 669 556 513 568 95 472 395 493 769 823 336 323 168 747 200 803 77 377 224 99 186 216 206 339 703 724 148 73 122 234 971 355 567 451 75 615 983 712 529 788 372 939 177 120 484 342 640 814 658 538 494 649 407 250 102 661 947 133 17 61 198 320 167 701 677 659 617 959 686 260 80 704 20 642 526 620 917 936 717 999 213 84 519 749 829 297 553 585 779 110 285 346 513 440 472 739 46 900 373 604 865 267 959 387 468 215 997 685 453 397 556 332 441 326 347 309 969 18 209 933 546 772 214 495 344 197 878 45 57 95 982 452 785 910 449 290 837 535 517 175 888 908 125 894 90 59 65 456 706 19 307 931 174 403 623 848 755 112 535 267 786 123 123 794 764 420 887 504 688 153 497 379 33 54 23 649 686 85 4 948 804 436 741 665 589 396 974 806 75 625 684 725 866 669 564 840 715 266 789 307 961 769 365 313 658 187 1000 637 377 815 818 518 37 592 730 44 256 359 103 90 132 328 436 598 368 701 688 514 316 952 831 963 742 688 125 648 564 564 962 115 548 565 31 873 198 634 552 563 800 220 153 47 334 173 580 677 519 713 103 457 351 547 531 75 849 307 325 164 361 771 401 875 59 539 923 953 454 22 728 457 808 307 339 822 322 146 24 76 73 969 140 393 849 758 252 246 543 438 947 835 880 34 715 163 990 382 653 695 295 961 179 289 955 525 747 279 928 190 304 75 895 331 12 847 32 74 379 948 213 867 118 49 844 976 161 257 301 858 258 132 427 600 46 721 750 200 335 450 898 144 375 495 81
67 638 457 651 923 804 938 411 228 68 760 109 939 880 304 765 181 402 156 673 877 991 52 390 430 715 285 6 33 730 280 586 455 813 692 846 337 809 973 437 347 998 160 444 437 163 1 52 976 105 607 831 745 345 859 539 246 40 271 938 404 207 850 113 294 923 155 109 880 949 942 269 441 660 128 44 365 173 963 255 497 560 738 622 752 903 699 944 511 745 395 234 114 587 754 707 126 537 964 739 533 355 817 346 986 406 139 223 505 238 276 249 671 498 205 237 961 954 819 990 625 363 259 975 428 270 979 946 816 879 601 234 632 487 331 918 954 802 704 527 911 823 819 254 60 281 788 311 180 25 445 54 682 319 377 561 975 897 340 278 739 251 704 67 340 669 684 274 359 558 738 249 164 93 517 991 979 567 926 88 152 747 448 37 692 303 100 862 837 503 842 46 524 149 898 991 254 395 788 365 934 702 882 773 34 687 953 149 320 512 362 457 568 154 854 544 806 760 540 381 671 779 741 689 353 844 41 231 954 721 680 926 905 651 823 42 966 344 990 984 452 539 437 778 593 524 126 379 130 869 40 507 618 44 549 606 352 76 199 360 971 704 246 672 287 831 627 155 584 714 454 270 963 177 84 639 819 240 527 907 777 1 977 984 681 637 403 659 609 773 332 528 549 749 311 850 775 674 164 583 489 549 802 411 295 551 701 900 502 176 434 692 260 111 282 515 68 230 769 389 411 221 846 181 40 94 309 496 961 721 450 994 498 344 635 710 207 482 519 755 760 12 528 670 195 354 521 34 735 898 440 343 458 436 524 268 864 938 969 585 566 2 234 17 526 489 201 494 960 689 78 184 21 599 208 851 324 371 172 815 41 774 397 943 261 908 306 676 199 799 301 254 461 940 460 716 963 570 548 510 247 676 60 21 631 196 340 252 218 775 650 920 827 636 698 188 193 57 499 685 908 67 752 603 490 542 320 532 118 666 406 482 824 475 362 270 692 506 822 753 53 381 99 945 543 397 312 8 784 64 807 370 635 754 534 832 295 97 86 633 230 45 784 877 863 719 889 535 71 459 220 909 587 790 8 656 161 658 753 714 867 644 469 952 680 844 580 445 715 252 729 861 297 543 96 387 940 44 195 310
425 71 126 708 829 206 592 218 960 585 887 871 187 326 363 295 754 114 709 822 324 799 963 234 679 574 910 90 697 658 697 810 669 106 424 55 42 758 393 773 807 931 929 548 646 60 30 329 882 759 26 137 875 100 70 882 859 213 343 222 12 168 145 845 201 678 677 48 901 364 155 209 741 199 985 870 280 936 127 283 16 456 837 168 678 639 422 444 601 824 703 475 462 73 683 4 546 653 658 927 369 866 477 500 550 405 417 785 119 540 970 35 119 357 809 516 717 180 234 24 588 499 729 424 348 711 805 968 130 145 125 372 313 394 38 651 937 157 746 427 798 923 544 719 583 809 712 302 257 14 44 146 905 995 319 998 400 929 531 226 975 712 310 752 823 768 867 940 698 809 576 4 285 985 716 531 420 987 813 272 354 304 356 645 859 360 203 367 946 311 440 706 815 299 764 104 651 907 197 690 931 664 203 665 205 588 42 27 213 444 979 202 450 489 606 699 3 509 798 700 131 672 237 734 217 856 149 164 550 176 12 585 74 409 532 747 376 171 440 591 509 347 860 984 136 548 741 513 182 716 50 170 222 8 156 742 836 342 183 105 67 277 374 109 886 509 248 783 114 610 393 515 772 622 500 942 595 476 488 310 654 707 333 117 935 668 210 958 64 538 755 58 767 608 111 510 389 522 210 459 792 478 165 491 950 721 826 477 800 992 108 195 763 943 959 706 128 801 257 49 912 186 94 853 149 889 81 871 145 994 105 828 449 49 547 714 109 857 238 170 262 636 296 650 553 551 793 639 192 446 59 933 61 479 939 942 224 392 169 582 587 648 526 812 517 37 975 920 749 12 344 999 700 258 963 603 645 351 643 928 150 730 783 261 649 737 202 850 995 862 884 643 442 932 593 56 830 841 2 433 30 246 342 267 400 938 105 250 143 787 784 207 885 350 447 525 203 478 811 714 721 365 641 683 434 773 990 70 271 304 617 4 764 105 895 358 789 93 355 135 272 976 257 553 978 325 206 845 895 443 338 700 77 356 200 400 707 922 1 559 407 96 722 88 55 226 509 796 33 723 949 992 636 249 497 119 49 669 624 428 268 225 505 16 930 620 657 296 217 377 855 323 53 720 274 332 422 126 513 84
398 502 849 673 415 77 727 979 776 322 53 654 52 99 732 472 379 483 351 471 435 184 598 21 525 244 357 443 161 145 283 498 264 788 657 983 479 160 590 435 179 152 489 649 636 517 450 611 319 811 344 597 472 915 935 586 145 117 378 166 845 174 271 694 765 834 461 549 40 233 877 338 266 350 789 671 810 89 484 733 533 254 199 847 166 887 411 880 691 49 62 802 628 422 456 210 613 249 849 125 749 676 412 321 64 708 677 557 123 200 546 594 487 711 261 384 32 960 823 520 223 989 564 216 463 794 466 377 220 362 559 942 595 436 873 975 92 40 805 496 311 256 921 997 725 781 104 202 757 925 517 273 639 616 567 8 664 957 812 233 596 669 228 112 143 517 523 780 71 525 898 63 233 129 898 717 405 891 762 745 582 359 605 523 822 107 354 302 664 346 774 203 340 240 446 777 845 498 212 280 918 219 82 619 627 358 569 58 981 371 778 892 728 323 242 475 542 300 302 320 897 647 530 517 315 129 286 929 838 590 536 29 609 74 112 63 806 89 120 146 714 120 825 750 726 127 235 677 83 540 842 123 244 935 445 101 248 578 893 371 784 545 552 268 853 112 724 624 763 131 927 959 481 87 473 630 182 856 114 656 479 627 244 608 705 937 199 724 876 789 91 371 847 261 165 199 666 249 858 311 61 548 104 300 829 897 500 644 991 523 148 881 72 271 571 977 737 296 970 292 999 135 414 284 847 56 654 946 415 780 187 634 455 358 152 865 515 835 355 908 881 937 372 63 914 723 764 342 448 611 745 512 315 96 194 718 213 609 816 401 927 207 112 161 432 186 311 865 804 561 681 144 345 237 708 865 154 779 389 142 745 988 372 916 606 72 210 326 215 922 718 90 176 971 508 511 484 147 802 555 973 291 873 264 413 214 57 518 920 524 286 367 288 396 846 733 412 191 732 181 925 595 574 929 672 429 616 999 645 624 893 403 100 476 473 889 816 768 264 555 70 78 642 22 207 533 904 423 991 904 876 548 174 720 221 547 105 543 478 767 165 782 784 942 945 942 531 408 93 999 485 696 631 733 423 333 147 438 785 622 669 334 669 370 934 236 513 409 574 941 318 99 558 824 474 333 441 12 801 759
258 347 741 393 801 70 80 341 357 617 947 319 401 327 36 959 611 581 556 805 891 524 739 551 660 428 482 229 701 922 918 538 47 394 937 769 824 590 413 192 707 919 180 859 77 631 593 177 815 208 120 944 439 822 741 625 86 363 970 392 816 741 662 301 918 69 781 337 163 75 366 950 304 169 147 124 631 63 460 724 500 838 905 565 821 830 956 497 452 462 760 249 813 146 426 544 605 410 344 400 707 847 41 101 667 503 74 182 343 639 402 428 546 901 971 836 856 960 848 364 355 589 22 809 957 720 409 270 358 961 830 308 974 789 374 620 796 564 162 455 709 784 998 763 917 961 277 440 741 18 793 810 41 824 737 424 988 316 853 402 716 285 67 131 402 285 755 875 591 526 887 910 985 1 997 204 830 5 903 595 148 239 658 550 426 666 812 620 277 118 565 620 895 276 194 338 996 866 519 716 642 856 227 292 80 171 636 361 510 122 561 571 613 882 43 948 602 751 300 797 245 283 207 823 277 549 357 133 658 958 335 336 179 463 149 686 217 580 590 370 420 440 644 805 503 963 336 675 534 192 924 163 308 467 929 147 401 495 785 910 514 1000 567 237 394 954 315 853 376 498 368 109 107 989 148 82 970 860 122 583 217 521 507 315 982 967 734 121 221 421 61 504 467 630 861 548 524 585 803 408 546 788 641 535 895 555 134 216 697 829 245 594 558 665 518 178 685 923 153 329 22 42 41 708 533 693 658 659 387 623 860 579 37 292 732 934 763 316 155 233 834 564 831 386 933 851 377 745 352 613 303 439 479 130 850 697 697 982 210 442 47 898 50 723 859 476 255 951 119 738 227 809 281 254 218 10 211 412 421 13 381 557 320 571 261 343 203 584 837 698 192 975 221 685 260 466 839 381 729 871 813 820 158 694 616 578 234 333 334 177 472 141 92 895 544 849 22 946 108 752 272 889 473 122 707 7 732 234 278 475 424 321 851 11 371 397 732 490 5 659 770 769 551 474 32 855 521 372 889 554 177 581 733 615 167 137 722 895 235 303 12 549 91 721 899 476 98 548 386 785 926 476 922 777 583 743 610 606 408 543 625 848 794 22 781 389 133 696 39 600 415 777 776 455 698 954 54 173 223 742
186 301 890 681 130 729 241 958 984 484 776 386 742 5 588 920 491 448 409 5 935 71 603 114 773 698 450 917 702 605 42 529 764 354 624 497 446 129 778 850 264 400 896 679 981 885 169 491 895 277 619 780 349 181 72 374 811 688 311 498 903 765 146 382 478 773 985 879 387 659 496 846 769 119 651 863 278 21 772 833 458 462 683 927 528 111 983 655 259 968 187 215 274 643 131 150 872 3 481 578 253 679 379 382 548 95 231 553 430 629 975 319 535 326 203 554 1000 268 499 946 372 689 898 98 697 747 590 569 865 599 970 995 385 170 99 786 74 35 979 253 908 756 795 352 40 555 796 639 313 95 523 605 177 438 577 952 735 282 204 997 212 288 42 710 122 671 95 158 455 139 810 246 853 118 336 940 513 98 910 494 710 553 209 767 927 213 463 110 843 624 85 572 412 339 918 12 411 234 916 660 614 505 410 521 310 112 542 695 584 584 549 557 757 702 461 151 87 17 953 731 37 52 427 991 212 35 22 629 350 782 814 50 420 405 665 885 397 529 508 526 507 996 138 748 278 11 974 740 270 958 356 50 874 933 154 81 824 413 622 981 43 666 447 348 883 43 87 831 151 664 979 980 529 50 549 184 350 207 941 604 105 814 991 657 174 623 929 486 360 755 661 214 949 382 109 20 820 794 504 569 607 929 534 426 359 669 494 967 100 334 38 787 669 332 120 616 234 162 10 472 62 191 453 674 214 881 87 672 750 362 572 883 485 215 13 140 503 50 771 459 520 760 33 677 701 870 465 609 319 483 335 402 169 100 12 720 522 175 727 72 778 79 784 122 283 311 774 254 629 835 145 857 589 816 409 154 282 140 197 652 957 756 422 710 441 788 869 87 630 968 849 22 784 802 75 974 116 16 402 401 331 716 385 398 120 53 525 373 53 71 68 78 749 526 19 572 838 618 202 222 322 635 626 127 805 214 868 765 107 725 998 942 497 329 197 907 592 815 144 980 956 916 949 100 64 107 569 140 240 148 533 634 635 577 297 6 847 919 96 221 927 456 269 313 151 653 774 584 418 801 735 332 553 361 227 116 655 986 451 922 152 955 626 760 626 608 435 840 445 867 900 523 315 566 662 200 468 131 11 256
284 998 465 873 567 58 496 331 373 766 180 23 76 706 454 747 369 825 727 634 765 970 38 384 583 29 281 823 760 807 25 835 565 852 718 796 923 563 963 433 515 878 803 679 224 836 204 728 160 528 529 732 952 184 97 412 437 654 921 927 826 388 114 432 687 976 684 58 784 270 434 379 697 186 695 714 871 843 187 785 692 967 604 4 245 961 463 706 95 517 938 532 945 824 904 348 691 388 590 540 453 193 374 982 134 723 158 529 842 182 629 26 995 360 746 751 369 881 513 326 557 193 527 958 917 147 109 375 728 41 480 744 949 582 42 193 525 101 493 381 38 393 370 566 986 444 95 601 356 612 783 893 321 862 28 115 117 707 52 270 245 448 479 716 680 538 708 91 198 951 355 106 263 807 807 574 61 393 449 236 872 747 426 83 899 877 582 198 333 778 785 379 232 854 239 785 268 94 14 75 734 69 190 311 651 323 498 978 257 497 89 282 419 632 611 643 877 116 883 312 494 389 152 666 17 8 635 560 414 248 117 559 873 45 401 447 672 149 820 630 856 221 867 292 770 387 734 912 72 522 769 151 355 134 851 301 548 764 235 336 993 414 649 565 811 714 188 161 954 637 169 790 372 158 945 567 960 723 374 769 788 116 987 646 248 466 660 224 928 719 194 660 710 138 590 971 467 677 983 38 737 727 736 451 992 498 216 978 8 641 38 736 449 412 81 223 996 177 592 798 478 551 60 340 149 425 431 100 940 764 488 788 562 769 791 532 828 545 370 63 955 357 452 87 979 408 528 874 52 29 364 110 352 589 114 322 637 571 373 593 785 16 681 688 495 676 567 107 340 148 656 757 811 187 845 855 20 479 985 704 594 938 686 421 858 64 178 846 532 460 889 973 599 550 846 310 9 146 587 565 759 868 985 966 690 702 367 68 814 257 220 357 674 13 693 274 173 788 571 25 86 673 380 889 792 560 482 481 419 69 504 385 514 411 135 772 809 431 946 667 606 779 845 785 427 790 121 315 2 111 822 325 53 79 357 74 756 35 541 196 62 875 793 903 918 35 369 820 375 764 693 527 226 252 240 799 891 294 514 746 468 741 155 600 876 7 128 661 670 397 450 830 721 621 799 862 363 528 450 510
405 195 634 432 347 397 614 691 381 584 475 649 516 486 626 272 583 757 681 193 459 887 577 782 54 42 37 234 486 337 877 141 58 172 797 463 898 684 741 12 426 210 176 91 52 810 379 654 877 554 613 202 213 843 554 349 154 473 154 513 651 74 93 175 832 487 969 710 759 907 682 432 935 655 559 551 785 599 61 539 339 106 414 220 18 69 752 621 247 945 664 667 791 853 434 844 73 24 370 990 737 585 18 154 590 14 669 170 143 550 761 234 919 733 657 677 869 265 210 633 668 145 883 159 154 559 622 550 433 259 85 292 631 172 92 481 318 157 35 528 88 141 227 830 587 330 951 449 57 935 606 81 793 798 45 133 108 10 39 305 184 395 691 367 90 37 474 554 542 194 808 32 554 34 706 154 741 633 684 756 980 657 213 177 829 426 159 877 850 838 137 765 387 652 309 793 47 310 196 211 41 337 83 565 656 525 181 265 275 330 969 382 298 54 124 441 756 825 847 398 775 440 312 282 61 666 73 218 483 126 265 460 537 671 855 763 873 869 546 56 863 831 951 115 410 581 356 985 932 557 253 728 575 610 515 642 221 187 857 248 548 187 22 560 866 766 190 538 529 495 109 88 108 150 938 894 698 330 759 335 676 769 24 56 180 584 915 169 662 42 122 436 741 219 987 228 623 185 754 345 542 188 149 832 107 788 525 183 686 621 311 933 245 137 362 221 715 422 622 341 337 151 376 354 687 311 481 801 360 549 359 462 55 991 279 212 652 653 798 358 711 524 952 254 883 553 489 506 232 506 674 178 193 709 670 482 294 289 591 509 728 421 867 881 688 156 454 648 80 61 584 818 207 433 924 242 699 342 567 810 233 899 40 847 313 562 403 998 450 699 302 714 919 612 293 806 219 540 782 804 980 134 111 49 140 713 846 384 218 156 348 241 706 165 835 688 884 863 982 684 998 352 591 729 814 101 826 393 297 252 521 738 17 487 361 252 57 22 786 725 16 573 498 31 128 136 75 658 5 36 353 179 962 521 935 166 853 867 968 911 242 66 791 749 531 667 176 861 674 34 787 477 88 289 329 340 498 148 586 819 60 89 23 409 635 145 955 300 728 370 912 647 923 11 682 320 366 800 979 166
742 884 894 244 551 434 516 610 81 423 263 338 888 595 116 240 996 659 467 282 904 689 312 452 614 23 685 190 952 41 236 38 41 90 996 915 615 478 77 436 918 876 656 551 236 440 89 118 112 676 394 205 7 170 553 814 706 878 809 432 28 700 645 912 815 469 797 484 654 852 226 210 139 129 348 967 507 671 1000 806 664 141 638 594 198 796 284 315 913 54 705 395 398 975 368 7 235 926 747 967 464 206 247 632 994 119 761 497 654 587 553 90 636 189 193 681 41 966 759 659 25 338 584 970 966 934 951 498 476 476 810 671 463 610 629 321 94 951 168 601 215 473 916 569 277 930 581 779 565 172 54 473 815 930 206 427 231 273 69 944 470 884 453 294 413 186 81 541 787 777 370 346 547 977 735 229 64 691 949 941 87 214 327 784 140 969 494 927 955 195 357 165 544 379 209 303 332 524 592 676 743 275 635 816 260 126 83 62 867 792 568 606 149 50 944 122 413 279 595 479 575 608 76 166 89 462 52 565 564 475 881 277 955 351 331 414 796 684 992 706 832 150 626 640 78 593 362 530 824 243 548 227 634 747 396 763 964 618 793 727 385 646 697 686 696 173 271 887 498 875 360 575 345 404 660 304 923 313 500 888 827 459 799 145 419 55 47 455 103 906 76 743 356 531 261 633 618 289 822 118 524 686 494 279 825 995 504 921 781 555 509 788 546 593 966 339 768 130 830 980 237 761 84 846 47 730 463 360 474 538 881 363 279 913 643 287 391 629 87 986 801 253 151 379 908 571 875 252 361 201 307 17 596 120 771 554 526 953 762 292 543 284 578 398 457 439 525 141 112 509 812 480 686 992 47 74 829 760 32 409 519 910 484 783 586 830 472 210 326 818 768 604 84 490 787 65 309 617 206 944 736 325 32 662 827 228 252 509 972 801 270 918 866 370 217 32 766 603 370 52 763 193 671 277 54 101 5 869 129 265 372 918 189 324 470 696 112 668 174 804 910 601 59 185 168 264 600 900 45 795 74 702 633 955 551 770 453 377 574 186 922 967 489 826 855 875 248 386 574 359 550 259 625 139 904 892 663 246 571 462 540 892 403 493 761 44 239 641 228 330 143 48 809 9 489 212 46 472 391 948
588 550 339 559 948 994 902 703 612 328 111 527 309 235 162 496 675 215 780 552 993 811 633 27 18 702 939 287 809 853 538 421 385 106 633 788 56 756 390 617 27 332 764 45 497 126 810 413 771 826 566 854 988 758 885 93 398 665 13 251 88 655 945 494 511 543 528 906 452 283 923 686 582 893 980 262 420 100 514 692 931 421 381 776 770 709 158 764 409 113 394 335 627 710 669 94 446 970 822 491 715 210 817 709 266 356 698 662 202 25 783 489 165 728 704 656 713 950 883 182 719 909 653 481 664 70 539 692 418 278 875 756 452 465 27 790 514 963 822 730 287 297 57 535 115 159 402 329 174 79 82 73 892 473 667 895 254 648 742 692 548 740 348 85 4 238 932 762 377 648 196 23 385 458 522 897 524 488 373 985 60 137 335 733 675 578 230 387 871 244 569 293 889 581 382 992 585 465 942 104 14 165 532 154 571 252 850 951 866 566 447 772 201 30 309 637 260 777 920 534 35 645 384 937 307 527 206 851 794 529 681 963 248 403 256 641 365 849 745 753 494 531 441 90 729 372 63 198 958 686 922 431 75 692 2 354 370 600 839 752 192 768 542 84 892 530 92 735 828 631 499 745 830 405 410 357 295 778 167 559 357 284 234 238 674 310 997 780 860 951 50 967 973 267 94 931 914 620 628 584 824 373 151 244 794 223 788 129 178 388 587 37 462 721 498 738 82 41 243 98 75 862 442 848 774 300 622 347 485 351 622 437 415 110 53 32 118 473 577 168 156 643 494 445 759 623 517 664 792 547 723 937 808 802 770 258 286 551 65 178 779 752 801 940 719 600 206 90 500 228 59 698 648 861 347 554 533 865 127 578 183 131 9 413 21 731 548 585 490 833 13 422 784 838 601 329 446 847 648 680 557 935 569 835 642 320 286 737 495 4 425 340 193 901 571 605 985 161 977 26 412 186 968 346 836 932 177 819 167 830 955 836 654 23 884 521 430 536 164 695 8 263 304 581 274 555 677 889 416 56 20 705 30 419 476 520 36 141 956 323 286 914 403 718 208 447 656 737 985 394 618 594 81 941 705 6 103 918 562 389 490 624 266 187 82 71 275 740 71 123 61 445 465 82 486 333 587 140 86 943
965 297 629 127 424 367 897 968 123 16 726 851 923 24 527 494 142 321 509 979 638 25 788 347 248 158 179 743 317 915 941 607 358 666 286 579 27 795 561 217 534 250 129 140 768 460 40 802 304 109 96 523 430 409 536 232 79 395 965 42 618 578 72 689 940 551 383 938 87 443 338 913 562 913 884 629 287 576 372 493 341 458 295 736 610 329 405 652 141 851 426 277 93 288 576 745 300 114 171 904 689 471 725 947 788 367 460 130 596 17 166 197 874 635 465 192 646 734 767 446 832 654 996 81 252 232 413 783 239 90 330 464 472 523 454 567 435 924 197 36 612 128 142 94 672 143 517 774 870 773 351 431 139 574 362 291 241 296 65 807 783 183 868 558 839 391 787 68 706 270 725 71 230 339 694 13 371 25 636 614 478 396 581 551 331 895 886 84 907 93 34 278 320 106 423 181 958 249 20 736 289 885 540 445 171 751 295 780 69 325 348 995 243 678 571 434 358 798 517 727 94 626 792 196 303 774 504 960 479 238 849 737 183 8 634 349 917 177 109 740 871 822 272 919 448 478 587 569 90 50 832 895 53 253 204 27 553 422 549 998 119 93 166 337 263 483 773 549 553 802 240 235 554 636 353 337 786 527 852 184 250 378 982 364 881 424 962 369 588 99 200 150 408 303 635 172 920 196 339 631 816 390 266 443 951 279 634 760 275 569 214 351 410 41 10 270 951 650 516 247 611 731 180 598 345 497 153 67 278 307 669 987 57 616 348 758 231 504 95 507 117 934 910 884 660 729 567 479 518 818 778 700 674 66 9 728 862 366 742 898 12 728 129 685 374 124 448 926 641 410 644 538 273 822 297 33 840 476 26 895 579 471 269 272 627 754 823 378 746 149 665 591 863 229 225 583 601 758 370 247 412 475 2 166 7 287 419 369 641 927 633 213 959 480 59 753 461 924 232 914 79 885 33 779 67 417 508 759 268 671 926 831 558 453 144 811 71 46 104 478 292 42 888 886 239 795 170 943 346 665 645 503 441 588 320 567 371 124 480 58 291 730 456 193 505 694 598 880 404 724 562 102 275 264 706 630 813 509 1000 752 159 632 939 909 518 624 767 437 573 778 653 174 542 377 706 213 6 126 422 452
455 901 103 446 321 55 237 246 866 995 150 572 547 38 378 971 868 297 423 1000 784 10 407 990 39 781 823 11 474 717 744 426 131 25 1000 768 985 584 201 264 904 279 405 822 521 904 179 588 481 264 185 577 665 819 567 321 65 880 677 602 258 139 337 83 808 261 330 1000 367 212 958 725 723 287 985 775 378 836 93 594 433 999 190 502 719 93 804 572 542 277 635 167 743 658 929 325 681 165 23 841 92 881 949 83 167 883 74 666 738 455 444 861 347 887 145 842 959 833 733 314 256 125 4 615 913 665 978 268 893 233 439 283 170 411 674 525 177 449 544 711 27 498 755 806 555 651 637 848 652 337 761 132 233 715 581 456 836 667 976 267 166 538 127 42 330 925 835 749 52 989 577 346 913 287 477 883 557 560 773 321 115 685 871 480 378 894 759 288 267 331 922 558 973 170 699 755 500 175 985 829 540 633 260 737 664 752 925 250 611 67 298 691 918 674 962 923 8 504 907 473 502 425 443 880 653 23 113 299 952 756 639 523 737 907 187 44 80 72 380 795 708 41 826 416 639 343 801 944 469 597 11 670 260 695 537 244 95 891 266 964 263 908 974 440 760 90 684 527 418 944 212 437 609 82 947 727 719 45 754 727 928 639 946 913 1 488 569 493 512 963 212 788 265 503 885 223 937 354 909 680 127 84 458 588 588 904 191 301 12 196 158 364 106 386 622 65 960 662 969 135 120 576 370 655 430 793 101 125 310 287 474 479 953 95 307 919 364 975 548 227 12 366 622 987 700 722 634 220 786 669 236 169 320 534 187 456 163 375 755 792 756 567 502 177 552 624 620 561 976 401 174 1 280 204 893 297 513 800 609 166 674 292 643 485 211 173 558 100 814 470 291 163 459 614 450 482 258 198 785 95 129 62 515 596 201 370 944 355 487 191 757 304 685 186 93 935 241 82 26 589 981 958 494 808 405 729 612 349 36 170 768 733 997 19 209 735 499 927 56 841 596 395 800 64 776 960 739 475 489 66 279 441 728 360 416 946 699 326 925 178 177 875 567 40 36 832 612 128 846 695 709 796 160 673 181 251 442 563 545 974 682 804 476 982 721 503 861 980 357 900 883 602 86 694 197 350 665 67 754 510
180 460 806 336 571 992 266 293 163 805 51 817 588 370 639 205 555 87 160 670 963 555 383 552 830 408 765 983 372 928 884 643 638 438 304 462 568 667 663 25 307 479 963 527 170 661 156 260 968 474 155 184 164 8 791 524 991 63 56 407 905 318 276 777 978 42 660 471 614 980 307 220 15 365 505 905 57 208 143 552 674 315 716 560 323 323 20 987 757 638 867 367 847 640 88 440 77 395 835 913 125 299 472 10 647 461 725 608 871 406 45 540 171 825 689 994 733 77 309 917 511 285 932 240 849 580 335 993 652 14 816 214 465 286 348 36 942 870 292 585 280 384 427 19 549 350 823 878 964 95 473 598 352 848 428 675 113 152 384 820 411 679 9 560 135 308 508 239 485 419 461 512 951 924 157 460 689 106 216 564 74 196 557 426 585 905 548 16 533 11 953 742 50 151 56 508 355 194 268 198 884 333 226 827 749 312 30 392 998 897 481 549 853 902 294 720 765 681 21 917 559 378 191 211 612 254 128 200 670 300 219 119 708 396 94 66 423 778 493 301 216 255 300 227 879 215 945 801 485 418 793 448 66 404 663 951 779 513 776 195 763 904 382 290 591 235 717 727 843 285 929 969 980 267 153 193 939 484 542 500 642 232 288 25 563 698 341 862 475 285 831 661 115 839 932 635 15 740 884 648 750 483 832 888 34 624 963 571 467 107 30 520 897 740 853 330 512 508 947 253 912 772 623 991 648 615 457 969 614 389 807 129 227 881 304 869 105 9 581 177 999 404 684 171 971 573 675 855 228 181 565 503 509 84 218 174 9 410 513 631 946 872 813 888 150 633 208 952 854 418 526 880 549 27 184 297 792 510 776 353 586 800 126 449 87 201 255 848 590 895 853 278 270 466 276 827 495 876 178 912 118 674 46 455 664 524 946 331 654 519 946 74 409 325 257 194 82 706 741 650 225 199 90 681 702 508 672 878 643 836 234 587 94 224 171 981 236 177 947 301 44 190 440 162 766 450 647 438 200 774 232 923 584 540 970 668 632 667 97 836 64 997 363 252 677 785 366 943 576 93 104 993 397 803 611 56 661 97 482 157 310 800 617 205 873 105 913 732 354 941 691 721 7 609 322 587 616 567 454 534
134 438 286 79 59 724 260 628 374 424 474 261 705 161 408 480 900 835 831 626 758 736 553 212 793 578 746 401 101 590 805 452 203 85 367 197 569 586 664 523 513 153 816 240 245 637 415 132 540 973 21 109 72 15 681 271 816 214 951 164 157 814 856 205 509 886 420 200 895 865 644 677 872 262 77 649 838 401 805 612 536 823 931 895 836 10 908 83 643 860 283 576 594 350 58 184 977 881 585 475 909 50 77 606 221 10 761 136 670 971 617 633 939 662 307 107 26 995 278 308 537 775 147 140 38 170 664 292 663 714 424 104 804 937 907 246 101 377 312 508 343 238 82 419 555 35 59 370 545 874 994 96 450 88 876 571 395 329 163 976 137 917 363 569 776 920 59 954 375 95 520 475 630 734 622 711 883 497 403 24 700 765 691 818 182 177 971 529 86 540 328 604 768 774 722 281 945 55 916 987 695 281 549 795 806 346 942 59 277 127 837 368 243 310 299 178 145 21 164 556 24 557 772 688 719 388 788 151 45 111 165 403 854 457 381 32 562 179 481 987 151 616 124 356 459 936 179 759 767 971 61 708 396 976 386 108 507 709 613 485 316 447 871 958 324 449 695 87 718 699 483 487 821 33 37 849 918 841 408 311 28 171 470 434 769 121 661 107 977 34 826 370 422 55 4 96 263 989 311 396 393 345 738 165 893 540 384 752 758 162 178 688 633 872 122 235 69 168 754 656 720 536 623 63 531 888 233 521 360 401 172 674 557 310 729 504 3 844 178 435 889 524 749 566 920 574 647 116 242 253 341 594 210 895 619 268 491 32 567 660 324 778 901 788 877 22 414 651 135 410 871 755 415 97 585 765 360 816 386 519 32 21 607 33 643 884 847 262 769 691 909 767 817 167 112 425 252 63 202 120 953 884 270 395 301 349 242 39 645 610 335 101 684 974 424 754 90 533 209 210 251 297 804 25 267 206 989 397 253 322 121 712 562 57 370 964 118 826 278 708 254 259 489 828 481 462 137 489 829 191 196 771 879 810 293 31 159 691 754 273 418 940 872 361 957 485 26 433 959 986 204 809 821 173 128 436 525 829 36 639 837 337 355 321 787 372 389 109 579 226 211 604 428 898 672 211 246 324 531 194
893 881 364 665 9 296 732 445 681 525 637 315 696 902 1000 974 582 390 750 134 795 392 255 333 54 873 627 733 748 905 53 701 983 8 135 206 447 406 253 333 104 282 965 255 994 562 461 936 200 941 469 445 356 722 614 968 930 604 599 147 211 663 154 7 830 921 329 802 98 822 804 460 759 426 645 103 608 316 232 337 832 552 341 86 653 148 248 801 141 178 594 759 739 786 571 683 523 89 496 991 117 599 690 494 335 245 157 455 126 456 711 888 469 555 799 25 923 801 561 142 455 495 801 500 598 797 813 128 245 878 517 364 27 499 509 786 988 867 444 903 29 348 202 877 449 112 169 907 146 334 870 308 336 344 872 776 571 990 132 715 267 315 675 280 378 482 446 691 441 6 100 551 466 234 520 97 799 72 187 547 324 574 894 775 723 771 113 748 620 716 913 20 374 68 186 563 614 689 22 222 374 395 791 503 511 553 59 445 346 2 852 552 515 686 221 941 985 951 977 264 17 457 400 226 438 83 687 218 395 210 818 541 250 338 348 684 155 409 202 914 375 954 187 283 168 224 205 553 735 742 822 579 892 489 241 186 900 837 403 436 526 147 959 440 94 751 736 794 846 609 655 907 393 1000 943 215 539 705 837 608 731 536 696 912 715 639 53 328 836 343 468 976 234 174 914 589 55 215 857 999 688 184 697 774 779 82 837 101 623 598 962 20 967 105 321 265 871 911 16 329 648 935 596 456 9 834 680 551 930 903 535 428 122 805 144 290 486 158 782 617 869 579 539 105 437 144 344 471 496 867 923 231 831 672 616 933 996 911 724 472 107 544 269 620 802 226 932 769 354 55 678 358 993 227 342 591 870 776 811 662 91 451 601 382 672 736 634 450 301 16 467 951 91 666 889 529 593 81 664 134 909 598 413 560 211 91 308 714 681 50 597 311 535 83 640 50 620 18 128 416 828 121 449 445 183 679 747 59 94 610 348 493 953 724 49 112 990 564 316 969 656 772 739 807 308 153 377 542 352 489 826 281 243 594 531 632 101 124 735 609 742 335 287 225 812 336 793 765 440 835 73 889 20 384 608 162 187 14 721 527 455 990 67 738 214 56 130 158 809 539 405 264 275 432 501 6 708 668 539 552
38 889 503 46 582 794 542 283 766 35 286 703 499 580 470 705 826 933 582 615 121 545 949 86 526 850 864 8 130 890 794 597 356 188 195 856 94 109 771 939 322 432 878 819 320 138 266 878 236 147 120 535 115 872 916 655 670 512 839 209 255 887 279 275 55 327 492 936 538 263 199 472 710 280 679 175 265 489 428 206 482 824 470 139 681 14 154 55 390 514 915 38 818 257 403 535 819 621 513 802 408 544 219 509 163 3 343 808 501 955 435 162 808 208 65 779 923 190 978 615 814 975 967 108 165 889 558 231 857 336 518 193 634 201 92 10 502 186 120 24 518 778 248 710 130 227 63 72 769 457 162 911 276 901 814 395 254 664 4 36 513 867 867 599 564 581 358 840 826 829 625 494 824 15 999 109 380 702 178 25 684 506 541 606 378 40 956 290 713 303 989 435 294 383 521 368 231 100 357 253 585 193 7 667 376 572 132 254 605 343 454 703 670 118 935 923 566 136 129 574 95 440 487 712 72 153 690 962 415 578 555 803 551 245 213 998 570 831 464 265 893 532 968 552 251 223 23 660 443 401 642 119 650 721 911 190 126 916 944 570 639 713 145 414 396 923 620 49 889 54 301 144 343 239 603 153 37 18 198 409 3 930 558 956 687 552 721 666 554 45 789 941 1000 889 468 812 810 104 604 38 286 212 384 738 984 501 220 367 103 74 883 745 174 425 244 860 432 228 607 590 535 197 192 195 618 705 321 13 525 509 898 252 976 127 791 66 841 688 435 796 580 819 890 24 559 139 808 239 829 920 469 858 251 800 479 281 739 469 541 544 210 130 366 833 44 421 104 144 546 466 406 51 862 105 982 631 603 716 883 415 78 79 469 756 912 167 835 83 597 528 342 901 368 255 311 898 36 644 937 108 493 137 716 747 13 55 815 633 45 548 703 73 610 213 526 177 758 470 592 396 962 687 466 269 477 682 219 918 150 9 913 787 917 843 772 765 240 764 473 532 258 520 502 876 175 523 323 303 997 209 108 598 502 305 784 822 353 440 193 538 357 491 773 276 386 516 134 546 35 256 304 887 888 492 629 955 227 545 446 113 329 29 950 732 417 9 577 467 523 201 521 749 855 602 950 975 575 282 825 369
541 29 222 453 264 798 292 247 404 845 701 375 914 74 815 381 654 119 765 265 696 17 177 529 951 378 536 920 884 735 276 915 613 881 440 29 56 48 564 603 556 191 737 254 998 171 436 616 812 466 358 494 358 887 836 905 800 119 551 962 530 168 785 59 714 282 800 607 58 238 406 172 607 888 552 374 487 121 214 434 224 324 544 180 483 65 816 832 615 358 340 606 656 973 25 941 933 888 437 401 454 882 324 849 792 352 851 155 61 747 406 990 279 677 924 999 595 189 256 515 852 940 467 530 755 81 955 283 885 70 219 581 597 345 936 324 586 447 589 140 53 787 829 793 889 63 955 290 116 750 380 681 825 62 219 408 570 306 26 612 65 282 737 940 921 242 375 40 384 77 958 23 256 353 428 844 450 944 67 920 447 198 296 410 785 582 922 611 658 449 814 751 990 955 496 318 843 173 230 921 813 575 962 517 763 978 471 371 586 868 865 907 520 659 185 7 631 816 320 96 209 315 503 831 439 596 726 621 246 873 153 145 841 66 85 598 687 879 549 806 401 409 792 159 971 690 918 41 402 561 368 131 194 392 354 740 612 989 139 890 762 973 190 342 690 856 945 457 423 169 627 238 478 275 30 714 426 488 531 81 381 945 99 171 695 518 984 550 878 778 274 903 505 83 733 224 98 537 970 975 218 899 875 320 957 928 522 66 364 722 204 136 970 741 603 830 846 556 158 8 31 424 681 814 805 79 641 115 46 444 809 349 39 531 514 149 918 417 609 679 223 26 894 978 506 834 644 321 85 651 160 92 147 722 562 3 702 413 250 2 273 971 543 585 840 398 864 831 991 906 264 661 915 464 518 409 352 257 628 887 266 158 114 769 811 345 469 401 850 236 603 262 856 326 97 424 267 291 660 106 208 542 234 471 159 60 937 862 573 938 46 826 129 187 760 936 363 275 846 608 982 231 340 303 394 216 190 982 89 717 176 951 852 388 923 82 47 560 738 628 526 890 866 414 163 786 609 99 366 100 547 308 907 787 84 436 254 150 823 865 100 986 919 594 838 619 433 472 616 657 373 656 589 4 370 860 697 419 223 877 968 774 394 325 976 385 634 417 633 795 923 61 881 132 287 834 143 746 989 443
605 715 881 807 22 846 936 231 357 272 812 298 574 893 396 283 247 203 712 50 136 943 599 469 455 250 470 585 780 134 5 507 385 920 513 497 288 283 691 86 527 804 779 259 962 561 305 587 794 608 697 689 132 946 262 674 45 989 703 789 802 872 427 775 630 652 55 476 724 289 68 951 673 108 975 80 827 212 583 43 664 538 192 798 842 189 541 940 864 570 853 786 691 40 421 5 483 920 995 307 52 565 151 366 919 129 622 48 794 948 749 538 976 427 834 789 849 388 421 2 219 298 887 881 302 152 122 382 276 175 959 854 553 93 432 626 904 319 890 9 416 654 517 849 344 884 591 123 80 7 232 286 337 862 871 985 742 70 509 304 419 146 794 245 432 209 650 530 987 857 813 803 587 843 739 328 726 526 362 674 60 57 664 124 964 870 735 805 241 144 211 62 551 291 366 665 339 82 403 342 524 612 322 33 263 782 881 974 40 89 680 83 274 72 18 576 628 706 951 708 3 209 526 795 415 714 470 534 963 609 771 506 445 828 532 8 535 352 900 227 43 925 617 131 136 428 176 732 566 630 957 186 90 54 762 454 246 525 107 942 482 134 371 806 982 833 270 91 588 354 18 445 157 550 656 750 654 915 147 987 541 576 30 164 596 636 400 981 699 558 650 380 701 55 809 135 585 199 75 333 456 359 521 559 703 582 439 319 341 487 454 458 85 323 553 162 28 75 43 806 996 620 952 963 178 471 300 896 19 180 559 499 676 451 466 369 482 56 911 730 850 25 706 887 355 81 723 892 307 571 694 547 432 628 343 796 233 656 146 441 656 862 146 310 580 392 537 258 234 173 71 18 666 716 552 92 112 374 729 995 128 947 465 291 868 375 984 932 932 288 704 519 151 765 291 388 631 6 202 908 19 755 231 109 552 494 800 277 142 30 604 771 768 390 848 818 296 13 878 730 213 263 526 956 343 195 580 768 62 713 416 388 346 403 285 274 908 224 169 162 265 388 980 118 459 617 487 946 905 391 954 313 701 8 81 669 141 390 805 148 664 408 627 560 879 690 631 290 984 612 270 955 422 820 693 128 776 269 994 653 41 832 939 250 161 28 58 589 883 771 989 363 87 167 527 255 217 417 674 573
337 508 289 133 480 723 851 732 657 319 822 294 705 821 262 855 241 237 236 668 641 956 406 883 533 108 256 278 775 902 983 697 157 940 315 426 144 860 516 797 594 132 554 832 916 618 703 575 63 580 310 967 883 326 403 811 564 687 612 43 16 388 135 742 408 336 547 394 65 645 847 299 301 4 626 296 655 456 916 468 937 963 211 126 592 435 997 350 385 723 785 225 647 839 988 394 478 84 272 767 975 153 108 493 881 31 135 341 544 363 553 696 49 641 690 767 882 527 321 446 132 816 348 968 302 416 762 823 863 1 923 407 738 43 840 198 760 701 700 846 751 419 810 932 256 516 3 812 360 702 657 344 137 701 909 442 587 855 843 104 637 741 329 207 856 807 298 264 595 895 931 67 744 916 711 35 825 554 336 951 700 438 803 257 819 781 877 902 924 263 861 944 463 967 800 871 302 514 473 517 965 34 659 605 454 669 128 53 590 2 804 955 291 923 422 82 847 556 309 766 51 776 645 559 460 178 207 762 310 983 476 817 785 464 797 53 242 206 935 85 57 170 226 388 553 527 414 79 253 970 571 511 681 498 530 182 55 634 106 687 325 180 272 305 301 17 880 152 504 77 517 755 584 918 780 901 535 220 720 413 384 316 24 269 791 171 673 788 447 451 988 988 703 263 925 159 454 949 202 963 418 326 99 323 802 452 270 548 410 287 501 240 985 240 467 922 618 773 866 660 728 525 413 668 386 994 567 917 654 288 345 998 812 883 49 357 158 891 816 430 292 932 523 759 358 422 263 583 9 123 814 50 584 392 461 737 390 494 374 264 375 371 807 532 437 237 957 900 274 474 141 487 658 332 374 452 469 836 807 1000 446 328 219 579 702 264 657 555 855 296 717 597 369 667 994 107 925 882 702 490 414 358 757 803 104 795 484 870 709 299 38 576 984 667 512 918 949 531 124 711 4 13 45 739 985 42 394 693 183 532 471 340 637 830 775 793 111 44 594 176 62 769 768 537 453 184 82 650 545 150 301 456 706 312 998 248 216 972 389 152 403 670 226 173 963 105 634 560 904 43 313 238 640 612 580 252 612 560 250 287 388 451 432 946 226 549 914 463 31 692 39 217 578 930 6 8 479 587 31 948
67 546 30 839 752 835 279 453 134 452 245 203 527 192 350 98 552 310 151 451 366 626 462 782 985 14 318 523 928 136 197 954 868 208 707 858 312 815 456 945 263 247 564 78 265 326 211 94 543 537 772 876 841 574 292 788 817 405 991 802 744 455 635 424 806 625 839 659 859 134 68 313 543 583 315 507 8 854 660 871 382 732 21 858 786 275 80 40 858 648 593 479 913 827 736 350 202 753 852 41 704 119 357 161 39 469 110 655 140 638 105 543 961 134 158 158 95 717 947 313 147 787 898 481 492 218 108 840 471 379 794 837 975 43 516 826 74 326 658 395 562 162 610 551 22 106 103 985 884 277 323 971 85 562 41 800 454 279 917 779 487 322 570 230 686 28 931 597 124 187 527 397 380 32 887 15 354 867 446 892 139 24 83 273 691 820 557 618 796 738 270 897 689 255 365 903 460 814 937 87 905 229 280 389 387 564 362 492 695 317 138 103 170 487 171 812 37 360 373 996 159 610 287 101 704 89 63 494 814 160 567 873 712 495 610 905 140 156 837 326 110 717 526 854 932 399 157 855 110 483 295 105 296 38 479 590 323 405 714 99 343 455 61 553 722 126 410 85 297 641 645 236 374 944 366 945 824 690 804 401 531 14 132 84 324 500 848 274 704 504 777 35 792 157 232 681 360 594 857 638 388 984 916 255 555 332 5 536 440 226 3 735 890 963 657 370 263 583 111 241 395 382 633 878 225 656 729 474 981 187 992 637 861 787 134 889 861 269 979 149 997 498 232 727 371 123 659 116 106 884 699 923 944 208 678 398 100 667 991 533 703 567 715 982 658 425 976 125 386 618 469 885 302 981 463 503 630 137 316 231 457 715 446 151 913 783 984 81 143 627 745 255 825 525 76 797 169 310 194 37 805 39 515 914 985 969 971 699 922 327 857 120 299 386 541 571 498 852 525 219 173 14 255 369 774 414 407 820 16 36 411 539 675 816 263 668 678 206 592 825 992 126 426 421 64 711 496 803 536 340 733 116 226 704 742 56 36 852 473 557 819 451 670 263 337 325 593 157 284 250 966 24 190 612 291 252 592 249 618 356 737 73 791 861 280 694 220 150 53 345 216 595 69 273 851 553 397 322 310 736
208 614 270 609 572 364 136 920 714 754 164 499 804 647 980 736 276 366 604 541 637 197 634 683 64 826 89 644 863 599 585 681 325 980 921 491 219 33 982 45 737 147 588 804 17 953 602 59 850 619 376 720 175 471 480 433 776 577 95 62 378 316 506 697 493 108 756 126 920 541 852 94 407 873 90 519 498 740 595 3 910 438 471 262 721 733 441 24 713 856 240 191 153 614 700 276 503 337 605 389 355 700 172 179 726 535 4 544 52 101 411 224 631 666 529 388 146 159 595 404 556 854 505 268 899 149 213 29 149 714 374 801 55 198 202 14 235 465 672 209 100 976 822 74 418 361 105 106 863 184 294 983 501 509 944 684 575 403 100 359 662 289 225 93 470 683 56 221 95 586 757 368 835 924 406 56 694 843 292 521 459 263 162 568 786 172 532 658 75 377 539 384 954 913 430 358 57 749 670 322 373 689 333 901 329 351 605 540 446 858 600 251 448 754 999 451 928 364 545 929 378 660 61 808 861 293 314 7 550 81 138 127 327 367 460 530 863 412 131 127 97 957 596 64 687 349 76 859 148 357 124 875 506 693 123 614 127 903 853 583 355 304 280 376 374 909 14 386 675 395 289 814 133 980 735 882 709 391 338 365 448 601 592 104 922 212 541 612 683 266 113 563 404 3 151 960 462 137 149 167 206 416 802 702 40 263 291 803 433 879 278 90 386 689 513 902 599 405 351 997 776 226 61 363 829 806 543 366 310 635 3 917 335 5 229 255 888 806 582 999 502 546 335 846 366 652 62 312 294 330 709 923 958 464 856 669 360 159 862 847 330 478 971 99 594 203 802 973 562 78 791 922 109 484 361 547 863 306 640 366 442 207 23 994 680 346 145 98 916 976 658 96 128 655 536 679 650 240 639 761 615 800 466 445 512 421 454 783 769 428 796 595 679 669 171 920 364 760 360 548 872 411 862 338 310 286 14 76 988 795 396 272 555 810 405 475 604 279 589 338 995 244 992 216 800 927 491 516 215 466 381 552 954 946 563 605 14 557 177 561 889 757 849 296 489 64 673 152 237 8 182 21 697 791 879 624 510 889 666 925 507 80 412 237 851 118 183 922 970 550 428 179 321 923 398 784 160 303 574 247
945 349 429 883 591 113 160 281 270 934 560 847 536 728 727 575 51 899 298 283 231 586 912 1 397 889 857 691 817 393 324 975 253 454 459 522 453 928 951 54 757 808 718 82 562 19 928 450 512 597 630 804 54 501 170 358 572 819 684 98 834 212 615 480 284 137 231 207 287 273 871 506 56 281 517 597 506 738 774 289 493 141 369 554 584 857 558 161 278 824 608 293 976 856 768 643 986 954 587 53 20 846 8 731 600 691 928 566 258 489 798 882 49 242 723 901 118 712 972 825 593 423 421 85 953 764 475 676 142 4 703 869 514 435 404 23 422 424 833 945 740 972 768 54 252 375 701 844 644 346 910 400 842 475 420 409 710 567 560 219 280 820 517 337 820 161 812 971 996 450 585 230 648 867 988 67 547 906 241 382 490 645 492 863 181 256 381 411 336 846 11 505 92 609 672 949 237 168 199 244 452 877 463 947 209 413 945 356 683 32 157 381 690 881 893 409 503 212 176 399 573 382 730 475 368 525 633 408 324 892 594 746 545 747 897 638 282 10 792 444 634 23 215 127 927 538 562 438 402 99 126 940 523 996 652 22 532 991 282 608 350 399 162 83 53 325 30 421 803 970 406 892 949 850 842 453 488 921 1 495 374 433 76 280 993 491 244 977 562 537 14 666 472 819 708 437 110 604 405 415 959 480 783 110 775 571 369 645 984 87 780 218 860 625 110 926 745 744 953 54 288 353 687 887 206 664 736 657 860 822 126 220 613 226 138 272 472 361 982 29 896 25 545 840 568 981 910 311 352 773 138 45 786 51 757 160 581 171 531 661 128 99 371 345 942 906 520 580 197 317 31 122 391 175 649 66 959 607 957 157 397 763 642 228 975 184 648 683 562 588 30 13 392 661 87 167 906 741 116 542 771 534 947 246 662 771 572 199 499 295 905 333 294 174 405 86 740 894 196 809 710 381 867 811 718 789 568 642 339 844 979 119 956 778 85 645 289 548 791 476 381 558 311 828 839 743 789 856 543 253 879 738 360 613 951 746 117 406 583 377 568 507 379 515 191 515 66 933 789 829 600 109 755 903 352 452 846 696 142 153 631 911 626 165 584 244 11 682 853 290 297 170 741 978 674 807 728 967 526 552
709 621 768 490 693 452 874 181 875 6 366 821 724 848 54 40 821 924 155 867 282 481 667 512 20 571 522 102 852 551 563 155 682 754 645 892 185 292 439 814 476 906 395 13 327 439 894 796 732 761 409 201 629 572 754 920 321 175 711 42 832 166 374 324 817 481 506 827 338 449 407 139 543 545 247 997 144 983 186 336 880 303 644 731 176 342 506 57 747 997 443 23 153 498 775 844 781 980 491 690 957 607 850 360 826 590 117 792 59 148 722 67 83 648 757 674 882 296 576 616 761 839 981 874 963 687 101 222 219 564 542 299 776 82 730 330 925 143 656 736 763 324 649 117 564 581 586 143 841 467 508 476 81 851 545 73 708 118 132 259 228 693 241 688 390 373 452 729 850 58 245 736 747 688 947 18 394 792 405 509 936 393 83 411 53 555 496 155 538 783 872 290 115 388 762 22 295 419 559 32 878 732 871 422 466 549 615 909 725 547 325 304 43 348 530 852 83 966 301 696 944 948 734 914 145 28 652 153 314 91 264 77 974 418 456 951 786 237 836 409 402 81 28 792 222 170 161 310 530 134 20 259 250 493 73 466 127 148 337 960 535 98 649 920 702 590 355 571 301 103 560 742 270 30 569 887 943 288 18 192 258 891 927 317 730 218 905 515 885 478 642 256 982 244 337 589 810 264 665 5 736 974 660 512 586 404 740 33 681 431 948 522 968 566 155 790 349 601 351 177 747 203 11 429 432 582 220 812 505 673 360 501 873 4 933 576 159 818 669 309 548 824 732 92 838 10 551 830 899 201 325 101 460 903 633 952 796 380 942 991 56 933 691 573 578 816 400 601 366 842 373 435 188 75 634 307 71 830 71 65 252 753 224 979 402 911 898 644 299 276 325 12 970 682 28 303 567 351 433 898 170 997 484 165 938 4 510 117 515 108 499 600 22 773 972 159 665 756 338 702 826 925 831 467 314 185 376 283 25 803 941 984 2 710 32 515 640 645 981 683 122 224 505 988 595 138 781 579 188 646 877 585 726 364 713 517 363 584 504 305 225 793 113 67 289 663 374 337 498 166 475 217 325 628 618 665 791 258 459 795 849 597 454 296 279 76 416 297 428 523 315 332 874 642 167 622 990 572 167 115
965 792 24 284 244 115 74 867 357 425 662 810 948 456 79 941 152 301 1000 224 423 157 220 266 888 347 499 53 943 636 109 87 903 223 12 961 554 111 699 760 509 843 952 87 357 953 136 403 950 93 97 516 285 494 258 94 948 147 133 600 656 540 364 493 662 475 660 343 876 293 419 28 588 925 93 916 611 228 324 117 335 509 673 951 865 468 600 637 980 735 580 302 596 153 62 804 934 91 777 791 482 413 832 43 562 766 658 686 950 802 856 219 235 484 985 851 163 828 566 404 690 969 654 110 129 479 363 562 221 428 602 115 7 597 432 197 872 703 118 393 266 758 675 531 838 352 98 541 810 134 655 35 843 420 779 35 272 528 989 616 307 826 139 588 704 499 287 895 426 214 186 285 643 53 410 208 307 268 16 921 747 864 895 728 188 552 702 488 979 456 32 372 430 458 978 364 694 509 97 445 908 721 513 639 342 375 457 487 760 259 36 557 566 765 901 676 432 566 278 298 109 412 663 485 304 337 923 280 574 64 787 331 800 872 23 316 224 589 185 559 223 669 889 288 30 13 548 199 917 588 643 148 843 547 970 594 48 882 172 670 173 116 32 114 730 973 680 879 955 255 607 383 525 230 509 212 260 602 613 856 82 66 233 443 905 224 83 734 667 279 621 113 488 140 673 944 624 326 438 610 187 600 77 451 363 437 637 329 152 393 419 879 378 502 623 261 840 558 65 55 709 984 3 617 753 181 681 366 39 671 295 802 290 940 202 823 67 916 341 524 972 91 617 870 187 534 71 817 665 169 574 348 125 673 955 776 729 409 983 123 395 888 65 483 48 663 792 110 362 63 476 415 423 966 681 102 267 637 193 123 10 862 134 362 14 646 615 957 113 808 727 671 839 312 6 125 424 676 447 165 41 907 472 114 699 979 379 468 459 972 625 844 727 408 359 535 827 414 233 995 252 970 268 21 514 231 400 426 227 209 428 114 378 107 193 77 735 236 89 253 548 207 602 676 214 969 217 742 245 446 22 149 175 36 301 973 993 335 832 332 405 437 427 660 150 982 328 871 501 411 511 298 612 175 152 19 465 568 363 986 430 807 187 485 278 267 149 839 409 930 751 687 891 173 648 82 286 90 817 48
884 885 595 581 859 145 796 133 986 288 247 515 732 973 923 697 833 90 876 956 34 515 497 230 827 394 402 80 117 225 380 747 389 467 549 355 897 708 871 459 828 82 248 587 220 379 375 363 671 926 413 353 684 252 40 317 889 359 641 416 211 563 136 957 579 285 556 158 461 373 344 280 696 565 727 884 924 705 789 232 409 97 31 329 238 973 81 773 492 712 867 711 946 43 674 310 861 441 845 1 142 415 367 738 690 129 537 910 756 11 635 211 475 961 258 58 152 556 421 63 408 13 584 506 19 638 805 687 907 495 46 268 602 803 764 616 322 110 572 744 839 206 373 284 322 398 910 267 286 174 639 868 316 813 944 19 657 792 870 772 897 297 19 216 156 542 617 759 68 861 954 493 302 445 929 375 884 509 255 779 404 706 146 140 416 634 608 504 266 102 393 928 230 938 531 525 891 662 725 880 969 780 20 607 183 546 285 48 700 824 457 414 184 474 825 234 460 426 219 848 484 378 633 674 648 868 429 71 620 248 377 389 487 862 567 324 175 592 277 284 1000 301 284 989 187 731 683 325 663 549 572 459 500 860 562 395 878 276 981 116 253 686 173 194 34 633 286 341 708 497 642 419 455 418 953 147 698 809 304 714 317 606 658 525 449 911 207 176 868 904 446 584 811 867 211 327 803 168 588 806 62 583 761 938 46 653 31 121 498 121 686 949 267 324 733 151 337 610 219 635 597 35 866 586 257 756 507 378 396 780 531 190 1000 357 581 684 562 770 517 824 214 518 982 168 667 736 652 244 704 320 836 492 512 675 376 221 436 282 982 651 655 531 304 729 583 766 650 652 81 995 884 368 90 582 480 410 847 432 407 805 757 410 535 664 477 753 108 36 640 739 255 705 442 947 152 805 463 308 5 940 623 472 171 962 529 246 181 323 401 121 116 562 667 551 969 585 106 16 290 25 900 313 54 879 897 478 70 158 533 522 632 608 762 552 560 391 43 333 869 644 61 686 367 375 654 788 560 165 741 855 457 670 885 270 874 29 746 26 268 188 858 794 7 74 165 171 492 547 591 415 378 663 885 468 964 485 75 819 302 908 699 283 256 361 364 70 722 232 652 140 23 952 760 782 317 102 73 924 431 32
954 248 390 652 131 635 652 299 459 262 910 654 625 446 313 160 337 522 523 342 384 78 594 240 467 508 784 30 308 286 642 281 127 398 364 227 86 280 993 640 792 622 266 509 158 132 425 2 484 347 835 315 824 27 649 251 525 641 301 919 876 508 825 209 34 927 140 134 565 30 957 483 897 857 712 727 478 868 914 483 315 216 218 704 984 590 592 258 236 276 128 656 898 208 555 122 112 520 431 904 543 747 535 944 950 593 186 40 562 803 126 494 733 175 754 825 866 9 522 698 514 854 899 569 705 88 137 98 152 185 453 947 106 281 216 393 977 739 230 373 332 762 357 873 642 481 559 953 613 318 675 286 31 462 390 194 389 293 397 384 811 282 883 596 398 946 175 669 536 177 797 549 419 158 415 552 969 443 950 958 783 453 452 393 958 590 350 515 509 558 489 98 111 779 150 168 515 730 912 341 212 83 44 513 720 91 788 854 427 124 127 302 367 464 958 377 133 728 512 419 477 343 429 528 777 655 841 272 903 436 934 690 555 678 742 207 901 506 932 934 173 453 705 514 627 112 540 599 882 821 537 916 884 414 663 158 462 936 910 13 539 371 238 333 922 501 706 762 564 689 395 800 767 280 737 174 97 712 620 286 36 977 107 501 44 376 818 943 83 235 348 738 516 796 964 613 217 957 157 696 133 360 666 688 885 283 77 789 832 950 674 316 302 487 108 597 712 619 467 270 106 758 132 101 301 815 104 262 154 336 221 118 395 722 990 622 244 37 705 294 92 506 209 296 496 625 630 398 912 49 470 226 575 401 765 821 257 647 781 100 791 86 198 408 772 661 410 452 220 21 65 268 528 28 581 551 33 24 588 757 490 355 414 560 291 306 703 205 905 210 807 317 911 275 429 25 301 873 438 742 343 981 700 88 731 575 503 978 609 747 870 242 614 668 574 293 546 726 140 729 162 517 384 797 459 410 38 497 579 404 482 483 205 168 444 748 221 674 663 868 899 828 448 552 341 135 518 54 972 377 982 846 856 911 311 841 910 793 324 153 360 751 182 205 889 422 562 327 562 543 48 758 243 990 910 612 81 721 863 694 166 47 585 961 396 78 377 796 778 61 679 30 405 433 725 536 245 389 882 700
949 755 350 393 997 820 780 279 899 252 963 54 578 935 611 115 423 623 125 763 296 738 799 603 355 954 307 214 169 32 888 800 876 81 645 449 672 570 633 466 125 234 626 133 669 641 247 66 328 697 255 35 786 358 230 805 586 838 306 206 194 865 631 770 400 747 805 412 541 462 508 751 977 721 798 30 1 716 562 683 271 865 733 124 479 38 890 980 786 183 261 832 639 34 477 822 497 933 620 633 598 227 910 541 51 113 582 568 77 393 80 703 188 6 646 798 938 16 867 134 531 220 998 758 868 467 362 337 330 726 507 82 998 756 219 730 150 817 619 649 987 304 78 194 827 570 31 844 126 828 548 902 236 948 127 104 116 466 388 113 730 94 48 536 512 321 846 523 862 484 520 680 865 385 908 59 532 718 70 936 335 247 460 760 755 944 310 544 196 3 719 210 141 792 715 940 683 115 912 558 498 868 33 680 908 125 129 217 51 91 2 983 939 906 424 471 207 566 797 948 307 907 193 361 664 951 824 445 734 91 898 498 306 660 375 595 230 671 628 72 65 564 821 389 131 708 230 733 109 394 263 518 798 732 10 110 747 508 841 6 652 642 60 44 154 674 911 8 247 247 567 523 65 132 206 791 815 583 199 383 216 535 560 727 904 553 124 610 101 953 703 410 265 719 303 648 343 821 394 731 371 820 441 983 590 674 943 9 405 602 499 946 175 303 555 424 565 907 441 796 591 608 102 199 902 192 218 673 549 949 810 651 756 592 264 672 87 639 590 981 658 112 176 237 431 9 772 311 535 541 669 77 214 963 814 153 247 188 223 614 882 316 908 494 843 451 218 627 209 420 761 872 189 450 716 476 790 384 755 397 471 519 408 485 791 499 205 205 566 175 248 126 71 550 394 902 601 954 843 368 691 452 306 813 884 94 242 608 722 503 66 328 740 282 832 718 578 595 578 176 671 625 334 99 495 958 72 967 170 387 933 418 99 333 963 776 455 299 180 62 241 229 885 20 897 922 832 306 386 764 879 923 777 112 882 378 287 463 457 1 869 850 856 967 82 522 945 170 251 861 680 297 513 589 549 570 14 508 984 130 636 909 918 25 667 750 483 789 848 169 960 370 346 33 808 604 730 953 936 132
36 715 495 902 100 719 558 15 495 284 8 856 341 922 774 185 8 403 348 997 112 886 89 245 365 745 273 689 810 603 6 509 491 764 536 806 968 137 774 426 271 831 280 313 455 486 999 993 502 582 136 197 499 148 799 235 173 233 841 773 544 839 68 964 200 56 1 531 102 417 412 912 917 765 727 639 982 734 571 778 270 865 689 300 910 86 564 106 577 681 716 737 775 773 563 14 426 410 149 143 594 392 837 628 538 474 359 79 683 143 333 248 758 515 333 29 475 497 368 156 543 103 557 643 873 123 607 365 476 921 986 918 413 208 324 954 526 429 27 445 506 679 116 146 355 138 217 511 412 9 514 411 809 968 331 411 988 591 942 968 99 189 763 285 487 299 204 713 197 583 285 679 775 68 888 988 348 59 300 928 312 380 615 55 305 369 732 189 729 538 853 843 67 345 548 415 449 165 3 829 619 895 147 546 244 949 739 62 262 579 488 640 198 681 787 377 708 313 570 821 406 832 227 685 654 261 867 947 622 603 874 381 845 595 730 112 775 48 861 354 917 272 934 53 515 494 666 448 299 819 34 453 454 566 770 804 377 343 670 351 405 867 762 951 344 645 791 37 345 285 865 150 370 666 129 760 940 439 673 764 388 780 571 720 566 719 853 732 476 249 243 266 625 419 457 999 65 278 629 801 10 242 457 964 330 50 208 821 172 573 707 940 321 385 475 17 158 977 246 598 812 206 286 478 234 528 66 67 668 110 435 963 519 12 526 908 681 390 609 94 438 589 571 807 391 453 142 593 304 410 745 683 446 611 457 665 576 519 49 207 439 53 338 326 471 782 798 953 635 340 64 40 593 287 421 826 297 618 510 200 107 798 498 720 560 904 536 776 264 49 276 879 868 73 81 353 28 801 822 533 604 648 554 13 135 428 768 854 476 8 929 773 234 524 111 828 940 318 688 249 250 600 604 750 379 817 116 519 516 623 405 766 361 693 731 55 772 984 545 535 602 107 441 985 350 665 426 829 737 604 60 340 6 801 959 846 559 436 886 365 916 93 339 561 981 196 705 455 585 47 258 74 83 417 96 153 130 873 692 424 374 520 946 345 780 544 687 71 412 775 231 8 266 734 903 512 703 784 295 583
896 736 500 920 689 946 668 904 956 797 277 833 244 971 786 507 545 438 825 854 942 149 202 25 23 656 585 947 507 95 796 14 851 345 615 400 193 626 285 377 201 310 290 123 946 683 74 793 22 330 558 146 477 223 394 752 942 104 939 22 93 424 534 561 363 700 193 459 853 715 601 179 219 962 153 553 903 425 724 944 836 390 827 929 698 942 577 550 671 209 321 341 836 56 421 851 517 241 330 312 368 881 62 848 153 225 69 329 490 673 239 2 791 153 272 776 785 987 329 31 616 229 752 844 440 685 838 417 314 568 798 636 717 63 461 572 277 250 253 965 705 462 809 552 139 178 105 422 346 76 938 338 930 737 569 887 255 511 77 998 545 656 471 95 61 144 316 387 415 716 479 121 909 415 889 366 41 988 908 707 77 536 554 568 710 775 981 82 498 229 514 948 424 346 5 427 867 122 757 9 774 487 583 824 453 985 599 427 659 265 510 547 514 170 602 767 186 457 958 363 884 688 302 324 36 387 96 770 246 348 603 39 286 326 974 214 218 822 724 153 944 492 442 551 289 200 677 978 223 259 133 111 196 344 722 339 399 709 287 210 802 385 774 700 373 416 585 318 737 752 864 64 899 665 575 164 169 819 784 63 892 205 217 934 747 825 252 540 207 345 501 307 805 299 262 1000 712 504 302 153 166 377 396 152 26 726 921 909 514 534 385 56 442 746 188 935 935 484 815 914 375 165 514 724 656 698 412 470 548 891 704 929 271 702 104 481 507 597 672 423 183 717 689 326 736 842 811 361 833 140 495 6 26 847 450 287 807 307 476 164 470 905 52 335 266 973 605 117 238 249 117 570 500 174 385 666 862 400 839 877 738 31 619 44 722 633 292 913 52 927 666 979 556 851 7 874 934 992 951 904 644 886 801 375 215 676 807 445 193 622 872 294 309 644 479 10 225 831 431 62 959 532 978 699 869 620 293 42 26 35 893 643 53 912 65 627 346 358 293 67 414 45 124 897 103 963 254 198 219 25 734 994 738 581 22 998 611 156 511 210 335 780 846 889 438 968 712 789 65 492 711 542 809 407 163 352 860 974 743 93 301 395 549 3 67 335 958 976 950 507 628 789 625 68 820 598 27 477 285 747
712 129 475 773 28 725 986 472 971 875 831 434 843 895 640 371 326 326 62 921 562 289 528 237 121 721 201 63 696 611 222 17 829 797 568 790 760 323 758 936 629 496 473 889 846 796 537 656 534 862 365 297 193 315 103 878 851 221 104 654 878 184 837 808 620 782 322 957 66 587 661 410 636 413 601 373 131 783 297 714 954 985 401 50 538 737 725 220 651 61 312 778 289 152 722 400 930 522 781 304 557 916 269 671 34 995 851 404 870 950 915 396 462 586 662 106 959 922 54 72 697 401 788 823 168 56 22 348 809 529 876 739 404 280 481 651 538 186 227 728 118 950 39 672 783 469 656 188 472 872 855 346 114 527 647 810 130 375 544 619 66 786 156 204 843 164 519 928 715 253 605 35 874 410 102 570 134 515 873 835 891 139 956 146 517 240 143 506 263 63 923 369 263 490 624 576 939 552 355 543 539 95 517 279 313 248 493 211 721 329 483 841 86 871 550 41 789 879 988 627 605 882 130 439 549 267 933 671 716 626 396 228 388 259 582 935 125 75 248 737 339 157 234 359 72 794 17 981 435 54 876 432 72 491 7 428 328 893 779 112 123 367 416 571 738 534 40 722 936 187 145 374 44 700 256 352 944 774 970 138 477 213 543 917 373 797 30 284 393 347 791 653 55 497 207 218 451 157 911 422 398 447 507 843 263 247 843 72 303 739 759 432 535 762 805 687 810 585 138 191 450 476 48 382 576 337 785 747 329 147 555 767 733 267 948 10 778 137 34 787 604 871 489 956 174 376 26 760 223 726 270 823 256 220 674 211 611 564 568 47 536 832 513 743 803 891 152 23 218 869 486 98 220 519 484 154 702 328 990 570 953 3 216 889 172 26 740 32 964 375 318 441 336 927 520 112 835 183 134 174 361 779 352 202 817 341 262 753 355 574 407 697 613 192 263 482 640 956 534 358 860 491 672 261 214 832 277 35 75 594 557 81 570 227 619 780 150 434 791 177 751 860 105 357 1000 542 695 674 525 87 68 182 53 763 557 624 603 374 423 941 979 382 346 958 916 239 735 924 132 575 324 981 789 870 517 244 911 677 897 631 677 498 710 558 107 821 644 428 837 159 78 803 779 517 37 162 192 732 202 893
179 921 419 627 315 53 929 372 423 203 770 677 411 504 52 31 586 786 669 760 167 100 557 215 516 191 464 642 900 738 503 780 302 785 518 243 862 661 747 991 518 493 337 963 303 463 325 191 584 736 392 698 90 376 33 115 949 298 978 802 44 930 304 617 628 597 115 782 186 973 626 156 123 853 365 621 189 829 970 870 530 464 733 937 635 81 31 105 815 254 585 175 213 938 53 919 112 541 712 226 689 915 838 308 702 139 585 732 646 469 476 99 934 325 63 599 253 34 190 178 890 405 426 64 864 574 205 805 393 222 346 725 661 289 828 225 371 365 559 958 202 916 540 391 470 237 662 604 186 551 296 87 831 701 645 543 746 332 76 171 457 756 399 725 585 716 724 344 448 56 563 112 799 734 366 925 868 913 834 613 181 948 374 656 846 577 57 180 146 261 319 717 649 636 476 702 722 920 688 63 625 768 995 749 710 510 517 854 56 759 910 396 513 452 325 379 155 851 666 132 71 579 578 613 30 674 994 542 468 438 596 423 392 484 45 136 680 752 394 176 339 376 378 542 772 15 604 191 652 610 889 762 44 414 938 913 527 651 163 969 332 57 754 320 136 359 763 131 132 978 361 377 618 939 696 884 157 168 848 931 958 703 292 278 259 250 378 624 988 271 632 99 290 507 631 220 176 832 72 246 36 957 913 571 488 81 989 908 439 69 93 136 721 18 507 400 662 978 22 572 82 442 656 147 22 816 654 522 223 189 152 181 834 243 907 840 401 1000 788 477 100 199 503 267 923 340 779 471 11 933 172 807 173 539 538 479 137 805 612 101 267 6 92 11 455 162 107 467 302 867 893 413 234 494 363 722 91 463 309 883 318 483 238 419 341 773 721 157 968 736 489 110 443 801 316 8 24 299 34 706 151 484 279 175 233 128 217 52 541 909 622 631 312 43 626 461 500 669 155 326 235 561 725 23 940 25 282 779 605 107 867 390 136 665 161 74 721 99 166 12 910 772 402 487 893 217 677 496 759 879 389 29 509 826 397 350 333 753 313 647 606 658 455 790 295 211 630 916 880 451 250 598 835 911 365 572 701 284 329 903 366 87 156 888 192 624 731 232 473 770 121 370 376 873 966 2 262 49 602 820
131 20 557 171 749 613 507 299 999 635 240 649 443 87 221 998 377 972 908 565 827 573 828 883 726 169 805 179 677 791 972 231 275 431 59 640 892 369 839 600 378 136 431 84 262 750 528 545 535 837 741 727 336 985 616 975 346 227 700 178 737 412 719 638 893 53 76 627 535 79 990 264 667 803 496 439 146 981 945 408 162 694 184 764 964 789 151 911 452 775 50 887 12 13 802 694 811 229 963 849 386 556 467 494 190 843 752 14 775 894 86 539 279 280 200 746 641 962 942 877 521 219 817 63 595 698 69 777 314 946 233 292 23 931 201 141 279 304 589 941 445 502 733 801 300 587 152 547 263 702 991 409 748 335 610 788 944 758 432 620 195 573 246 45 265 83 528 593 74 59 429 751 413 643 880 407 440 64 457 897 405 536 568 646 349 986 772 180 527 72 813 782 720 221 118 159 302 914 98 433 618 533 801 495 178 444 246 873 184 17 776 303 730 986 892 786 453 591 375 302 520 410 48 984 530 723 963 882 841 815 137 343 426 477 279 622 74 594 530 304 548 152 774 599 683 772 160 153 619 593 552 300 423 472 296 709 227 649 212 482 461 177 8 518 439 501 246 344 949 854 314 776 737 256 730 455 978 270 279 131 167 789 425 67 467 322 498 394 104 849 718 574 137 736 453 536 638 760 234 440 219 748 387 938 777 826 479 804 227 251 843 424 906 728 559 296 102 680 43 214 540 74 917 696 253 910 359 679 409 432 757 320 407 131 823 137 467 403 445 820 797 625 453 404 258 791 597 499 90 83 199 240 435 331 474 304 292 295 223 593 363 314 362 449 422 411 801 652 153 657 755 307 30 181 425 145 193 821 331 572 717 689 580 137 19 868 598 455 236 654 183 434 563 370 654 384 546 938 666 344 992 562 650 679 874 514 276 563 264 787 434 39 937 913 385 781 727 429 72 452 259 420 579 441 138 580 656 538 247 112 779 399 531 921 189 108 220 150 657 901 315 691 343 448 478 132 326 340 321 941 12 780 64 90 787 974 539 643 320 756 837 47 707 236 464 187 339 782 720 368 193 354 814 921 92 656 56 395 281 560 408 632 819 203 469 941 169 421 935 786 595 647 816 128 330 798 235 141 394 234
908 701 716 900 277 723 467 860 382 508 304 205 916 328 154 72 499 984 889 759 992 631 535 598 664 102 520 9 941 973 149 981 412 434 177 620 755 498 500 166 570 438 26 439 179 762 591 456 691 405 614 792 980 493 926 393 717 151 894 499 980 149 159 311 987 188 618 274 735 623 537 161 174 615 779 376 37 27 652 52 347 816 487 443 553 307 791 102 225 719 255 933 184 474 181 399 43 875 367 352 525 278 43 127 639 834 533 311 149 709 298 468 766 485 612 913 816 14 634 527 617 89 324 509 631 258 63 859 397 378 811 785 892 52 997 465 744 173 283 872 504 497 530 598 68 510 342 139 390 48 68 929 917 18 756 259 827 784 595 919 939 603 659 396 471 32 751 205 851 866 906 787 528 411 817 279 893 116 922 814 720 455 627 978 378 540 567 542 959 46 997 847 810 156 729 907 646 966 54 371 944 746 541 345 684 816 909 166 364 314 193 84 537 553 535 190 228 9 110 110 693 619 146 400 649 215 406 662 610 176 103 715 71 438 123 300 887 159 202 38 718 859 613 509 460 306 914 591 117 179 437 316 584 213 329 741 56 285 806 252 704 771 311 797 172 168 242 360 377 287 720 207 1000 894 68 781 175 950 819 980 742 117 335 913 708 866 785 1 896 800 654 583 791 666 663 507 754 928 909 606 926 194 699 693 169 126 493 902 104 11 511 129 791 677 264 35 297 851 231 34 995 160 268 518 502 877 954 710 771 919 907 252 853 422 92 238 33 55 611 594 291 275 87 635 52 685 149 400 435 103 364 945 372 951 700 779 397 206 439 936 651 642 451 540 387 997 865 990 446 376 299 858 907 856 683 163 495 852 764 631 649 776 988 703 366 905 749 865 571 540 262 157 154 513 803 558 412 540 191 723 155 843 53 327 279 404 581 506 889 569 508 754 525 292 554 513 48 323 443 985 721 691 835 605 131 802 956 260 235 980 952 81 104 567 864 197 463 883 563 698 736 632 407 794 632 838 393 650 695 808 832 314 460 913 538 676 688 738 440 977 54 353 979 166 837 702 611 543 717 212 34 262 662 835 1 117 350 5 418 118 758 846 918 932 250 703 63 830 623 143 561 858 89 699 342 765 86 558 826 711
113 572 26 894 774 348 346 765 718 618 421 727 183 895 535 126 637 312 46 522 6 650 462 61 823 115 157 218 714 991 899 714 742 551 465 597 680 974 929 380 895 295 562 96 310 294 800 609 882 429 563 734 840 432 675 572 629 708 642 597 725 539 750 818 921 861 115 644 479 623 828 171 694 978 972 329 802 686 216 979 461 721 447 880 117 601 673 880 721 586 267 727 199 551 120 416 410 858 63 89 151 813 126 733 887 99 777 276 812 915 779 304 312 806 183 831 717 6 64 131 824 272 222 1 541 448 194 7 777 861 228 887 297 914 327 99 417 75 880 359 209 433 532 620 59 276 188 743 360 181 673 468 764 901 240 322 362 865 676 538 791 678 829 49 803 139 73 833 615 208 307 985 954 340 571 837 753 236 730 413 16 926 526 159 573 852 192 907 329 340 634 401 68 533 486 728 677 765 46 834 576 12 834 598 49 808 14 891 42 699 450 566 768 28 536 997 911 788 753 191 507 701 586 590 930 431 127 403 866 969 742 376 418 576 644 501 105 268 566 32 239 204 242 629 616 559 677 314 754 219 182 367 989 927 87 4 838 367 144 309 887 74 577 287 143 57 406 973 443 606 649 570 147 548 54 932 169 212 138 227 249 73 73 688 32 599 819 214 874 459 180 726 779 314 305 513 347 274 144 564 194 178 68 619 122 420 82 102 140 288 425 118 542 590 834 438 83 480 268 502 363 594 897 331 278 629 182 972 522 422 736 942 592 707 763 725 97 205 953 123 894 258 804 643 113 901 992 386 999 175 694 531 126 592 105 342 979 950 232 753 57 117 256 544 602 941 782 52 598 33 865 219 733 694 971 670 799 682 131 55 528 405 186 973 219 535 937 782 738 343 339 543 158 337 165 643 111 93 317 140 793 323 711 716 483 687 795 678 248 362 403 664 780 413 939 159 448 652 471 916 471 951 791 73 904 956 566 852 5 136 636 416 153 146 854 835 681 748 973 749 186 337 530 118 387 321 49 621 679 921 167 812 572 690 400 796 622 38 480 848 435 387 111 395 75 931 186 325 778 946 681 408 369 884 218 819 771 839 480 336 859 1000 303 492 782 695 827 943 491 647 817 56 608 796 718 907 926 236 484 768
233 306 30 359 506 176 490 728 352 933 830 988 436 234 710 459 103 114 379 372 70 125 740 696 431 965 179 28 635 894 592 767 402 755 211 518 582 360 110 204 496 638 35 525 23 587 767 432 262 539 103 223 68 702 121 807 795 829 333 7 885 41 40 422 632 285 962 478 666 984 305 595 560 356 305 346 689 64 945 939 769 836 348 869 832 673 469 995 62 328 889 506 496 366 815 619 719 531 718 542 869 428 254 32 838 253 216 181 745 999 343 25 599 499 845 794 506 889 372 428 556 985 390 441 553 332 609 533 434 253 246 72 11 183 453 544 810 516 933 479 268 182 762 615 285 932 341 9 597 776 65 30 924 581 556 664 202 398 195 526 868 925 954 853 188 340 325 283 58 419 825 449 203 163 177 126 848 308 617 323 572 413 193 1000 291 121 5 266 685 843 706 885 818 391 641 272 259 561 236 236 34 885 260 839 120 396 814 665 369 510 532 150 220 797 979 508 374 9 106 954 866 621 531 217 294 375 524 9 782 557 507 771 638 245 818 753 227 501 781 934 837 76 892 832 780 716 730 977 221 642 238 220 645 86 818 528 409 905 828 830 102 555 106 716 763 901 499 155 853 354 295 351 401 608 675 370 868 221 856 96 307 541 337 236 524 155 278 834 359 446 86 39 359 231 151 15 110 174 55 245 986 462 906 451 573 80 974 495 169 335 249 831 209 175 593 573 403 461 937 283 756 1000 792 860 477 138 417 881 526 48 234 159 829 474 987 166 618 797 173 582 108 954 800 424 977 339 504 95 255 202 874 213 576 993 16 422 313 736 327 372 160 8 167 859 216 767 613 327 362 908 780 745 983 512 161 157 452 597 983 54 857 128 885 747 406 92 734 219 595 965 776 455 786 135 954 664 790 818 943 41 372 977 670 867 571 190 39 95 348 63 679 242 384 292 861 759 658 651 608 302 487 980 173 455 122 554 914 461 868 10 383 234 639 113 385 996 615 832 144 754 242 577 441 609 586 337 341 951 579 883 192 249 582 401 25 128 775 939 179 975 733 57 755 866 635 108 518 781 901 880 175 590 898 371 861 476 253 421 139 581 566 567 676 46 360 706 17 48 318 405 219 769 712 390 643 595 440 678 893 184
339 252 885 684 214 34 114 966 170 773 792 822 709 789 985 54 530 933 712 49 809 502 300 290 960 173 272 261 457 142 606 840 305 20 281 746 812 474 804 610 987 352 362 131 316 114 639 716 72 482 93 450 827 661 698 2 253 267 50 265 389 836 467 215 935 893 842 874 231 444 370 687 176 979 582 865 911 122 585 370 497 268 167 811 668 949 863 578 926 253 412 709 470 541 778 474 164 247 367 447 558 693 361 377 163 633 753 901 973 884 581 495 276 297 229 133 272 700 976 526 262 522 696 466 420 323 458 346 807 525 861 667 511 340 332 69 413 187 543 745 706 492 325 896 868 333 686 767 279 897 749 988 43 273 76 950 101 512 242 998 225 533 121 149 495 783 961 526 673 128 438 306 175 89 558 654 308 753 704 198 872 785 359 836 451 537 984 58 453 713 157 357 730 795 677 552 953 419 424 565 869 621 58 576 944 718 152 109 438 956 99 976 208 490 404 76 135 175 205 157 451 135 231 335 988 66 511 949 68 587 40 342 164 326 603 589 466 933 1000 575 381 159 230 162 803 501 103 735 4 46 28 392 118 634 653 635 102 386 98 486 150 631 398 753 875 453 900 486 843 788 58 787 81 781 270 343 510 112 69 971 896 453 918 13 341 447 725 702 873 241 413 972 31 276 995 328 534 469 3 190 377 880 357 97 828 687 954 190 207 495 982 553 915 623 798 514 633 17 17 984 323 925 290 105 401 967 772 40 859 237 251 487 740 474 870 805 783 166 244 691 473 176 404 199 211 321 944 426 45 518 13 383 166 928 410 907 108 556 51 592 308 920 620 497 840 839 159 682 712 743 753 746 453 131 357 875 336 449 803 418 152 817 86 798 330 316 110 732 6 387 997 595 911 298 665 444 103 461 587 870 592 435 988 977 139 845 769 135 556 567 66 338 262 605 210 841 117 225 882 516 839 390 305 270 252 984 894 593 24 538 629 482 809 823 369 229 727 485 415 357 571 489 525 680 938 438 369 626 122 384 592 137 654 867 683 552 789 420 573 797 994 751 536 129 409 620 261 745 835 337 336 930 198 791 935 184 911 340 812 525 627 114 613 368 70 903 628 598 823 423 787 274 101 193 71 671 195 96 931 709
844 328 746 328 618 495 233 218 757 290 120 503 858 241 125 424 347 421 892 610 23 834 702 853 525 152 754 983 316 699 869 47 850 91 672 661 645 158 791 791 440 343 143 691 676 180 47 606 644 164 868 81 50 5 56 534 637 238 882 3 432 785 917 408 414 155 793 139 340 192 137 338 439 702 255 417 596 964 70 584 840 887 723 201 793 712 478 909 458 949 559 661 880 129 48 956 875 544 957 368 925 890 240 19 599 828 879 372 500 769 407 916 589 586 815 740 335 722 281 192 117 161 433 733 970 240 122 246 892 390 235 926 444 773 934 844 37 242 852 294 691 429 99 381 950 322 472 50 680 273 384 851 717 689 966 416 568 404 32 346 616 889 435 877 703 446 632 945 848 370 944 690 538 65 508 150 383 793 849 315 722 114 252 42 828 445 128 311 553 509 631 881 98 135 101 657 573 995 94 806 805 141 436 63 705 702 221 285 546 484 41 646 131 977 897 221 383 336 849 127 343 488 832 306 655 309 763 426 256 864 101 79 843 957 952 89 365 430 689 396 443 398 421 33 16 134 947 864 84 35 564 880 560 160 964 423 683 584 362 527 828 98 806 168 15 164 771 918 144 367 395 255 973 599 771 523 647 919 768 514 853 302 639 288 530 561 543 619 986 659 690 634 645 301 720 800 86 351 780 619 157 455 992 288 16 598 965 616 849 379 108 756 688 996 808 443 516 457 426 961 564 679 946 291 546 940 384 60 993 819 766 405 614 454 310 139 943 465 354 883 500 56 870 353 847 182 642 207 301 445 399 653 982 460 31 31 46 579 127 358 822 725 73 168 802 466 624 674 581 553 935 630 601 982 794 224 892 614 987 12 864 204 170 304 708 25 982 816 561 198 713 989 84 891 13 119 816 924 771 958 121 375 158 943 78 875 281 268 685 283 601 498 113 797 373 306 506 776 39 879 430 804 107 914 424 700 972 412 426 765 696 769 775 536 649 283 38 516 986 348 353 607 880 281 634 274 256 247 379 490 189 581 880 543 515 257 959 100 314 119 598 689 126 423 514 493 749 121 910 151 355 249 829 279 439 231 923 696 751 236 242 404 822 961 458 696 939 537 98 536 939 875 66 64 75 747 704 488 876 632
614 853 765 220 26 147 307 991 875 52 378 740 199 34 679 698 309 480 968 167 93 641 744 472 421 389 716 324 842 267 503 419 599 228 340 794 745 9 919 904 282 15 155 660 779 866 966 911 227 994 380 762 913 407 963 803 830 339 85 890 908 351 2 40 165 101 270 416 447 913 581 666 124 768 498 522 908 437 883 962 405 591 86 962 660 400 282 935 59 603 118 998 410 525 846 242 430 244 389 794 369 317 398 787 649 649 39 339 559 120 891 941 180 567 419 603 723 296 976 90 691 592 60 241 405 743 883 576 38 242 58 934 494 522 368 474 522 155 71 31 989 978 931 899 784 625 300 746 365 93 180 891 34 545 503 819 99 214 102 275 117 296 748 359 638 338 535 797 764 720 858 943 270 51 405 82 260 993 480 147 995 2 351 34 820 260 670 51 516 744 774 645 18 753 590 575 688 309 317 210 13 372 35 50 725 162 456 147 975 581 241 305 410 409 450 927 252 718 139 669 280 245 934 807 183 597 398 281 378 781 951 64 779 473 471 291 586 317 977 229 556 349 779 397 867 425 972 746 619 23 289 956 216 246 332 870 402 467 52 440 154 254 557 28 241 21 852 262 673 970 784 430 70 931 561 628 699 940 665 492 204 709 43 164 327 273 81 253 608 932 999 939 307 742 394 548 517 421 264 979 18 849 762 515 720 602 262 540 843 273 945 742 215 70 649 481 177 910 595 42 397 64 333 358 58 236 318 20 633 917 698 6 458 854 186 642 15 696 25 190 824 574 995 947 211 847 209 444 563 835 815 364 862 643 931 916 798 707 916 193 664 78 443 280 331 134 16 827 134 943 114 153 848 791 732 15 817 858 51 90 125 214 253 477 79 349 301 722 566 163 655 662 921 585 944 556 930 738 849 297 827 134 14 506 861 608 692 984 856 534 130 216 532 136 653 79 182 732 13 458 810 247 712 582 258 938 231 836 559 461 424 426 270 848 615 518 70 589 154 964 66 29 86 594 349 737 565 511 110 133 114 484 863 425 851 736 639 438 805 122 575 348 699 780 307 284 762 569 430 136 173 884 908 764 378 524 454 424 699 237 806 566 544 703 526 281 258 272 762 815 375 710 772 881 226 988 514 314 347 47
571 280 478 992 439 742 706 439 793 646 432 971 507 698 171 220 965 192 969 343 776 443 41 503 760 297 919 770 91 911 717 11 410 555 559 660 725 922 686 335 326 755 288 530 27 370 472 751 234 113 862 527 927 327 439 70 103 458 360 895 828 615 214 520 523 893 369 407 141 21 442 313 440 849 341 160 74 517 987 217 212 513 602 916 29 454 424 730 40 334 280 57 375 725 343 25 291 335 246 123 21 229 256 113 837 504 866 852 130 34 407 289 472 731 938 156 897 904 534 297 132 986 749 125 808 673 765 716 305 319 485 154 347 458 321 29 837 531 349 984 916 273 16 556 263 660 942 734 199 843 535 321 658 293 690 366 507 607 155 363 160 36 522 969 522 442 533 461 681 507 7 2 863 250 347 522 314 629 255 789 551 777 104 203 652 672 221 320 532 585 526 177 630 894 216 62 767 625 617 20 76 215 322 844 506 882 995 608 978 90 106 549 627 837 416 497 344 91 350 106 332 335 307 751 848 89 323 162 841 656 968 651 350 270 41 732 418 274 601 122 581 537 668 209 306 577 272 850 501 982 583 197 551 852 848 942 601 943 454 94 178 33 225 917 24 983 682 899 963 214 665 745 462 478 254 97 20 237 977 130 948 799 358 30 38 966 72 807 669 634 603 792 540 141 645 727 75 764 540 597 676 251 534 310 335 35 547 955 707 218 334 873 637 782 473 11 696 154 35 176 804 985 143 163 152 827 987 590 161 332 511 949 669 153 954 486 420 204 320 25 851 916 306 850 135 130 398 571 168 899 197 970 899 431 506 826 632 646 310 524 251 423 7 445 193 81 377 743 402 660 753 679 81 989 960 9 82 758 887 161 263 77 809 536 865 548 203 824 952 318 224 989 378 941 754 853 879 76 661 261 917 683 411 530 19 685 559 212 612 31 265 740 14 811 390 267 347 344 904 532 914 164 709 392 612 244 918 399 45 280 981 660 347 233 935 756 241 362 282 283 259 447 742 913 343 543 775 307 855 610 593 93 44 563 506 213 530 338 597 203 825 194 107 994 426 272 505 540 788 330 906 662 545 72 374 612 862 101 743 967 696 137 745 599 88 857 378 233 858 190 694 478 863 627 227 758 275 207 973 674
85 908 925 193 670 809 74 622 165 267 3 659 817 352 49 375 800 365 188 544 278 86 737 968 698 722 953 225 919 171 489 973 84 233 703 661 654 504 682 729 646 289 592 463 981 247 371 367 675 68 323 551 936 154 328 194 471 310 367 306 536 809 632 284 904 270 601 665 22 155 986 824 231 743 105 299 422 670 47 330 36 612 104 33 483 541 698 330 744 291 433 123 937 354 180 103 585 816 497 440 134 534 703 603 203 855 28 772 78 323 110 585 148 182 939 528 774 721 869 687 134 704 941 539 280 292 204 940 402 399 593 483 344 742 468 722 933 48 239 448 782 651 189 793 301 822 46 667 418 894 462 184 540 285 503 918 144 77 406 135 832 699 74 754 672 541 265 883 599 997 796 896 433 936 870 961 332 157 159 851 754 429 891 135 505 589 195 810 677 508 658 343 962 659 95 729 482 930 443 709 745 948 397 487 445 738 438 286 196 813 740 883 227 39 145 850 433 393 475 856 848 508 612 864 35 729 341 847 312 515 224 677 989 612 270 970 808 670 667 639 876 511 790 982 855 333 113 522 676 320 614 978 731 601 40 346 42 912 927 97 382 958 212 479 126 844 224 659 165 419 788 341 953 101 87 887 117 794 830 788 184 945 424 211 217 380 983 625 228 473 19 262 365 723 358 865 434 522 307 110 765 496 194 434 102 58 318 244 110 232 463 953 230 845 956 88 793 642 102 838 103 421 609 670 591 727 639 258 309 622 267 225 465 601 394 462 631 621 881 604 170 884 999 998 595 365 924 96 610 887 660 833 650 792 409 703 326 205 196 158 288 256 182 244 948 255 33 694 687 658 936 676 598 745 364 855 786 749 564 326 470 648 32 483 928 988 982 879 486 375 87 127 81 463 862 564 386 477 619 436 539 11 330 926 901 261 773 835 584 624 544 686 81 227 925 457 661 68 404 41 989 905 82 637 674 272 817 578 550 975 547 910 745 82 294 792 930 321 940 455 851 393 138 746 619 245 47 34 482 461 907 495 169 421 383 305 209 258 380 124 153 637 202 185 588 633 300 463 178 946 792 503 954 154 903 967 661 281 73 807 411 646 419 411 625 491 791 136 698 987 368 317 888 486 452 534 137 756 738 712
452 228 996 346 392 967 786 167 586 745 345 462 956 481 844 418 867 516 304 748 674 703 323 156 880 709 914 13 270 646 485 75 408 129 648 565 470 614 438 277 578 463 739 109 942 590 636 651 85 853 975 624 967 233 155 567 533 513 327 553 852 989 798 92 576 510 22 92 384 532 17 209 125 142 623 77 50 945 11 578 385 375 803 563 246 959 209 199 292 316 121 552 752 598 360 383 602 7 942 918 105 975 910 427 668 643 930 933 377 875 294 597 724 480 140 513 280 361 267 651 89 825 339 61 254 981 280 952 129 959 751 118 53 672 456 826 770 338 272 926 138 949 449 883 77 613 553 121 890 746 395 435 148 947 655 920 358 72 220 976 170 918 758 272 866 219 85 559 725 176 166 411 35 217 371 772 157 816 595 542 483 10 799 457 61 621 177 327 558 348 668 33 708 885 544 397 515 191 222 611 204 624 808 309 671 812 48 987 484 468 224 127 779 1000 345 225 223 652 836 14 823 315 973 286 730 455 650 547 625 692 754 474 818 866 608 744 726 100 181 667 515 860 64 110 457 198 453 31 787 240 384 148 291 168 870 643 784 209 789 123 887 986 317 472 679 849 56 87 595 647 566 706 631 279 906 839 933 17 484 366 183 161 95 119 458 313 839 486 68 46 570 886 409 801 387 389 24 927 688 278 212 651 748 138 209 460 864 225 940 373 772 377 272 645 89 236 951 258 518 764 322 354 678 354 836 54 648 803 258 62 77 899 800 244 958 672 575 61 378 281 678 156 963 725 237 296 736 526 274 994 987 978 515 392 782 421 324 308 714 908 301 493 76 20 420 461 974 646 640 104 90 460 667 838 66 893 212 992 928 304 702 302 633 338 175 158 492 217 279 997 844 626 774 836 617 606 101 619 17 855 136 273 558 730 770 341 535 808 43 290 798 376 111 691 271 424 680 57 221 74 694 1 61 547 366 535 749 492 827 990 30 198 28 959 70 78 311 380 923 598 103 897 848 652 885 743 217 434 113 195 294 209 967 831 990 604 621 104 389 252 637 949 862 593 173 319 390 190 272 843 727 723 284 640 77 436 385 475 208 277 239 775 309 382 568 757 531 641 536 108 390 486 298 824 810 682 782 557 100 681
918 487 413 834 178 38 836 234 950 107 126 906 866 87 642 437 653 431 472 742 445 606 713 631 597 434 770 83 377 945 986 30 783 838 752 716 710 672 382 559 53 689 512 821 942 922 141 953 273 103 141 606 662 104 381 389 412 16 133 532 823 276 188 326 961 269 967 746 374 919 103 48 772 623 269 940 42 748 6 226 272 697 936 878 151 141 991 55 197 608 11 978 694 143 995 893 198 642 418 244 162 275 868 958 977 96 670 2 932 929 405 463 406 412 999 602 844 803 779 715 267 508 32 91 704 542 530 995 742 559 462 822 977 470 534 155 94 426 732 568 914 237 757 908 857 969 60 168 824 292 429 699 103 179 644 226 531 453 641 801 795 815 524 849 968 968 23 617 957 911 866 167 560 411 118 956 800 802 361 820 674 35 67 115 228 803 142 532 10 929 968 1000 253 863 360 764 23 376 907 211 188 437 104 990 485 819 538 898 321 893 545 494 583 963 219 55 538 434 442 337 634 649 118 431 983 968 442 110 464 728 885 289 289 891 43 214 78 49 990 347 828 513 605 877 781 907 300 601 726 953 25 898 120 879 347 701 343 879 594 455 623 726 522 454 915 15 757 992 622 969 414 71 426 153 333 891 358 904 119 659 572 665 540 540 275 367 935 32 36 466 842 529 757 871 216 561 676 888 620 182 686 604 972 957 939 423 160 714 730 330 78 742 248 731 644 367 343 843 868 496 120 465 288 308 383 762 390 294 48 142 799 713 420 907 222 503 835 39 329 322 743 380 33 57 294 691 814 828 459 140 50 880 37 950 851 128 424 605 934 618 526 221 960 270 807 68 764 820 339 415 167 509 234 479 356 494 908 47 92 97 189 582 692 489 298 440 112 623 896 382 535 122 677 273 179 151 568 648 73 26 89 201 482 274 50 17 350 587 734 916 995 736 284 687 206 836 50 166 64 835 307 701 360 392 747 625 40 147 712 211 356 732 449 741 811 607 667 356 672 968 408 426 737 808 538 922 171 485 59 303 334 306 636 167 744 723 24 656 74 983 278 167 633 928 468 638 991 686 739 559 463 148 227 246 72 735 625 177 24 544 388 889 694 550 192 46 823 968 816 580 469 195 623 510 768 341 62 741 440 854
185 291 519 217 130 710 856 788 44 363 376 184 181 43 184 852 992 5 843 482 463 876 470 289 844 256 858 319 23 76 617 621 946 125 555 737 928 322 40 198 950 101 972 523 828 418 857 892 947 946 296 410 452 806 594 95 86 418 100 250 629 822 536 690 38 176 773 959 237 774 668 794 149 967 29 943 850 863 879 560 724 452 557 725 272 953 433 55 607 950 141 938 423 640 142 196 316 606 267 940 740 918 426 831 287 670 58 171 908 245 987 422 986 199 401 118 735 106 88 282 496 951 932 491 268 120 632 716 19 52 704 271 362 703 730 728 390 554 388 346 987 926 417 415 321 371 943 981 606 946 330 324 663 791 178 103 306 919 202 819 827 548 623 403 323 335 436 980 120 925 945 783 575 17 864 747 936 267 252 339 416 204 337 725 659 600 584 374 723 221 229 533 340 470 765 719 49 874 571 794 693 929 738 200 579 666 549 659 785 910 998 641 614 294 559 101 83 181 552 422 520 79 922 111 235 701 766 287 830 263 992 307 575 529 309 862 795 605 868 825 770 968 507 505 549 497 694 417 199 954 484 313 911 529 821 889 335 25 96 479 354 242 685 934 330 61 312 321 894 13 787 238 751 706 402 807 2 451 814 363 99 229 369 662 425 409 819 251 450 414 222 88 901 489 510 628 13 256 796 524 491 551 444 798 269 856 780 398 788 809 146 533 654 103 290 715 662 807 667 833 973 400 340 602 588 894 308 270 215 352 633 305 440 114 850 695 914 320 327 984 535 573 889 737 889 945 822 548 406 695 278 482 519 887 818 541 698 570 43 61 601 277 261 213 745 658 777 285 253 359 403 365 850 704 913 97 212 91 359 824 698 929 968 748 720 632 118 796 206 508 239 162 216 118 309 977 759 790 512 760 643 569 306 177 495 522 98 24 947 595 563 318 718 840 19 844 852 782 383 871 246 203 290 928 638 129 801 478 37 872 886 993 461 281 618 378 329 565 622 265 127 765 122 916 970 61 929 608 233 511 975 131 655 457 277 341 117 154 148 51 987 666 920 327 985 566 151 282 279 254 470 884 995 409 681 138 520 314 563 622 959 262 596 451 148 128 296 912 544 668 327 658 29 992 885 615 470 550 577 17
166 674 852 90 888 642 822 876 807 239 650 854 303 952 273 804 936 853 784 731 721 948 118 335 362 8 623 445 151 341 184 981 352 721 794 266 513 195 295 366 913 732 972 251 546 397 293 313 914 406 700 874 946 594 162 898 644 174 441 282 852 78 941 222 152 710 981 221 785 412 368 8 455 212 37 772 773 724 592 244 547 244 566 949 202 929 890 427 892 156 983 94 835 549 19 349 826 727 180 533 164 718 560 514 243 432 240 341 878 771 868 192 730 571 818 130 877 376 266 901 684 450 153 31 331 546 111 12 73 544 830 744 389 471 955 100 500 175 104 727 79 380 381 9 674 793 142 449 730 858 912 643 922 774 668 529 690 958 903 738 147 550 417 716 548 591 998 846 483 304 258 777 697 857 640 319 677 266 970 650 909 690 901 28 470 826 496 27 11 579 981 131 648 712 964 533 902 715 298 187 850 180 374 82 668 920 680 110 807 735 467 168 662 1000 487 598 80 616 52 640 832 994 965 522 818 833 297 489 693 505 995 370 109 723 21 730 319 597 274 79 476 847 714 148 656 433 851 25 813 574 812 178 749 999 108 27 591 591 685 210 255 945 580 706 990 682 809 740 145 40 256 504 467 802 599 924 805 271 213 903 768 161 957 396 488 613 310 887 923 127 14 606 787 929 789 400 960 623 791 591 335 836 177 110 288 856 674 132 89 459 659 406 822 684 969 619 337 112 616 66 38 886 220 421 255 820 490 187 591 809 388 857 729 933 856 914 909 245 463 785 131 67 843 979 928 346 175 528 253 80 586 686 21 238 215 651 321 878 815 856 64 586 110 728 223 968 140 361 916 578 221 514 958 701 20 944 507 140 755 669 165 233 696 271 699 293 357 484 822 249 107 723 663 319 529 754 237 669 267 980 826 638 126 286 609 904 553 60 862 620 188 687 807 843 561 148 234 726 187 254 139 901 46 635 500 373 827 830 442 475 17 274 555 711 260 482 155 199 986 53 31 39 99 450 493 391 427 696 495 204 221 884 628 740 59 406 188 93 790 106 193 276 899 434 145 474 24 152 192 744 354 644 764 720 45 330 687 154 840 322 257 876 281 563 3 231 880 616 336 560 861 137 509 500 157 943 13 31 841 396
880 594 776 181 960 211 287 505 24 399 793 987 993 454 352 407 98 407 461 441 125 93 522 422 922 233 382 837 171 806 78 316 665 575 819 654 483 218 514 595 492 575 606 195 646 887 598 985 409 975 132 452 460 461 602 241 792 378 622 817 775 245 948 856 552 312 593 905 56 296 968 790 834 531 292 187 555 305 895 870 515 192 871 848 234 737 283 976 872 462 371 92 586 731 584 302 791 256 154 237 977 511 444 303 730 561 689 553 606 96 572 178 937 485 888 286 986 275 837 623 582 50 973 301 189 60 780 871 185 11 372 364 257 46 327 453 528 795 862 940 931 722 689 99 448 442 518 852 715 80 679 791 61 540 607 809 603 3 804 287 471 84 448 113 237 381 918 915 398 984 379 369 840 454 326 954 792 203 521 387 821 832 958 38 104 852 85 827 573 53 251 277 878 333 990 904 654 783 615 46 250 620 620 665 802 994 174 1000 852 457 417 661 350 572 102 543 131 989 948 747 9 342 363 399 223 462 279 510 609 33 843 715 901 963 251 784 202 487 266 23 369 180 261 101 331 507 470 342 519 978 143 917 309 250 985 652 79 626 296 137 153 600 288 534 398 666 978 210 574 249 391 114 602 526 79 476 730 117 801 726 972 591 650 219 401 832 254 891 458 166 820 516 606 813 615 371 196 500 355 761 174 709 165 428 571 447 897 546 145 930 705 431 190 498 513 462 255 684 100 852 686 489 634 868 507 500 470 555 826 906 942 419 450 158 665 59 326 410 195 776 333 10 561 695 133 44 577 70 936 632 291 355 335 746 266 939 931 646 191 555 323 155 611 420 278 881 27 318 688 682 809 666 563 413 249 646 530 552 257 239 773 246 762 967 288 260 773 941 474 370 388 364 945 17 939 374 607 787 284 421 37 195 324 16 736 777 627 970 837 294 594 6 3 44 865 184 45 715 942 748 987 89 574 757 264 21 225 587 505 931 931 122 773 901 708 249 127 167 679 772 101 582 270 699 909 45 691 303 796 399 618 101 522 241 830 89 143 905 644 946 769 142 82 160 297 693 185 555 441 116 493 605 957 318 843 385 106 576 509 451 617 554 620 867 544 510 413 266 78 107 479 888 789 511 361 555 720 620 891 752
144 52 58 746 272 213 345 590 484 185 927 251 370 613 870 318 237 430 610 925 741 156 155 974 926 134 750 107 699 141 946 75 898 422 360 126 550 669 973 806 507 283 906 644 14 630 274 157 530 704 846 387 64 506 702 978 2 612 360 619 831 602 982 915 834 413 130 826 706 570 871 465 813 176 642 785 255 482 565 888 872 848 111 518 850 311 878 982 841 807 414 984 292 451 355 696 512 37 623 856 579 190 700 364 313 362 661 338 384 211 941 525 210 619 877 986 632 730 720 706 278 948 735 615 245 673 862 87 350 458 39 745 55 480 281 613 266 130 388 802 407 784 102 878 659 448 950 682 9 700 238 16 801 51 103 851 193 550 102 673 440 59 701 772 897 778 823 757 776 183 87 55 711 272 961 786 906 931 656 38 992 206 763 86 317 249 70 621 381 266 486 918 980 801 390 465 705 756 442 428 178 305 329 93 795 609 654 404 694 577 560 860 435 556 511 240 751 872 629 282 501 846 280 793 873 982 661 247 957 866 895 885 563 828 631 289 213 631 980 969 719 291 56 834 572 415 697 855 935 705 474 83 459 969 411 36 259 332 973 150 262 928 385 547 584 81 614 526 226 747 165 650 870 475 668 273 71 237 544 870 516 944 569 411 714 218 13 575 853 499 299 450 832 198 225 223 164 525 19 832 34 345 337 845 486 108 595 236 830 539 641 176 657 775 168 757 295 842 450 300 252 97 103 921 793 728 223 363 161 376 388 390 382 937 820 341 881 305 878 280 692 453 552 948 241 912 845 217 43 260 173 4 244 545 838 148 692 380 551 831 928 235 786 414 845 692 741 615 553 138 583 589 63 888 328 611 742 346 627 103 852 696 952 954 967 372 764 206 228 560 60 621 524 806 860 669 715 664 192 538 623 770 144 655 867 311 661 66 102 446 738 4 946 35 6 50 202 420 211 369 643 299 828 10 122 555 467 347 502 351 973 398 573 295 930 240 967 962 254 638 193 713 974 796 285 757 420 214 485 243 802 819 884 524 429 302 975 964 480 882 428 990 99 690 542 684 730 592 653 116 109 953 586 563 850 241 916 705 392 523 941 273 776 160 515 487 499 420 443 578 696 377 312 822 309 496 969 15 187 561
866 494 633 827 119 446 238 770 744 750 380 974 856 503 599 750 266 203 218 104 717 420 714 827 164 110 177 174 830 346 696 457 795 780 304 669 619 665 104 106 963 252 385 730 616 642 283 912 278 260 693 793 765 296 614 294 377 224 661 933 754 777 832 36 188 466 580 894 626 243 198 416 132 523 419 753 260 71 949 145 857 522 891 606 57 973 859 948 5 157 967 813 421 66 695 839 176 304 63 126 194 33 773 176 673 848 395 444 105 964 609 574 40 289 521 813 665 666 265 807 898 407 18 678 167 272 297 673 938 346 11 133 482 832 641 232 566 684 75 107 717 729 630 725 274 637 871 98 486 944 574 294 940 450 869 167 290 798 140 664 680 241 781 975 329 519 729 617 337 413 973 119 312 839 357 12 769 160 230 97 244 281 458 465 684 336 498 218 898 381 871 300 348 535 255 174 261 664 706 468 645 142 246 25 171 610 566 551 404 284 783 940 107 794 194 19 105 264 194 357 243 811 342 670 373 14 285 146 65 922 541 362 576 305 300 485 300 72 534 852 140 645 289 413 251 353 157 200 685 420 277 252 376 294 762 917 236 121 158 427 958 104 657 2 683 630 819 385 845 609 879 568 561 424 2 495 61 810 914 457 715 761 779 366 627 675 961 130 697 270 244 137 744 631 312 713 564 417 268 764 469 734 409 856 322 167 371 491 957 473 203 992 130 817 802 440 310 519 559 851 88 880 942 656 487 664 700 945 75 846 474 987 517 470 221 909 660 367 100 52 897 409 120 157 319 712 772 22 641 423 502 267 260 315 997 613 678 241 246 504 281 334 321 793 747 380 777 396 827 120 126 494 885 163 821 605 373 750 202 183 873 887 560 622 326 848 75 476 384 152 475 825 229 481 860 10 528 299 441 250 350 232 921 247 548 393 13 134 105 340 530 308 122 664 297 983 906 847 96 875 668 997 820 701 302 537 501 217 791 647 87 994 846 420 129 859 713 529 259 426 546 816 998 871 866 57 491 647 760 561 681 383 859 960 595 82 10 834 387 227 147 853 987 100 833 127 289 402 40 274 13 798 561 883 253 597 1 936 459 465 92 735 633 547 529 875 779 848 603 906 824 225 904 121 664 946 961 200 100 791
105 865 930 227 916 726 522 498 583 847 493 838 20 553 909 619 748 467 715 396 476 276 826 496 251 865 733 99 636 83 406 381 62 687 801 742 615 886 270 708 27 295 225 284 323 420 132 233 534 671 589 58 293 155 580 6 396 635 272 11 455 108 782 91 911 137 448 514 382 217 54 958 595 580 835 290 167 776 987 203 245 302 611 90 813 863 734 685 931 20 506 20 84 473 677 325 184 51 960 581 490 780 751 596 752 451 236 270 811 665 910 654 321 293 276 640 148 663 898 123 633 149 307 900 280 741 927 688 884 932 516 511 654 952 164 561 225 317 824 152 184 194 832 730 792 93 866 545 797 350 178 585 234 117 679 63 696 632 885 831 897 236 11 554 187 509 815 987 389 608 801 886 516 969 619 478 99 874 572 261 973 969 397 543 68 666 562 179 493 406 459 340 632 749 170 689 708 130 586 546 106 660 440 474 128 409 639 26 610 62 169 697 461 80 355 920 472 587 199 665 722 556 484 766 670 729 431 201 345 333 418 159 368 679 861 62 670 290 233 359 310 655 507 835 866 747 449 43 520 755 112 960 113 843 481 835 680 189 412 77 140 143 749 789 582 194 866 308 823 885 8 494 124 5 488 839 203 190 533 704 523 907 913 900 948 93 834 280 836 11 554 976 326 905 298 503 87 745 847 338 819 404 898 809 826 660 520 298 558 115 824 210 187 487 448 87 380 888 329 770 990 110 586 403 852 36 567 296 478 778 807 786 192 178 437 392 665 309 752 282 612 536 50 396 954 92 241 455 835 404 279 911 955 410 476 511 585 735 616 621 942 868 556 638 316 493 583 916 312 822 161 48 244 657 693 185 155 451 148 401 851 883 206 202 841 283 772 363 958 74 602 123 912 247 361 893 713 699 289 227 778 338 543 389 870 885 451 600 278 997 898 933 626 351 727 176 917 589 643 665 721 31 870 741 373 257 995 996 226 876 493 94 542 10 835 998 929 956 444 596 522 62 510 229 689 873 811 487 170 609 901 349 516 937 267 775 288 322 976 619 935 157 847 581 437 961 472 189 530 109 565 827 879 255 282 836 48 924 434 350 811 685 185 296 619 702 520 342 500 58 538 962 920 226 331 579 573 826 17 413
386 123 988 52 982 332 346 121 611 85 842 583 205 872 346 218 28 532 288 134 348 499 868 106 84 684 196 228 58 58 8 378 171 174 827 779 751 350 985 322 118 660 702 969 297 987 277 9 408 933 365 786 234 133 441 368 243 35 713 196 29 416 21 182 237 428 629 52 394 621 617 632 33 508 972 552 765 238 784 227 3 578 306 125 273 924 540 504 137 347 221 656 46 431 121 243 366 418 130 660 752 212 643 373 298 678 816 697 429 817 145 551 752 472 888 39 390 333 41 78 268 2 954 213 645 451 864 422 542 393 938 179 620 808 512 532 617 698 736 893 326 903 541 478 504 417 900 943 494 604 420 849 185 605 727 443 175 380 592 620 802 522 501 633 517 58 563 136 856 355 445 636 493 29 944 119 451 768 920 238 842 628 811 57 91 423 213 804 679 878 327 614 683 544 243 765 315 96 890 577 877 263 913 772 911 816 873 738 525 769 267 602 691 954 477 243 912 442 405 260 853 67 80 144 260 193 346 469 206 976 872 924 413 466 63 7 977 197 73 947 692 129 371 693 182 911 650 348 485 388 843 393 766 923 759 816 672 799 624 107 344 249 571 328 218 311 173 564 750 582 466 889 295 352 894 444 933 584 730 816 109 730 601 141 303 239 154 140 97 185 858 454 501 328 452 571 397 58 2 237 788 396 562 400 896 663 207 646 110 743 465 973 132 394 421 944 374 556 859 212 87 536 956 532 544 742 971 606 664 778 980 385 239 969 514 447 545 110 975 246 620 998 642 344 764 525 225 803 338 430 447 279 545 651 292 865 692 355 232 378 232 216 466 192 380 865 862 352 641 942 578 557 961 440 214 990 69 228 803 723 870 933 892 237 81 585 739 896 927 51 1 206 222 531 851 938 216 817 925 551 134 602 838 222 655 16 798 722 771 104 535 904 860 491 428 351 552 906 465 180 859 371 387 329 911 615 637 397 771 855 893 674 162 452 278 406 470 957 426 286 677 908 651 600 325 549 841 967 788 136 821 628 291 905 444 133 573 153 910 946 118 250 654 739 661 120 735 501 956 371 641 73 970 683 510 967 712 133 782 961 793 65 541 218 825 488 805 879 180 319 399 748 907 307 143 396 814 151 118 572
478 488 866 353 723 282 281 226 367 677 844 980 292 165 39 134 268 708 92 106 230 704 666 428 626 352 717 745 589 369 384 458 238 317 914 69 861 803 447 596 452 429 707 724 165 443 723 720 835 716 194 669 719 607 812 944 481 682 114 212 4 260 515 586 310 60 193 223 254 518 842 566 597 630 170 931 516 694 266 918 524 895 387 339 614 953 972 75 949 988 171 412 923 853 606 535 86 750 884 37 652 430 265 873 690 163 38 700 31 300 741 863 871 50 273 523 549 366 801 169 572 916 825 83 4 150 895 336 966 88 39 667 537 595 275 878 982 70 605 293 611 413 807 220 135 477 741 360 893 506 412 531 373 803 742 155 715 345 365 745 601 750 625 973 935 265 302 624 471 731 401 734 955 52 765 905 303 260 933 759 854 702 231 817 359 553 331 551 103 452 243 314 323 791 2 925 404 681 296 41 652 630 399 349 663 573 383 54 888 426 38 866 524 805 418 33 826 646 266 16 218 861 284 568 146 121 306 388 729 331 529 294 69 19 243 198 929 793 350 751 466 178 7 68 586 921 249 258 153 794 565 220 511 555 659 512 802 101 645 442 505 35 153 266 588 958 527 138 339 532 296 170 888 629 193 750 457 669 535 187 505 334 346 388 691 598 446 625 325 588 455 351 784 442 853 477 975 216 521 836 958 23 844 839 620 677 287 870 661 687 19 294 975 929 872 656 659 448 27 502 30 398 868 905 245 806 636 258 287 674 458 547 791 243 528 216 193 664 369 853 349 484 679 198 476 471 215 29 420 58 572 640 548 745 615 308 764 448 491 698 306 202 622 444 338 481 614 857 748 839 710 775 539 773 282 497 897 223 965 809 499 736 503 506 588 460 553 728 443 859 25 199 531 710 836 187 233 762 708 855 445 434 16 476 190 612 594 138 127 447 316 807 956 233 25 695 561 659 667 562 94 344 900 448 521 469 282 578 97 681 826 30 13 996 394 17 482 631 882 381 5 220 473 289 750 68 942 909 102 849 782 310 786 359 153 908 616 184 907 212 634 255 803 942 710 514 662 371 495 375 284 872 602 684 755 270 544 917 566 580 249 951 979 449 595 642 25 259 270 128 659 946 616 223 610 6 279 804 902 128
339 433 270 465 882 775 787 536 774 180 599 773 447 329 203 822 216 744 548 285 371 921 743 516 637 628 622 190 208 62 433 961 561 490 315 928 201 838 720 920 963 741 746 875 936 161 764 473 676 897 566 610 857 580 156 110 414 211 746 984 616 538 54 456 796 630 485 426 269 77 823 788 847 568 486 578 202 619 779 267 979 932 740 727 145 835 846 475 498 673 428 249 172 245 133 439 265 39 772 470 470 525 531 501 655 336 116 472 327 690 424 415 724 777 880 842 87 349 630 96 462 736 559 52 235 745 961 704 777 50 16 781 43 306 463 916 909 802 931 802 553 358 231 789 163 460 308 525 625 569 797 862 626 630 832 443 949 307 502 238 193 17 161 680 547 57 332 803 90 273 239 323 147 299 103 348 418 649 821 363 789 613 174 936 239 806 732 63 294 534 76 839 973 148 108 310 27 281 714 944 295 962 790 651 127 126 79 855 478 848 667 154 341 385 590 977 365 263 653 836 407 807 523 972 205 13 254 400 320 162 929 910 426 79 391 808 614 505 96 304 52 113 84 285 982 965 975 28 670 465 822 724 783 711 114 581 919 246 75 710 871 897 796 847 709 403 983 406 532 498 833 408 206 105 608 105 307 964 501 132 970 295 837 261 268 754 677 772 954 692 700 785 168 144 214 17 514 785 291 744 262 85 791 17 86 774 852 770 534 835 413 231 881 899 946 698 102 912 997 788 194 371 269 378 166 294 977 967 297 750 216 384 89 252 229 678 120 517 273 621 398 648 899 47 638 799 182 482 828 151 668 559 310 981 922 109 425 730 837 17 981 636 378 155 503 455 885 963 571 107 604 329 583 720 882 939 475 700 194 535 455 777 616 683 213 763 293 649 623 731 246 3 147 211 827 741 574 777 33 446 311 551 39 83 931 212 333 461 365 108 553 964 847 769 843 750 234 179 916 611 695 868 306 236 623 830 783 339 744 257 808 705 957 506 216 573 568 668 420 32 756 709 571 191 797 247 819 288 2 671 243 179 783 46 948 574 802 631 499 808 792 856 443 786 954 207 404 689 226 499 926 689 197 673 925 916 1 174 884 978 887 221 813 263 415 662 845 855 500 593 672 933 36 823 319 519 843 775 822 354
677 627 34 449 271 878 32 170 999 476 2 839 350 867 725 413 350 272 65 743 836 435 725 172 158 627 588 455 798 229 80 221 874 650 261 976 817 454 976 755 145 322 63 39 693 943 768 478 983 936 268 332 891 701 58 488 942 388 682 353 811 949 990 175 338 8 620 67 255 355 100 686 496 61 810 719 249 544 469 563 730 501 113 549 427 574 22 693 483 684 36 464 967 943 383 469 999 427 28 407 767 74 41 885 439 376 3 967 915 788 345 465 862 253 909 308 365 978 247 54 449 825 103 875 728 38 667 720 113 136 229 175 355 201 897 907 372 689 720 152 142 241 233 547 785 615 236 130 574 139 839 415 830 634 692 759 808 267 579 496 585 702 72 543 405 452 33 287 791 760 802 160 904 163 705 402 546 801 963 412 430 327 724 856 445 765 879 665 620 100 206 439 43 179 149 435 354 981 579 348 346 577 694 560 303 223 43 721 671 839 723 396 951 143 9 553 199 715 331 794 926 917 517 496 763 615 655 335 725 792 378 245 257 255 437 302 862 898 938 862 677 347 416 778 192 968 15 29 317 806 984 829 666 998 198 3 96 775 983 276 798 536 736 496 595 369 878 474 674 284 311 445 161 633 341 267 53 529 268 416 724 276 286 212 161 856 76 195 593 548 496 218 366 578 654 310 897 688 90 977 211 595 71 524 884 504 898 321 438 515 207 183 390 796 495 473 354 971 817 777 204 330 350 483 843 682 580 697 548 933 905 317 876 312 638 92 964 258 539 560 396 24 904 882 738 205 62 500 941 176 538 848 956 659 133 502 50 166 617 74 333 547 877 696 945 882 746 109 333 367 798 231 84 118 875 160 550 215 580 322 589 627 309 95 368 679 77 57 986 550 433 410 636 510 944 534 108 995 18 236 821 710 417 735 498 713 474 868 163 556 956 278 523 40 489 913 314 492 697 787 78 681 348 482 657 716 807 683 925 536 628 637 321 21 607 553 84 431 717 654 514 938 177 417 133 89 349 142 500 530 866 265 614 21 706 765 292 946 387 360 500 613 326 474 71 159 433 363 76 177 579 188 582 581 676 981 918 541 66 661 907 881 95 41 951 258 581 849 873 513 846 347 598 445 739 493 372 34 316 421
732 194 532 279 752 216 197 759 158 621 483 570 846 681 699 807 767 593 466 867 670 158 914 848 467 327 623 362 963 978 915 230 383 236 335 406 518 731 566 683 597 498 409 976 721 158 696 160 492 557 988 64 620 432 850 621 728 290 15 666 679 734 458 119 66 913 56 746 987 721 907 576 493 217 153 325 952 667 890 183 808 482 93 415 700 939 803 683 298 583 548 381 961 389 536 464 570 75 566 193 320 378 270 446 791 115 681 556 284 822 218 368 168 688 915 499 422 340 830 197 678 32 542 70 907 624 497 842 768 820 583 223 267 850 613 55 74 319 710 536 479 592 198 726 333 916 202 140 996 277 493 149 906 745 443 120 329 260 805 641 382 322 154 36 262 15 880 225 688 218 756 492 276 170 477 42 234 700 679 419 513 192 639 736 842 852 209 366 565 360 401 667 832 191 291 442 160 41 124 762 687 338 580 104 433 892 408 629 402 965 840 107 205 272 562 847 663 664 983 453 191 174 395 537 863 167 166 219 933 855 118 293 804 514 107 545 674 401 407 408 716 580 39 262 300 332 100 579 992 910 560 461 363 240 996 604 198 449 930 708 273 690 955 183 628 904 638 149 352 551 234 633 820 367 942 160 729 167 638 293 469 448 741 724 363 455 411 265 271 808 697 147 904 375 776 776 520 971 810 949 452 401 81 237 600 92 873 724 791 107 553 946 359 895 568 148 365 143 892 367 801 800 567 435 391 724 316 196 494 40 33 912 66 481 229 193 549 619 712 262 541 583 530 130 979 814 903 902 190 452 855 231 20 599 994 754 59 981 82 245 15 809 186 65 243 1 133 898 770 411 888 272 723 809 392 247 793 71 758 931 281 758 118 114 617 717 436 999 581 632 156 516 803 474 626 298 472 431 683 100 669 701 460 957 923 781 603 635 681 221 576 609 811 801 55 847 864 185 109 211 403 114 126 386 756 707 291 852 158 136 254 408 716 854 160 13 423 189 885 299 263 681 754 804 166 861 202 60 616 573 792 633 859 181 71 609 505 844 463 268 670 980 346 766 684 552 707 233 755 332 833 255 84 819 583 26 562 680 716 668 801 506 193 822 787 640 15 228 319 504 822 460 240 213 922 406 69 139 356 975
275 193 720 628 890 617 204 128 399 874 511 47 753 891 973 904 915 800 427 20 805 892 77 167 761 130 463 9 508 101 747 630 647 829 715 300 654 213 451 724 313 190 324 894 492 691 979 509 794 442 150 623 269 459 350 645 114 336 530 369 166 182 129 454 214 724 93 999 457 796 37 610 89 454 550 540 366 162 114 283 446 584 421 334 26 180 210 676 368 575 349 159 362 326 884 120 480 171 108 748 561 18 244 265 552 559 876 546 68 215 812 589 683 771 320 531 525 193 610 126 278 983 482 687 529 602 375 870 3 360 477 190 137 219 243 277 784 760 899 75 857 434 525 405 419 352 702 254 503 66 329 959 144 522 518 815 459 982 194 95 573 101 303 709 918 430 332 185 451 474 462 447 310 546 814 692 133 104 646 603 868 36 117 906 105 122 484 375 238 9 108 149 822 62 911 817 132 874 105 670 476 996 584 449 842 851 561 549 53 445 950 124 751 938 98 202 733 74 194 366 441 339 437 45 692 625 393 345 608 773 24 179 871 174 235 982 705 965 70 405 880 494 472 684 605 518 767 319 837 445 389 967 436 447 443 910 817 912 993 183 52 62 146 97 3 116 678 926 644 9 787 991 56 217 682 294 977 616 836 81 729 188 788 1 655 270 903 608 388 696 792 94 782 871 120 984 886 597 209 487 801 475 86 505 900 457 246 75 647 920 216 910 966 1000 295 721 834 822 35 16 239 569 823 1 348 628 617 770 289 323 216 969 108 174 338 663 625 965 972 793 659 852 548 910 420 555 338 67 842 28 344 331 199 358 421 478 415 632 155 544 866 267 941 992 512 620 253 286 119 371 717 761 70 942 866 957 430 521 623 392 423 661 54 802 148 203 214 821 240 824 794 280 329 747 650 372 477 139 727 476 345 532 619 379 316 924 676 930 652 414 985 587 851 731 574 885 83 869 586 476 597 752 352 212 572 704 184 263 44 314 245 150 397 552 717 198 418 482 647 801 244 553 302 908 165 350 929 234 404 988 365 180 292 761 62 55 959 642 616 484 448 453 390 504 190 645 95 18 395 19 2 28 971 716 788 336 923 775 721 826 34 245 525 13 909 542 857 129 838 200 378 908 5 817 460 830 501 280 152 702
899 207 469 717 163 871 638 204 989 330 316 72 753 248 454 501 336 950 491 943 58 472 676 783 753 769 299 773 52 789 882 950 235 167 328 714 62 146 699 190 411 353 71 107 338 993 620 133 857 915 828 814 210 736 138 369 843 176 287 329 187 761 891 327 172 31 475 113 194 40 726 279 314 119 904 897 776 345 209 717 414 834 721 543 232 315 141 544 802 267 332 924 924 37 645 593 8 945 31 273 734 797 321 66 236 428 115 878 981 24 595 74 248 842 528 470 4 726 254 228 604 78 347 325 60 825 242 355 544 556 983 663 464 499 933 561 731 748 157 581 139 927 716 863 537 348 807 360 611 258 929 474 822 742 719 34 969 527 47 777 827 563 500 84 881 209 602 294 423 340 524 239 241 983 766 196 9 592 116 957 592 385 331 490 405 135 615 257 628 555 506 749 487 576 593 591 11 188 980 805 159 58 619 990 434 851 922 2 734 797 973 686 587 838 290 605 376 413 472 406 821 923 344 394 536 189 335 97 959 321 764 902 628 31 2 3 261 778 371 449 277 411 56 287 142 5 59 963 151 368 366 955 30 398 581 131 348 85 60 202 441 462 245 355 473 779 819 60 827 420 159 696 985 328 22 594 705 381 868 498 436 851 462 598 122 339 890 960 858 485 498 739 882 178 177 472 473 345 747 461 681 450 478 510 141 445 947 651 532 466 899 103 923 835 242 220 623 192 841 144 198 575 172 509 655 843 355 986 82 201 811 689 615 375 763 504 296 282 878 357 927 716 814 338 196 201 32 372 999 747 501 602 127 350 877 876 875 626 657 523 759 360 369 983 423 342 707 734 813 300 1000 653 7 244 981 54 568 565 702 749 511 198 483 425 867 795 511 813 807 235 575 625 396 296 316 381 626 549 282 199 185 870 643 545 342 404 604 552 292 818 898 707 452 67 523 591 368 645 990 198 843 175 274 856 47 528 361 1 844 357 308 539 40 917 849 57 288 891 507 305 668 871 751 810 721 945 735 564 525 837 89 756 767 516 576 609 965 35 298 214 428 370 55 220 796 627 140 458 579 504 421 669 767 63 554 667 795 783 883 87 72 300 469 338 35 416 36 702 267 232 364 248 641 935 504 761 946 118 549 634
497 511 499 123 932 644 835 650 282 859 202 480 699 702 499 947 621 215 294 114 504 793 516 537 803 935 694 826 142 966 272 155 521 630 31 784 390 906 252 202 572 378 753 626 704 96 51 785 26 930 589 306 232 870 34 683 415 442 646 152 513 294 501 512 644 339 289 308 312 503 852 317 447 834 903 633 160 587 842 4 769 607 395 617 512 424 618 233 124 164 27 863 99 30 809 733 855 215 115 751 126 913 201 322 490 246 209 456 821 166 268 9 604 17 15 919 903 871 333 9 973 911 94 807 660 131 849 732 566 253 421 167 721 539 887 371 954 723 98 348 410 966 119 774 345 534 187 833 401 112 989 205 497 398 768 385 839 97 703 652 852 7 546 296 595 945 812 635 118 127 201 852 756 612 50 472 874 92 851 462 915 288 682 327 590 84 15 339 831 889 258 901 203 178 320 289 984 510 673 842 971 57 147 400 17 222 886 639 113 12 765 287 225 402 311 73 506 1 427 1000 927 119 496 268 543 882 528 588 426 527 332 766 141 761 624 798 864 548 884 548 658 546 832 239 489 483 806 152 806 858 2 1 229 469 32 812 665 584 510 112 329 28 71 423 415 421 640 387 478 210 326 775 579 28 659 782 124 399 85 956 803 880 371 713 762 733 576 136 527 829 54 911 301 383 467 984 706 961 1 702 567 207 6 14 35 684 693 360 589 839 393 814 166 249 105 983 187 736 139 257 57 500 333 960 827 343 689 592 664 547 47 345 307 677 828 654 903 343 775 935 815 855 410 953 15 344 866 253 634 608 215 843 253 699 335 293 130 22 85 912 745 992 237 818 306 547 160 193 937 111 920 699 584 898 449 702 553 659 251 60 631 507 577 294 782 528 762 662 207 207 830 881 624 322 257 110 262 88 342 844 291 576 385 939 875 141 816 792 679 255 451 261 314 767 415 569 753 281 821 43 352 562 385 569 870 149 176 585 860 805 677 788 856 327 893 405 572 234 242 267 175 768 705 466 851 449 488 154 957 644 859 661 652 533 843 702 472 993 536 368 220 604 664 918 28 669 139 201 63 267 779 980 795 734 355 917 765 723 223 955 474 41 279 31 383 736 402 527 974 386 853 105 131 798 797 594 167 792 392 289
143 861 107 827 6 87 156 297 507 452 85 836 372 9 589 720 190 771 864 965 143 764 185 564 319 260 417 971 475 721 367 291 556 596 870 371 614 664 614 948 408 905 501 77 674 904 54 723 202 181 974 940 35 943 355 798 510 36 389 624 852 555 510 294 654 235 750 187 208 926 596 912 422 617 572 105 1 118 606 37 638 602 682 34 297 932 418 592 450 224 649 138 755 167 368 536 587 363 93 751 703 175 554 510 487 643 623 668 395 552 27 277 951 934 75 553 896 558 509 498 161 951 305 953 818 328 405 335 719 811 71 538 371 588 446 134 506 229 826 661 781 976 492 236 903 709 585 479 942 972 121 130 643 60 892 729 570 383 224 729 403 239 73 494 753 42 34 897 114 851 191 46 940 859 126 705 884 466 26 683 978 556 756 45 451 241 816 674 34 333 981 170 272 218 357 242 4 678 978 322 288 790 268 800 125 786 77 388 87 609 189 647 486 558 746 617 183 259 520 151 900 300 720 257 885 97 125 322 815 713 489 374 706 841 431 152 57 787 605 576 226 156 785 292 620 199 888 337 713 890 486 723 156 437 94 830 492 103 315 283 645 414 574 683 549 712 807 484 724 858 594 27 936 724 739 335 687 448 228 771 924 317 115 538 108 774 568 441 275 14 758 403 96 173 176 24 186 103 140 38 29 162 5 116 197 76 66 318 205 13 55 935 716 688 434 924 959 524 981 200 530 427 126 698 659 226 166 771 321 363 567 214 68 758 524 862 532 535 715 439 562 740 452 502 360 13 169 456 520 26 247 430 286 111 980 398 415 635 726 423 713 374 288 560 218 142 539 858 898 473 343 250 654 555 163 533 961 213 402 929 331 563 923 218 286 126 471 880 570 278 337 219 906 45 516 768 636 984 488 72 480 575 411 744 36 711 802 660 798 764 495 910 970 139 730 211 92 933 977 90 441 517 159 20 567 16 733 284 275 392 116 80 838 115 333 228 232 747 332 86 499 853 106 194 689 512 976 337 684 996 215 415 551 652 649 541 400 810 90 681 270 667 490 280 174 941 492 195 364 265 774 350 162 94 584 782 190 158 352 920 956 287 202 112 390 884 84 484 627 686 774 203 412 650 534 628 28 38 410 800
103 980 728 428 750 762 827 508 963 215 793 157 302 729 904 631 761 724 627 519 545 954 742 762 881 961 947 176 933 564 258 15 148 350 908 112 653 628 454 893 353 568 821 103 854 760 112 590 733 986 112 293 882 972 352 615 122 712 244 559 669 176 398 163 474 766 808 871 189 928 194 319 600 117 586 78 391 939 631 834 143 87 747 808 476 544 508 656 257 856 557 71 394 861 163 567 906 59 302 44 909 715 676 955 225 311 880 538 658 592 574 560 125 568 200 518 355 717 7 788 497 243 787 734 977 87 256 934 11 833 76 390 284 63 253 214 407 262 644 304 517 732 664 367 745 498 380 388 664 821 525 132 632 890 867 611 602 154 336 657 687 368 367 562 799 193 845 955 654 328 442 692 820 108 191 357 774 838 568 495 631 936 173 419 14 85 577 789 398 591 61 565 766 153 418 583 103 825 712 491 441 688 428 124 734 309 554 705 331 141 619 239 319 427 155 661 885 514 518 29 216 376 193 494 172 128 558 819 829 617 203 714 863 6 310 811 515 698 331 171 870 881 984 60 932 625 588 342 374 571 49 971 887 991 976 615 622 468 706 878 101 543 848 342 855 117 241 742 191 478 659 135 780 347 389 442 797 723 377 345 999 628 67 784 233 543 17 719 282 120 100 625 162 86 818 273 611 161 464 720 138 759 266 901 1 359 252 304 286 214 362 529 635 318 259 406 211 409 822 487 595 776 655 274 935 668 448 105 9 871 775 898 468 172 491 83 221 502 134 357 623 767 272 789 39 616 795 973 611 155 162 73 846 801 80 796 139 716 734 376 564 46 557 111 520 422 517 441 351 529 559 898 362 398 76 5 166 268 918 459 841 512 350 610 25 358 439 795 279 770 742 989 409 501 591 534 6 329 291 544 13 812 408 418 308 872 725 244 826 89 824 545 369 17 716 163 179 505 62 547 672 184 89 12 432 52 947 22 774 151 399 215 755 186 263 313 648 383 86 755 47 375 800 881 16 402 492 809 822 225 814 459 639 377 317 198 906 667 884 722 879 259 425 51 564 986 174 658 359 101 334 578 285 672 954 844 150 658 684 933 682 916 305 147 862 962 452 369 911 57 769 39 110 652 277 721 188 460 323 691
206 458 619 810 599 525 108 981 202 664 190 863 166 537 26 460 35 497 730 983 353 252 252 277 702 884 876 92 800 912 543 982 297 346 746 173 639 781 713 506 761 233 299 794 500 986 623 595 803 988 857 132 681 16 711 937 177 599 39 984 149 37 428 214 159 87 644 27 790 302 789 485 352 109 857 78 649 156 862 529 72 747 809 528 487 129 187 433 809 119 719 200 179 975 809 821 595 856 745 122 304 261 360 324 817 556 286 372 737 226 11 499 395 716 526 940 508 644 254 939 380 513 249 485 262 182 694 688 806 846 540 128 516 669 110 742 326 983 493 134 721 968 479 993 674 901 76 460 680 37 462 279 435 196 893 996 38 182 111 194 407 211 916 350 64 472 317 126 847 471 833 232 407 544 612 14 424 736 278 766 333 654 334 682 257 357 398 169 440 137 425 484 717 17 562 346 333 254 62 931 928 509 4 559 70 321 652 13 36 7 606 662 890 941 636 411 999 718 410 58 368 325 479 237 486 481 794 37 642 300 726 358 126 294 111 820 868 611 425 336 214 100 937 944 765 155 958 777 170 199 15 808 715 384 310 184 992 217 423 79 717 926 826 560 531 539 45 655 80 656 211 810 382 372 211 942 437 951 919 559 758 54 848 135 88 37 572 166 133 572 777 877 783 78 801 703 989 234 308 341 809 334 66 999 450 274 607 677 692 924 745 909 662 694 876 776 687 275 756 224 121 330 260 15 224 381 719 130 806 222 784 996 496 629 304 398 532 626 988 422 73 287 336 385 748 459 754 424 847 264 904 793 621 32 546 16 136 686 622 480 131 371 233 104 698 411 42 303 606 75 35 994 115 885 615 344 242 900 987 940 691 141 24 25 337 177 86 856 427 267 282 235 131 525 35 44 527 488 718 294 214 355 499 547 815 263 29 747 763 514 622 528 82 188 713 35 11 694 224 567 335 229 309 488 425 429 493 421 257 624 355 420 708 520 279 102 945 720 62 947 260 690 261 659 707 866 689 931 786 677 141 838 805 208 137 247 112 745 663 55 840 373 577 927 997 999 155 758 369 965 386 320 533 287 370 998 916 687 857 430 881 239 823 582 755 176 533 482 186 253 896 156 435 410 342 785 257 802 726 395
740 849 113 600 520 677 868 286 418 537 235 75 683 985 96 538 960 830 134 383 615 887 858 167 497 638 657 674 892 164 357 880 475 217 976 810 655 933 964 559 163 693 701 797 372 360 696 383 190 640 721 565 791 470 393 264 159 65 419 292 665 869 203 468 886 655 90 463 857 895 768 929 124 177 292 1000 82 384 658 741 972 1000 187 869 788 579 190 660 489 729 222 33 835 189 840 568 181 417 515 907 980 28 229 279 963 767 425 597 217 717 86 435 971 735 474 383 902 961 723 928 75 252 271 958 742 800 159 697 354 606 196 898 190 97 960 314 572 260 880 199 84 551 931 948 406 71 370 386 439 701 823 829 255 126 653 423 152 667 636 356 122 581 327 417 933 193 820 286 854 417 360 32 528 817 505 348 819 444 839 284 625 223 457 372 113 136 854 339 363 597 430 493 322 189 84 671 250 690 129 55 832 26 245 916 58 51 775 530 334 414 349 501 598 674 838 717 506 47 169 832 616 946 274 824 571 259 106 421 164 221 97 266 516 631 201 330 9 299 774 584 720 570 143 286 268 842 341 68 705 531 15 184 516 154 830 989 407 786 77 675 107 252 895 305 893 979 766 658 677 705 376 881 730 831 287 10 693 286 288 113 425 155 507 166 396 665 559 421 882 115 109 472 107 128 22 718 152 513 996 160 708 822 519 273 352 497 933 873 335 902 953 533 181 499 731 96 510 349 103 212 341 92 252 500 857 882 106 573 616 22 880 762 597 760 835 453 296 22 673 925 596 615 232 607 460 332 973 779 96 942 696 400 930 133 733 624 281 207 870 977 212 123 880 481 663 138 544 665 950 364 295 817 557 750 533 445 594 628 334 322 860 259 144 682 806 897 825 612 364 582 500 757 645 707 813 555 998 213 886 469 155 484 600 870 312 544 135 929 594 740 8 328 659 204 120 260 489 777 183 671 430 832 502 218 584 499 220 784 114 23 293 375 532 43 400 935 457 311 869 384 474 570 959 21 232 378 327 958 314 210 637 98 480 59 443 298 932 391 940 824 787 400 677 719 113 145 746 732 944 119 62 250 143 119 757 657 694 316 362 382 192 300 178 789 379 950 21 580 150 611 910 233 474 765 375 58 347 220 479 996
952 722 501 369 169 175 553 900 286 518 913 396 100 410 71 196 846 630 255 830 848 680 505 484 391 549 966 258 923 399 618 824 974 935 96 770 966 91 275 110 675 256 319 598 327 386 475 75 735 853 751 675 568 514 723 973 951 360 483 597 434 960 453 129 364 243 681 816 75 172 989 389 675 837 355 999 731 360 259 339 327 929 644 392 799 325 442 51 932 679 172 633 609 816 237 298 756 370 180 956 681 364 607 894 403 187 114 553 108 298 132 180 536 198 895 29 418 55 788 777 41 852 136 401 865 338 182 488 374 757 123 986 639 401 130 216 39 867 961 754 559 546 126 928 154 301 5 568 756 2 477 926 324 4 756 634 381 378 119 413 893 856 272 969 401 548 391 526 523 887 523 480 184 851 513 301 826 246 833 459 832 975 911 810 649 655 283 89 856 847 140 432 577 76 82 276 388 469 226 162 243 193 812 794 981 962 703 52 723 999 943 936 136 904 801 278 130 994 510 440 108 726 288 830 333 723 69 967 447 927 831 298 99 155 60 293 564 259 461 975 963 502 663 521 836 777 533 483 449 846 173 6 364 88 756 612 490 396 267 591 818 713 782 551 370 121 645 623 684 284 168 483 191 912 90 197 435 788 534 236 690 285 293 3 334 749 617 639 724 284 345 546 869 399 497 139 379 731 397 181 624 959 546 884 37 710 710 627 565 359 673 486 473 824 212 717 303 784 259 500 964 645 16 251 913 751 303 394 91 349 790 256 793 704 922 829 235 336 182 521 121 155 260 371 650 439 804 248 281 113 32 124 264 290 434 161 857 945 583 190 505 342 114 568 515 213 337 387 693 13 928 81 682 471 267 964 539 776 771 814 69 323 787 518 821 803 310 980 715 893 122 530 621 343 292 112 927 445 204 729 95 969 194 110 584 849 5 74 756 849 55 430 724 696 470 631 207 107 333 628 608 801 95 946 222 30 126 767 604 770 476 554 532 719 902 321 351 194 628 958 887 637 455 460 501 744 992 5 964 90 854 61 503 289 235 681 844 11 760 289 667 917 435 145 368 815 876 39 259 979 756 304 203 517 484 422 92 303 939 762 933 352 319 254 90 216 703 529 180 590 534 34 813 811 555 300 700 305 23 214
126 798 580 908 622 639 322 213 395 625 810 329 992 715 452 824 201 873 696 546 843 809 330 294 401 870 434 60 76 537 725 340 653 8 330 107 650 851 779 679 17 762 974 977 273 484 548 135 842 247 105 12 389 773 419 273 162 129 529 332 392 279 649 157 183 339 817 783 532 698 475 100 513 158 267 766 451 569 957 876 690 407 92 313 827 234 385 386 296 468 258 997 660 908 526 176 938 14 392 301 237 772 914 163 363 369 611 404 623 34 937 948 623 246 298 110 61 387 149 960 319 769 685 121 147 312 746 40 137 677 422 591 575 73 555 5 465 346 473 840 964 480 602 12 323 654 649 267 399 807 260 7 341 414 709 508 743 374 869 817 920 815 900 630 636 379 131 309 97 691 890 857 39 29 412 306 675 925 592 976 998 271 858 405 304 116 780 340 572 638 807 998 392 807 955 575 38 211 53 822 147 289 926 571 979 315 369 582 909 747 822 644 685 647 946 70 184 644 866 538 432 192 216 106 171 572 83 966 131 361 640 710 895 180 3 481 68 479 576 848 529 34 813 419 401 560 311 856 271 605 44 509 624 310 249 903 21 413 821 577 529 711 978 212 162 574 442 649 266 124 981 496 152 250 881 855 414 59 378 108 80 763 534 515 890 108 967 936 692 333 399 818 380 17 59 456 591 152 2 675 634 192 503 419 855 110 543 981 11 938 717 147 43 85 49 344 528 912 54 172 826 216 564 660 588 515 726 103 190 515 736 857 978 267 826 62 62 32 874 330 396 432 917 879 51 920 955 553 851 660 725 539 15 113 735 948 449 268 590 699 634 737 423 301 192 172 266 850 433 950 18 842 932 897 730 620 647 636 545 979 606 642 131 489 523 153 53 832 29 945 418 699 231 895 613 744 322 208 652 1 720 703 367 785 169 104 278 533 922 60 358 322 322 560 630 149 93 424 58 855 394 715 610 905 672 51 959 699 973 924 69 736 823 821 918 878 717 428 400 764 241 923 939 450 304 550 367 919 823 408 885 168 307 859 319 73 297 178 75 790 59 331 279 133 77 83 170 180 894 524 985 1000 697 839 722 800 444 853 223 307 580 343 391 549 437 808 898 699 666 758 819 737 168 985 257 718 773 620 650 622
282 914 729 379 703 171 432 370 501 457 298 84 882 25 455 83 769 452 153 905 965 27 653 645 369 768 750 961 231 300 59 340 276 519 122 217 590 821 936 515 659 297 910 903 238 586 624 882 468 468 109 882 225 911 524 347 608 433 268 828 563 80 877 472 948 182 999 263 461 677 363 611 327 986 685 247 444 480 823 831 900 854 676 790 403 557 977 556 563 132 597 459 168 713 333 261 917 109 995 225 823 194 731 110 691 418 741 23 157 264 82 504 650 976 333 29 690 672 17 557 76 599 357 44 826 295 165 110 258 984 953 104 34 903 387 821 630 84 203 797 323 351 877 494 701 768 568 378 441 794 658 344 811 225 882 789 807 910 501 337 556 959 526 30 19 396 548 813 336 836 808 710 64 872 903 576 154 307 823 461 136 592 848 575 3 181 182 440 722 454 982 621 818 384 476 399 725 369 547 670 781 383 476 954 247 424 95 810 797 804 344 769 14 881 320 857 172 656 626 963 217 508 330 706 52 516 752 992 435 556 806 393 160 237 712 956 718 742 451 174 105 895 242 722 145 682 700 857 149 236 768 374 491 876 404 924 766 518 338 14 146 626 301 218 477 724 760 687 231 126 477 674 555 511 309 882 371 806 736 520 786 162 55 863 99 408 452 117 69 716 860 457 924 166 81 305 34 237 778 205 847 892 550 537 140 452 345 512 635 860 441 648 729 629 645 77 134 584 722 634 194 585 845 274 258 843 563 306 131 261 711 81 916 551 615 259 841 436 755 779 241 973 275 142 457 145 525 889 256 903 430 766 734 883 887 334 551 534 766 231 844 403 738 392 357 546 763 850 819 300 275 985 583 803 17 559 320 470 707 534 597 945 180 441 665 359 359 414 670 450 468 268 920 979 855 570 729 754 123 465 556 133 395 278 428 774 645 57 805 955 445 113 390 656 13 895 534 797 462 480 385 622 696 90 820 38 406 852 448 895 126 574 710 381 281 360 196 52 233 742 350 632 154 840 414 681 47 200 124 861 680 748 440 525 945 900 699 546 944 254 873 808 799 40 877 685 611 107 207 879 663 112 698 427 591 531 756 240 565 151 11 459 863 888 852 793 208 786 868 865 580 96 377 898 721 763 375 20 419 248
361 222 251 834 983 244 745 746 247 44 587 681 540 322 265 137 62 852 815 912 761 936 526 836 666 142 421 500 537 375 400 25 551 72 57 570 127 539 311 471 336 24 617 435 300 259 191 936 61 819 418 547 834 215 551 515 17 492 54 646 934 857 155 566 916 817 901 658 568 71 283 514 681 200 396 590 8 68 272 504 248 140 784 820 955 181 10 206 174 124 19 982 262 798 67 15 770 706 21 129 654 750 879 239 240 854 387 847 127 806 227 448 581 496 705 585 373 952 941 965 7 400 171 11 8 490 124 690 183 480 805 2 783 870 886 271 824 884 27 98 622 596 191 855 650 308 242 343 601 93 826 650 866 911 163 183 340 287 581 112 634 135 577 560 598 2 345 317 390 27 867 63 736 540 648 92 457 688 877 765 140 753 632 78 652 466 762 158 431 95 539 803 231 575 890 893 964 233 247 511 782 671 710 163 907 794 288 721 429 633 492 517 138 259 316 462 51 215 672 507 854 358 621 264 442 609 914 535 878 961 773 379 426 22 579 195 791 658 201 934 432 845 496 768 622 428 565 91 182 184 880 32 103 32 243 942 59 13 560 979 619 974 836 32 958 485 196 382 187 528 252 858 215 597 243 50 840 537 188 944 782 791 505 918 770 357 624 609 130 881 551 605 305 438 17 352 423 691 509 728 76 615 628 198 506 860 315 568 912 314 228 917 455 553 816 205 571 133 403 288 269 121 32 641 70 886 418 156 631 829 390 160 286 11 888 338 20 934 443 523 559 811 311 185 646 456 363 792 761 186 158 202 44 612 195 628 161 111 940 815 387 967 245 762 307 471 220 563 278 131 373 271 100 846 227 695 71 909 311 237 933 752 274 797 321 681 214 261 702 380 92 907 451 255 583 857 318 671 470 372 931 739 72 354 167 529 265 24 612 611 405 783 945 52 9 699 330 284 730 772 793 475 248 178 78 378 207 965 84 786 490 891 254 379 839 377 648 781 617 25 35 469 548 23 397 524 734 380 882 105 277 369 152 562 476 683 210 345 818 507 560 639 658 118 454 783 718 736 794 216 184 896 418 252 158 669 403 470 584 248 236 876 58 80 6 705 893 583 489 431 277 672 844 410 139 403 987 329 92 738
848 530 257 965 223 24 338 353 982 501 510 774 563 497 190 460 881 542 938 591 879 349 25 954 522 20 99 861 709 864 368 671 109 479 342 61 580 382 613 329 924 853 121 148 310 391 631 100 31 97 910 882 204 625 270 86 778 793 320 779 256 213 593 307 52 250 422 494 551 171 139 602 908 640 543 129 68 357 921 864 157 409 276 725 74 767 78 489 376 770 654 119 967 996 660 649 998 7 302 356 378 372 457 926 917 286 505 201 550 994 820 306 495 413 141 796 184 585 153 486 170 548 534 618 247 898 919 227 554 213 26 964 757 775 607 84 2 254 567 464 293 799 761 853 488 421 295 878 718 683 31 777 184 89 734 782 850 616 754 719 105 134 421 806 552 723 965 893 926 415 727 622 295 934 346 208 567 276 254 669 183 178 886 134 320 459 29 242 600 474 391 205 675 442 366 122 815 39 389 411 63 923 853 41 522 684 977 537 172 966 553 169 349 827 202 48 849 204 579 992 679 197 765 291 292 87 598 205 978 874 904 850 666 110 473 608 326 976 274 684 349 987 600 962 184 274 11 578 382 1 146 607 587 998 452 99 855 635 650 312 134 674 786 582 782 464 35 890 956 512 490 14 358 100 82 102 960 200 399 36 354 573 13 322 449 31 88 241 221 209 334 843 823 90 432 791 71 556 129 856 531 103 933 890 319 62 41 621 597 170 936 895 150 934 619 630 422 631 440 414 35 875 284 800 970 612 67 196 432 507 260 515 807 635 27 250 633 927 932 989 529 489 857 764 892 384 675 653 195 832 690 634 176 44 434 256 838 91 97 651 837 195 338 985 411 771 844 536 579 326 875 159 902 389 743 644 217 378 485 43 874 92 354 565 622 863 148 588 518 11 624 402 468 412 15 978 650 371 779 601 375 502 624 793 145 853 379 101 458 386 289 982 212 246 222 243 906 850 378 532 166 603 965 326 38 892 71 519 782 123 16 217 544 665 120 414 248 18 981 126 561 996 498 42 662 361 141 941 966 802 780 546 131 156 498 997 511 575 659 973 417 730 424 314 223 710 873 793 351 201 453 11 140 403 852 764 304 752 92 398 650 336 456 430 6 39 460 571 918 661 825 461 719 542 368 208 528 31 356 170
421 297 148 411 548 378 714 389 91 365 310 752 264 970 21 729 430 492 925 174 913 508 364 811 399 675 802 228 595 344 312 823 926 816 360 739 195 674 538 567 727 387 220 323 210 870 858 116 792 909 677 911 104 182 3 361 64 380 44 396 733 432 698 457 851 952 597 967 1000 85 460 283 410 86 962 784 615 412 238 5 693 791 592 858 274 530 155 973 13 686 793 777 587 33 890 943 249 394 691 964 880 34 78 245 214 341 281 926 155 836 806 483 609 133 860 948 786 135 148 338 75 170 244 3 289 13 343 620 619 798 504 59 765 896 904 854 380 147 289 648 122 936 916 200 419 629 787 723 335 143 74 193 74 238 453 775 768 140 800 178 566 165 826 460 850 454 673 594 864 366 332 81 339 292 950 77 212 369 962 523 374 30 911 603 545 910 127 640 857 95 115 522 455 537 300 729 608 794 934 191 975 427 134 101 405 993 241 310 272 713 812 793 782 812 919 62 384 808 513 625 180 48 565 315 801 697 702 967 153 873 245 856 244 798 35 28 873 671 553 42 891 474 684 283 650 597 239 709 634 65 147 486 610 399 912 287 301 650 190 645 418 663 472 865 917 576 43 642 816 354 335 646 677 588 966 44 712 794 308 844 264 676 223 739 89 353 211 736 30 834 381 796 226 791 988 120 930 610 623 725 563 458 607 124 435 347 450 101 591 518 753 726 595 301 224 758 949 591 750 46 310 895 977 730 45 393 233 587 425 263 750 584 320 284 594 274 230 935 531 218 628 472 18 219 668 268 201 117 174 416 801 892 192 144 361 789 938 58 455 855 893 734 242 987 103 771 371 316 643 622 275 285 978 825 608 324 240 26 822 131 998 867 783 44 488 464 859 842 183 146 185 569 303 323 313 733 269 548 454 235 35 409 236 923 376 874 814 853 484 649 640 893 640 444 211 840 622 439 943 860 649 582 46 600 651 518 598 661 440 228 881 306 686 724 716 452 255 362 224 953 966 670 669 784 779 732 53 256 653 885 809 328 815 951 429 441 646 568 267 127 973 711 404 60 583 848 863 691 148 852 75 405 169 40 836 818 824 294 844 870 100 400 589 626 445 769 995 611 872 723 418 330 751 104 819 475 109 170 272 641
559 838 540 831 857 217 402 618 493 750 340 395 31 936 339 930 734 842 931 341 696 348 210 786 256 787 567 753 672 930 891 588 763 503 101 949 603 549 749 159 522 97 697 423 295 45 976 991 326 2 932 903 742 785 994 669 681 540 791 531 359 264 177 704 828 16 265 249 793 914 172 380 275 598 111 404 623 374 596 442 28 407 358 988 778 854 142 765 807 402 24 850 827 469 745 863 839 638 926 597 454 242 48 217 921 563 744 535 156 952 845 795 485 851 703 200 913 832 661 213 55 165 137 789 672 110 952 202 822 474 94 581 588 211 335 340 678 308 804 882 70 625 239 691 172 379 690 112 477 903 860 263 680 681 937 556 873 534 253 668 42 809 995 288 884 732 708 163 224 73 618 511 857 329 296 966 241 80 124 379 368 288 908 474 971 928 701 606 673 197 268 926 369 820 622 257 687 893 287 412 296 136 315 228 661 915 391 392 97 847 116 485 467 730 352 213 907 778 963 424 164 9 86 136 111 120 369 227 261 904 955 501 513 5 621 682 420 18 468 959 302 645 319 370 802 783 434 105 490 759 351 748 536 256 889 762 936 389 513 957 153 929 126 567 566 314 112 797 213 849 290 327 769 10 158 98 23 383 745 491 712 908 923 317 649 254 123 577 230 491 646 425 841 670 712 91 768 868 339 61 453 283 959 897 597 285 402 39 287 325 737 79 439 576 885 754 46 525 487 885 331 17 818 803 852 664 541 247 234 352 393 785 459 794 916 829 819 88 657 242 790 121 680 242 130 212 140 820 139 250 418 264 618 787 299 28 606 996 263 64 193 805 225 989 822 590 748 757 965 383 400 679 297 187 305 246 758 935 733 14 448 199 103 759 875 757 106 879 277 74 212 468 639 314 431 801 418 662 497 636 943 41 83 804 223 574 181 252 539 293 481 326 228 722 176 678 736 489 96 595 706 32 704 662 941 48 830 735 154 41 300 559 112 548 520 573 298 587 153 356 734 763 127 802 106 718 321 502 444 195 73 329 749 784 292 869 855 696 652 269 953 394 282 110 399 403 118 946 314 682 87 92 169 279 188 654 990 67 572 424 134 163 259 821 251 502 467 906 476 265 260 456 909 472 354 498 95 92 752 719
1000 182 636 756 51 44 410 268 613 80 110 840 252 828 63 560 28 596 827 272 516 395 150 869 816 714 296 444 991 342 369 748 318 870 321 841 721 854 353 594 887 241 355 959 908 961 122 500 224 578 623 810 718 485 616 835 300 592 695 259 758 955 969 398 78 949 999 563 166 616 695 996 862 746 110 274 647 867 276 280 615 758 344 803 262 923 552 851 52 814 9 85 917 283 137 625 72 392 436 650 581 937 738 774 258 29 404 161 627 579 958 221 304 407 473 753 89 295 829 14 852 196 405 665 109 102 389 897 303 551 130 94 587 569 636 181 815 76 599 745 771 568 605 929 702 243 170 518 580 347 623 831 646 950 440 473 253 182 179 576 993 747 971 546 545 676 585 543 57 700 14 902 978 188 845 270 600 759 705 385 287 52 656 63 252 150 439 948 900 271 322 40 84 783 65 103 246 989 846 972 842 413 202 140 495 101 257 89 938 762 138 398 814 945 557 926 538 307 10 765 549 126 880 50 38 778 592 933 618 616 775 270 533 992 805 215 245 215 597 36 655 591 190 685 417 311 569 117 466 348 85 978 17 825 154 800 189 958 788 760 881 225 192 101 352 946 740 326 283 850 543 498 585 395 232 444 772 41 98 602 573 919 490 465 578 180 986 55 67 545 708 645 690 852 912 341 281 719 829 739 184 215 132 43 694 146 80 457 772 434 37 180 8 606 855 103 483 855 787 237 818 926 589 985 285 907 206 722 247 255 444 892 75 521 60 17 400 22 896 315 635 573 473 8 387 171 476 522 578 563 670 948 785 115 88 681 242 277 87 693 410 318 333 438 198 444 225 400 215 63 837 688 293 563 89 591 313 568 226 168 667 314 192 710 768 584 868 591 447 555 615 541 548 545 304 270 652 70 977 421 592 138 813 250 691 303 850 883 59 263 416 590 790 977 473 549 878 885 198 494 821 344 314 379 576 847 260 191 258 428 762 493 908 386 198 969 378 76 637 583 286 587 715 455 463 644 116 451 809 988 343 203 171 998 839 192 418 929 467 901 766 906 107 983 162 51 673 178 763 988 342 4 851 869 838 897 918 251 890 788 405 614 799 566 997 374 195 377 970 487 618 706 609 648 305 472 582 319 787 868
585 499 77 482 754 458 841 894 42 40 83 815 62 599 693 180 252 505 995 632 388 148 444 634 688 289 591 677 298 649 283 748 143 842 984 637 416 69 69 875 980 413 305 728 931 772 375 465 145 183 184 710 109 707 460 894 14 219 314 398 703 944 587 627 396 993 747 894 678 713 232 257 893 883 639 207 396 568 283 546 414 792 134 811 900 173 436 656 851 559 470 276 374 604 505 880 599 829 543 177 23 949 843 414 976 803 169 203 87 847 405 383 981 825 416 529 658 4 537 697 125 912 670 766 486 343 499 216 257 885 725 978 4 50 451 545 648 666 772 195 214 372 35 254 641 475 616 138 826 222 625 685 686 9 847 196 344 217 169 663 695 73 26 152 744 352 851 312 682 693 362 443 394 660 686 343 164 372 425 49 498 377 754 214 427 834 200 342 364 942 287 703 357 418 424 999 366 303 954 409 371 91 959 439 255 361 210 924 493 48 382 63 658 849 273 469 504 825 672 606 878 233 748 708 675 386 706 995 160 372 886 710 776 294 198 511 999 556 514 170 497 966 36 261 741 523 575 208 306 595 107 602 741 693 199 27 312 892 947 117 916 404 525 223 633 674 420 359 873 378 180 960 526 886 835 879 469 496 633 951 106 452 810 794 138 390 831 824 773 444 726 54 840 712 250 332 768 23 303 894 665 312 254 347 121 126 181 723 72 995 967 63 686 132 827 379 179 447 19 224 10 500 395 912 254 696 578 335 981 859 442 46 891 476 574 672 26 585 889 993 419 18 126 71 719 295 599 55 168 344 496 509 649 418 630 217 695 497 68 549 180 910 382 811 218 254 306 323 685 25 840 822 776 31 775 836 687 116 321 852 90 214 145 976 335 511 150 972 637 558 187 524 705 986 774 521 552 883 131 670 949 47 928 81 58 949 13 339 439 65 638 107 708 742 846 757 130 812 858 649 809 178 842 336 835 24 187 492 613 102 831 396 209 579 862 115 639 657 93 71 800 140 254 117 329 966 500 770 841 671 108 769 74 574 216 798 742 238 205 147 673 368 199 615 456 244 34 152 380 55 725 828 927 821 885 277 851 557 460 696 371 45 658 459 552 567 232 137 852 327 320 614 119 78 342 195 573 424 557 736
624 505 448 35 274 391 599 245 614 170 73 566 524 207 836 954 155 559 830 299 192 587 660 444 419 514 912 400 595 93 748 64 589 298 216 306 316 156 515 899 195 683 697 325 709 765 341 132 731 544 428 592 338 467 528 548 31 710 848 664 508 737 204 697 426 544 673 171 266 939 506 977 135 862 935 244 511 273 456 870 535 306 508 233 200 185 402 359 990 304 577 710 485 220 856 355 108 575 247 402 848 580 243 886 993 805 775 50 926 350 528 835 445 112 680 173 179 371 111 248 670 165 2 574 428 216 170 657 836 782 986 668 995 897 591 722 633 185 95 292 819 258 432 656 532 502 41 786 504 632 296 403 908 252 946 125 126 72 29 463 748 127 14 539 254 735 326 407 95 280 175 128 524 285 468 488 16 323 64 667 550 910 844 523 848 794 580 164 381 429 710 315 219 961 754 197 551 923 503 830 811 19 475 447 310 702 439 898 227 143 840 808 504 928 796 177 919 904 867 62 535 9 48 754 627 421 278 840 891 612 961 807 169 131 527 828 927 82 361 75 642 899 40 274 121 411 288 714 770 586 511 332 755 729 428 984 632 323 146 390 217 552 685 234 470 355 370 190 352 466 519 401 197 868 80 967 993 215 119 897 553 894 869 24 691 833 846 343 721 874 176 805 948 157 874 89 34 192 275 843 879 518 461 42 142 888 1000 744 237 615 320 287 636 571 391 897 7 518 342 837 779 589 121 828 57 206 83 477 860 692 926 181 167 614 923 723 624 874 536 375 246 741 634 879 246 720 280 438 131 1 852 437 794 297 706 481 88 266 14 147 679 655 947 265 60 975 864 713 577 883 22 396 925 725 822 539 215 643 884 38 896 164 947 174 335 258 612 625 805 252 609 957 689 428 145 999 919 269 1 58 988 504 48 814 967 976 967 89 975 760 278 799 326 637 408 615 115 192 801 171 659 488 852 142 871 898 728 430 428 241 134 937 110 446 59 227 926 565 843 214 546 504 537 473 90 518 141 574 874 249 224 273 389 415 946 909 98 135 894 749 729 321 378 37 771 389 710 861 733 182 976 651 694 911 468 102 148 730 176 345 867 475 97 709 880 22 364 880 526 895 421 114 163 681 781 268 634 818 926 476
525 256 387 939 365 726 549 256 67 883 503 336 144 61 110 400 517 347 120 719 871 498 867 443 788 628 430 104 29 538 176 418 472 417 401 291 459 15 519 801 541 595 718 664 735 41 962 952 753 417 70 383 832 327 422 52 522 230 250 483 632 33 136 529 778 59 690 189 851 448 601 99 999 702 348 187 488 46 549 314 514 720 811 377 296 742 672 299 911 42 850 747 395 888 665 1000 499 822 531 844 745 451 273 238 901 24 267 974 727 199 243 936 196 361 586 274 431 487 732 39 806 250 536 650 565 819 790 373 168 512 165 292 790 351 243 570 210 587 23 321 352 428 919 271 252 851 150 395 422 206 720 639 664 171 673 541 617 791 515 340 155 570 138 553 968 707 153 623 647 111 138 752 938 997 193 269 626 837 81 289 809 470 564 663 371 648 791 350 442 169 58 792 296 879 611 644 201 323 781 426 315 23 973 996 479 776 584 935 971 360 26 831 575 821 164 737 602 872 234 193 184 67 240 168 243 227 953 699 808 356 235 954 582 757 374 546 891 557 427 720 74 430 826 529 357 284 767 183 146 213 84 891 157 732 260 793 83 751 71 826 517 438 301 807 942 9 357 341 822 79 301 786 977 623 103 799 279 354 898 603 859 440 659 482 500 326 456 75 386 851 214 501 406 405 25 891 535 486 842 709 818 213 453 461 130 131 46 301 595 142 771 89 78 179 992 195 922 477 286 741 740 653 161 451 642 306 830 747 677 559 18 268 634 782 199 408 476 327 328 707 369 967 464 382 735 709 254 753 191 130 883 714 861 73 632 471 654 114 435 880 531 778 958 33 874 202 816 735 631 655 34 846 751 152 162 387 530 886 634 529 532 19 507 617 61 187 441 854 115 611 844 532 83 869 302 497 619 674 849 940 775 12 356 870 221 258 905 406 742 348 673 234 503 998 503 348 781 303 731 410 142 736 339 483 482 368 241 238 113 958 615 517 316 342 660 763 403 771 783 693 484 31 577 600 18 92 206 372 842 640 480 313 295 470 113 626 379 982 862 713 877 80 617 833 908 501 102 208 322 174 869 734 807 999 695 724 425 340 228 48 554 59 233 420 201 293 223 846 607 771 44 373 907 672 391 631 234 250 796 750
936 525 913 698 381 716 5 294 428 737 491 328 60 921 976 989 588 6 798 896 3 317 920 45 377 189 172 771 860 793 441 538 272 476 98 855 977 184 246 668 67 574 879 262 65 156 24 7 44 877 766 214 883 397 81 890 490 122 195 518 33 20 427 626 477 483 641 254 736 341 523 6 395 856 30 420 272 138 808 489 595 869 334 504 142 45 453 321 289 496 846 83 977 802 739 39 449 274 712 551 911 532 877 537 939 995 922 684 111 823 972 221 183 944 5 12 131 936 606 47 357 202 254 196 19 580 442 465 931 307 676 798 370 266 828 236 44 941 408 277 770 674 452 76 804 319 185 390 596 396 628 527 165 815 869 362 251 761 487 288 844 902 386 713 575 546 672 45 271 30 584 371 671 6 217 371 834 662 989 713 701 744 12 132 492 501 692 989 290 305 836 954 960 296 660 745 616 166 60 113 359 255 872 976 477 60 705 763 128 634 969 340 135 673 162 139 473 548 201 771 54 169 618 426 299 207 218 626 613 15 258 732 328 39 436 328 167 215 680 747 65 507 986 380 760 983 453 459 406 195 680 541 925 816 630 158 419 419 334 477 573 245 223 971 962 834 350 361 184 857 235 163 978 443 666 542 363 323 82 974 464 812 227 360 327 369 812 759 288 987 223 412 856 905 870 824 240 674 316 102 59 878 817 84 411 791 374 36 927 422 688 227 968 159 857 726 688 884 273 842 454 234 749 18 891 621 377 867 417 73 242 350 38 472 60 269 737 57 699 948 376 246 439 739 630 449 617 764 428 597 254 543 867 180 200 132 261 317 167 734 731 968 662 602 211 415 352 164 505 894 785 299 453 66 782 341 534 892 12 935 83 544 857 266 281 858 303 934 83 159 180 71 480 783 588 751 183 12 325 14 542 79 504 272 861 627 595 571 731 333 350 939 764 205 369 220 786 28 58 482 98 319 697 105 146 327 380 198 759 634 900 130 346 531 986 843 680 640 84 579 331 89 869 989 504 374 135 914 190 160 203 945 404 245 730 324 764 897 75 787 808 624 842 23 97 310 140 89 396 826 222 829 351 636 930 939 473 894 856 30 534 165 221 153 371 564 837 502 537 170 953 783 438 850 517 605 533 474 986 358
745 629 336 869 867 513 731 710 250 776 735 946 671 672 338 459 136 781 393 237 354 350 94 877 492 985 216 206 793 222 326 190 44 775 703 463 953 147 371 820 919 80 848 794 753 592 785 597 731 133 74 369 255 507 815 237 216 864 843 867 498 864 424 50 999 784 117 354 977 575 399 81 306 892 620 421 697 212 690 898 825 809 435 994 856 223 339 156 447 81 726 371 360 27 974 239 770 307 541 945 270 27 147 743 451 106 140 894 430 208 397 686 755 736 97 247 745 435 553 982 477 164 977 293 362 889 10 566 429 177 505 7 951 586 51 321 734 672 152 187 419 203 729 592 550 155 872 862 468 100 759 624 413 852 666 15 45 54 205 582 409 916 190 89 516 569 253 237 962 153 522 695 247 772 418 612 870 376 108 347 878 436 179 657 506 738 680 682 39 995 509 789 744 306 838 568 104 970 758 917 263 429 111 950 379 147 814 251 218 133 502 185 404 931 338 223 246 121 761 405 459 182 70 810 278 23 558 308 815 358 610 167 54 213 516 704 166 87 988 757 89 509 621 976 999 963 92 278 645 862 10 360 173 896 363 247 520 574 469 168 262 915 353 860 696 563 670 920 719 11 123 497 559 84 731 512 423 316 896 145 913 752 437 623 969 214 109 168 828 24 392 789 854 124 353 885 263 597 872 798 445 421 758 811 330 421 828 817 269 887 886 209 854 235 420 836 151 22 366 274 851 836 145 808 572 139 525 414 182 721 261 505 703 744 961 715 26 66 967 224 185 713 337 642 161 722 857 247 487 609 153 425 881 794 397 474 631 970 934 111 637 110 50 82 736 353 503 435 504 345 836 161 197 147 196 502 676 878 700 309 695 766 407 222 294 365 450 371 588 515 200 573 354 148 879 758 164 17 677 786 255 165 554 629 763 354 209 172 960 86 468 951 394 9 202 367 546 708 785 91 316 802 669 380 146 563 147 75 199 480 442 789 120 76 894 691 357 658 633 651 147 179 534 77 331 53 159 814 433 185 563 980 885 700 367 292 181 506 139 344 458 875 923 643 531 467 215 330 556 745 448 767 303 1000 659 858 810 138 174 934 509 456 792 292 576 758 284 282 95 43 136 461 144 676 553 92 560 87 113 25
776 72 859 80 766 577 93 92 309 350 94 235 772 390 73 680 828 399 284 184 593 512 955 128 32 465 774 804 649 231 522 850 700 786 677 704 465 965 926 223 280 500 959 708 771 321 129 65 804 741 57 358 102 257 336 353 412 931 650 838 410 686 789 665 991 90 832 617 101 294 379 780 172 130 977 897 513 42 598 978 931 504 639 345 139 686 783 246 113 367 530 681 789 367 222 447 757 95 40 60 924 930 243 48 162 404 35 224 678 81 573 99 970 312 224 415 531 830 446 956 623 490 68 205 508 185 99 523 574 335 963 880 214 589 275 32 357 108 826 360 22 794 398 140 984 376 994 336 320 68 748 46 410 60 642 484 472 299 983 580 217 991 622 671 827 502 441 690 287 894 957 326 864 349 752 567 728 347 231 866 210 67 366 745 375 740 277 511 543 97 943 486 51 979 248 425 699 922 604 116 379 209 421 86 923 936 981 862 545 575 954 298 835 397 246 852 540 314 722 800 180 765 964 851 528 367 337 747 428 854 99 75 553 647 766 954 467 94 82 571 125 287 963 211 308 168 337 390 274 160 173 436 757 47 317 802 309 500 908 445 488 96 7 800 602 502 74 766 123 106 579 625 715 873 242 962 376 762 933 12 461 485 426 768 386 867 232 521 463 916 942 144 483 78 123 292 59 993 911 697 340 746 473 745 571 561 760 551 256 701 664 291 419 702 8 725 515 206 406 999 131 697 936 762 754 44 160 643 553 62 83 721 12 408 444 216 303 443 15 8 535 181 876 342 964 327 762 717 751 671 950 466 321 253 197 520 954 437 415 179 746 432 304 518 718 991 939 986 496 197 544 797 673 940 320 440 94 843 902 831 619 258 268 298 749 963 835 297 584 887 25 951 664 469 595 119 219 100 982 236 827 830 626 144 606 740 238 952 277 438 259 681 635 684 547 78 553 192 323 309 55 645 638 620 277 825 87 746 912 47 902 449 751 526 892 90 487 462 156 570 609 717 348 772 388 348 440 235 884 881 525 355 100 894 333 863 919 4 672 264 235 89 323 924 739 863 413 892 771 169 407 90 949 336 304 869 852 224 554 791 446 837 951 34 350 3 887 807 367 189 199 658 65 423 277 987 464 174 459 580
421 261 666 786 221 999 104 233 869 702 647 705 251 905 965 348 999 99 362 332 994 346 727 133 508 374 147 433 630 861 863 196 915 809 205 860 967 643 660 791 663 127 132 724 91 34 120 885 642 912 615 724 481 564 285 173 392 848 279 794 690 532 122 562 120 825 988 849 722 380 685 315 857 311 251 921 443 909 835 940 253 194 294 253 989 542 113 860 447 115 181 9 369 986 957 969 991 280 594 21 263 372 775 866 486 231 93 707 246 594 60 498 646 793 719 667 190 985 371 207 378 797 500 19 804 243 974 442 317 715 26 856 691 735 665 555 58 487 863 354 286 650 149 164 360 765 422 268 199 733 40 797 260 518 75 508 184 104 557 718 961 731 89 763 884 842 352 971 59 526 161 615 3 430 676 628 94 561 119 974 625 843 809 465 65 886 709 185 941 451 650 860 457 253 504 515 644 502 528 105 67 877 131 432 53 245 180 227 409 983 80 472 810 734 252 108 746 593 797 167 652 870 559 308 225 412 212 692 29 98 404 939 69 642 969 503 190 885 868 687 865 368 591 430 769 465 441 430 573 395 335 567 979 885 693 983 287 15 199 922 303 360 128 583 763 367 796 895 224 255 873 552 507 878 606 941 361 300 171 986 605 486 235 204 794 265 78 134 30 822 425 388 588 331 125 477 930 414 602 621 332 740 884 974 967 681 7 736 910 471 711 570 653 389 195 436 307 946 311 233 497 300 885 103 417 574 543 322 313 743 473 386 464 668 645 834 337 988 42 99 304 139 107 582 632 833 842 570 388 932 353 699 199 764 700 638 106 889 521 808 836 917 481 290 267 495 42 279 499 99 466 836 352 781 597 929 270 247 432 167 973 395 948 818 118 3 235 451 98 997 979 937 58 497 879 248 507 948 529 905 844 708 695 492 49 424 427 468 663 705 510 18 490 129 499 752 970 696 780 172 387 183 134 719 481 318 364 876 965 227 874 162 676 676 714 995 530 383 384 256 890 456 709 470 843 237 506 60 657 59 704 782 563 404 634 770 93 937 70 179 556 677 791 848 183 234 830 564 603 172 521 579 204 344 796 801 812 535 327 240 112 634 103 178 862 578 230 36 294 745 487 479 931 261 882 452 741 659 87 830
317 163 406 630 35 363 299 551 699 50 420 263 701 145 135 585 187 908 211 520 252 701 640 549 113 127 583 426 241 30 514 133 43 955 601 421 461 295 898 670 259 701 259 601 854 175 887 795 202 973 655 512 744 182 516 650 579 502 755 4 583 946 112 387 893 445 4 135 563 853 427 25 588 236 372 478 530 63 653 649 496 207 356 462 452 390 796 146 553 486 990 278 558 977 320 596 904 417 875 516 227 738 891 645 691 653 31 607 553 873 706 482 412 404 877 316 739 500 561 704 313 647 103 460 715 383 677 406 249 770 97 800 245 889 146 605 511 769 97 26 328 97 973 565 704 840 397 488 819 739 746 438 499 310 145 711 666 954 91 103 525 448 722 899 584 412 659 999 13 995 20 61 409 786 323 908 341 310 469 754 409 697 161 422 599 647 551 447 247 804 241 354 754 698 602 495 790 641 559 442 608 791 65 34 150 775 231 824 953 394 14 32 596 851 652 582 780 653 297 464 395 493 559 346 719 462 137 467 158 481 219 756 799 241 145 377 417 645 724 872 471 476 479 313 444 227 887 464 501 61 685 959 785 910 297 909 176 844 515 597 193 577 169 269 885 883 647 585 580 599 427 875 16 638 742 833 110 742 751 713 454 529 794 297 248 933 385 184 552 893 872 323 549 983 364 256 973 775 272 768 567 981 267 226 98 148 715 330 500 88 358 572 991 234 109 783 134 342 475 505 749 344 287 643 425 225 406 624 624 881 601 935 845 681 149 524 733 935 100 146 727 129 310 610 488 873 328 216 668 617 513 323 762 377 968 434 764 122 612 558 469 637 461 794 444 800 537 552 773 323 926 349 942 787 381 434 940 818 974 801 897 545 984 444 515 423 215 907 927 578 604 210 916 637 71 230 985 885 79 330 209 866 562 78 333 811 219 653 366 440 115 82 451 429 143 453 5 25 399 643 717 926 220 92 505 916 488 989 638 199 707 226 715 623 750 139 614 579 656 828 680 394 321 995 448 837 798 286 867 785 361 626 892 939 158 630 156 463 524 830 880 278 496 452 661 636 402 375 721 807 288 200 580 643 227 424 80 513 827 320 804 742 194 889 392 139 54 315 736 414 931 801 488 692 481 710 577 973 570 994
347 271 637 562 68 651 69 820 600 55 316 220 94 257 960 772 683 938 326 582 989 477 448 482 120 220 677 777 840 990 463 330 265 183 839 667 228 35 806 841 864 36 472 560 819 785 942 139 1000 563 463 511 941 338 428 736 465 457 722 971 484 710 36 141 41 178 187 951 506 792 6 268 536 161 405 52 68 828 163 737 625 92 172 169 835 80 603 768 105 629 282 382 96 890 100 260 658 549 732 999 532 388 556 779 906 70 395 173 800 348 885 63 298 4 688 711 678 297 633 930 216 708 13 665 552 534 626 624 933 456 623 187 683 62 724 672 325 519 179 398 614 122 55 98 260 362 905 245 949 913 220 634 305 618 592 385 541 73 352 801 658 185 900 613 811 164 169 235 586 410 730 564 200 632 831 832 357 416 622 832 205 664 870 450 606 908 27 135 742 686 705 595 946 453 562 184 210 884 119 887 941 577 427 258 437 380 407 714 11 661 920 627 113 677 490 25 788 864 587 337 883 628 553 911 699 912 400 165 632 534 764 707 736 410 55 808 260 486 846 959 548 863 292 881 373 873 392 521 866 125 423 621 116 850 45 117 345 392 307 828 629 339 97 893 962 410 909 864 963 998 61 58 403 554 924 224 919 528 157 742 465 891 182 900 874 50 494 645 398 422 412 480 335 143 326 680 339 399 960 205 364 477 814 644 312 396 948 567 416 137 269 361 388 564 789 622 872 836 220 16 475 115 468 198 435 349 698 801 282 526 366 211 236 738 163 622 606 371 478 145 387 97 141 90 737 677 388 909 941 152 189 871 103 23 572 261 263 171 640 20 210 601 700 402 276 447 119 873 740 866 363 319 472 35 472 66 357 124 469 548 777 14 900 497 662 44 113 949 666 299 919 893 407 990 602 252 380 246 773 622 335 207 207 542 630 317 691 710 466 199 648 509 32 223 811 530 640 297 653 506 588 688 405 395 622 392 344 750 966 197 111 374 596 442 454 975 628 672 125 195 217 79 824 893 564 284 209 59 27 671 779 456 646 136 468 681 414 28 822 935 405 611 905 178 779 496 682 123 811 831 11 958 543 8 105 927 216 717 60 663 185 126 696 869 101 628 404 839 630 968 359 669 901 847 12 13 397 451 585 152
204 21 397 499 786 413 539 475 167 628 563 628 821 184 915 163 918 971 908 983 985 365 585 117 666 986 251 996 435 36 560 431 45 479 719 12 672 36 886 544 976 671 568 179 43 646 463 15 327 287 814 1000 869 930 445 398 994 241 340 316 760 385 514 284 611 306 638 199 179 954 315 843 751 303 854 342 296 821 603 46 282 962 130 745 254 733 411 827 906 188 444 501 796 261 619 935 583 481 264 211 266 224 482 40 155 334 262 863 66 129 489 824 156 825 168 975 437 616 443 821 139 38 747 544 392 716 558 332 123 77 785 586 140 637 737 565 521 578 574 935 365 580 782 1000 473 907 434 816 370 891 90 147 137 661 713 650 376 572 902 975 474 288 449 483 317 826 535 430 726 804 636 559 577 17 948 888 464 864 875 390 608 47 709 923 428 847 886 641 413 218 70 313 470 207 128 33 176 128 189 135 125 138 681 150 989 219 696 449 39 161 248 110 626 306 532 263 604 523 817 225 384 979 393 400 230 973 22 735 792 166 934 131 984 940 510 306 191 985 202 587 113 218 581 393 585 896 232 505 238 963 190 15 791 364 343 416 175 86 751 773 253 212 165 438 80 112 354 116 974 416 973 988 194 601 151 326 451 912 549 465 889 352 506 446 17 329 578 921 382 119 715 265 65 196 879 289 382 819 746 171 784 411 678 313 5 891 81 56 377 66 784 122 36 960 371 819 693 425 37 427 679 205 788 2 702 592 957 339 125 207 506 211 96 193 148 221 670 152 129 476 666 997 972 933 478 199 999 691 369 197 793 469 815 352 496 501 275 836 187 437 140 533 726 196 524 537 313 282 683 999 256 135 523 173 177 457 97 666 92 107 718 204 458 936 71 702 577 858 422 992 746 143 152 138 236 532 913 748 954 187 992 71 332 44 770 863 871 435 878 428 894 491 661 206 910 572 894 469 856 602 534 26 926 931 121 566 724 556 409 41 35 812 558 671 321 612 754 739 624 157 921 264 303 404 744 293 714 542 403 542 301 76 128 948 411 212 274 960 227 530 887 275 675 792 548 621 968 161 232 970 313 69 815 464 239 900 824 644 276 262 695 119 752 499 614 875 724 296 496 57 279 213 52 988 207 658 467 374 944 78
325 466 458 527 948 901 351 605 46 702 361 813 668 193 521 80 820 247 518 476 900 541 101 659 98 811 361 580 657 487 826 507 247 88 405 471 814 731 707 149 746 470 332 614 868 27 24 886 2 59 99 293 749 322 43 477 145 747 352 691 547 175 982 800 342 81 626 483 440 264 78 28 809 646 724 608 191 152 864 226 908 84 648 642 245 25 58 206 290 667 106 661 19 369 260 206 56 558 656 30 141 652 847 998 29 322 478 384 586 541 499 18 830 601 395 646 515 93 553 437 332 41 277 41 648 453 380 762 796 337 468 205 188 285 651 8 563 982 751 544 731 464 533 199 298 836 369 864 929 221 137 679 894 821 766 849 81 719 998 655 545 861 700 90 533 762 23 565 677 595 833 947 964 510 102 542 712 447 577 74 911 908 732 427 923 64 323 413 139 717 343 223 56 483 778 84 268 168 457 513 3 701 253 272 108 141 580 223 32 82 409 462 694 497 350 53 247 495 460 115 177 196 566 800 548 435 437 152 338 854 530 846 929 750 359 512 399 577 436 281 415 859 66 377 405 645 80 117 959 238 517 625 641 293 59 168 304 859 748 744 298 139 622 738 985 996 857 80 838 365 945 88 492 347 568 195 637 117 982 937 725 352 555 305 223 213 596 788 387 240 349 71 914 417 413 331 809 708 820 54 220 868 906 760 389 231 200 489 864 108 852 643 163 359 923 448 34 404 856 551 52 558 335 674 437 237 478 656 805 818 382 589 71 622 529 913 827 633 75 424 692 939 321 730 27 732 435 613 597 766 508 917 850 658 292 658 12 660 920 592 463 24 860 891 268 150 131 723 544 641 858 570 110 960 810 862 571 767 920 780 246 283 686 622 894 490 286 471 59 871 158 207 783 282 32 498 966 807 514 779 97 850 18 19 109 136 182 30 163 32 57 122 946 73 615 979 123 761 684 888 859 253 722 968 468 65 254 576 693 872 91 791 904 553 310 796 119 897 124 926 317 917 160 957 500 746 38 6 736 670 537 41 300 575 549 874 996 366 665 942 686 637 645 857 436 953 519 700 572 462 286 116 889 609 863 441 749 30 988 892 238 419 421 769 63 74 446 69 739 366 73 68 7 530 637 656 995 564 551 35
4 177 70 335 288 908 91 371 221 403 397 300 902 697 782 58 827 809 765 262 107 654 832 178 941 711 64 426 643 883 133 36 105 193 398 962 427 166 86 614 843 288 89 535 342 554 946 152 203 499 495 360 199 272 8 534 612 159 67 320 63 94 752 757 522 875 749 844 193 594 452 164 335 446 655 260 340 315 322 454 223 557 196 185 720 211 742 340 558 816 885 385 796 384 833 558 448 448 459 915 912 746 102 200 160 89 754 228 362 473 446 386 190 489 423 215 35 480 129 792 615 547 115 273 615 910 591 912 103 355 356 37 632 491 752 298 628 798 215 993 878 186 645 323 816 819 310 688 777 505 442 154 901 894 181 154 298 654 395 34 756 380 622 312 766 463 502 623 390 764 387 830 280 451 779 651 774 167 73 919 713 463 802 5 389 770 897 914 306 804 95 85 717 846 654 693 413 94 999 102 107 150 814 391 444 154 983 810 28 8 642 885 147 629 128 132 730 265 710 777 819 795 684 906 605 361 90 218 923 671 569 457 769 179 203 131 114 976 143 963 409 407 817 989 941 380 394 366 544 491 695 925 697 405 99 547 103 728 924 788 269 474 578 122 871 8 373 847 887 228 671 961 972 229 762 805 516 140 941 1000 812 528 437 256 701 652 881 857 152 1 45 855 960 671 102 408 215 151 395 485 648 646 148 917 729 952 76 514 989 698 328 397 670 750 829 494 25 153 906 516 494 338 730 285 707 309 871 456 710 912 667 419 551 784 732 369 794 856 411 142 466 83 525 527 237 735 587 680 897 925 404 878 922 733 543 284 531 574 304 100 162 700 251 207 808 669 529 876 35 39 235 916 306 143 68 227 632 723 230 346 196 985 702 265 339 26 704 491 62 824 695 555 778 914 369 72 173 453 965 32 387 942 78 898 917 726 745 173 578 959 559 197 20 159 241 315 402 495 547 553 556 744 705 165 362 220 173 155 592 183 912 788 806 923 795 926 755 852 907 586 109 213 450 661 336 148 474 15 808 98 143 169 352 514 425 268 401 770 113 678 440 178 185 996 682 15 642 359 159 240 516 401 254 852 825 828 753 933 407 473 92 723 456 588 909 29 373 375 803 980 712 79 612 716 628 400 739 157 617 401
827 49 574 595 36 506 316 17 153 557 368 463 997 492 447 600 236 148 178 677 992 619 379 851 99 547 519 472 270 30 735 975 652 256 945 352 200 993 503 575 785 38 877 778 187 147 925 598 951 473 303 732 749 52 97 419 811 863 588 885 860 662 30 764 226 625 120 282 912 702 703 956 860 733 235 382 186 410 378 480 888 119 182 710 428 407 316 912 315 890 520 196 356 977 211 106 496 334 921 21 699 338 631 370 958 740 522 456 764 549 700 561 552 2 34 362 198 471 434 747 816 806 162 633 41 661 569 842 629 230 1 966 473 221 383 561 609 127 392 918 223 300 929 158 953 752 524 692 921 37 82 565 381 907 936 815 357 535 58 803 370 955 76 384 438 259 352 881 596 120 850 934 439 112 951 527 134 674 555 267 500 776 312 58 513 561 911 222 395 965 803 488 115 87 939 298 32 582 106 788 728 789 225 86 641 201 882 152 954 486 158 388 385 424 853 283 268 639 261 602 311 681 450 780 40 676 921 692 418 964 811 132 750 264 549 358 879 916 608 522 797 239 521 484 347 615 866 144 95 795 783 123 245 447 409 366 861 266 367 932 840 707 573 445 356 510 501 6 887 622 270 117 582 272 529 681 925 658 307 701 189 479 859 180 571 580 858 173 399 796 591 310 918 130 244 354 50 414 714 713 49 748 921 945 911 529 346 401 232 743 96 678 668 227 245 679 840 966 721 219 519 586 200 603 380 952 925 9 181 337 41 1 305 814 462 964 724 895 585 932 263 237 448 672 893 549 518 223 83 396 87 788 580 547 271 683 513 616 178 919 998 413 977 330 813 347 592 968 889 857 81 206 310 289 13 782 775 286 367 916 365 585 701 784 926 378 695 949 633 890 539 964 25 353 578 610 476 487 365 298 295 641 823 574 271 989 489 829 654 798 493 793 636 722 122 728 74 205 444 528 877 892 743 48 546 791 226 465 235 11 86 657 269 824 637 870 501 16 699 428 293 361 97 786 307 62 312 176 447 28 822 821 556 517 223 204 419 616 842 873 809 745 552 913 890 463 658 319 570 744 763 592 698 683 363 646 173 735 569 898 564 838 611 974 220 143 309 236 821 814 699 611 132 141 129 469 70 753 964 239
59 585 68 624 776 303 624 595 665 198 719 769 261 441 761 177 52 35 590 790 810 111 87 351 111 951 949 414 676 607 499 84 992 343 237 825 150 614 433 751 674 872 618 929 108 973 233 849 721 3 729 386 180 484 467 340 247 860 983 949 668 158 196 259 824 194 635 654 22 658 348 152 54 414 448 526 929 565 266 831 816 244 292 571 405 492 18 731 202 659 663 45 597 303 215 390 419 333 898 335 591 848 426 681 672 573 124 172 24 162 724 194 276 35 417 351 604 954 127 815 559 926 375 5 918 826 774 280 868 688 633 930 312 793 571 138 214 357 23 553 671 311 196 944 156 294 41 565 731 244 722 757 882 674 168 977 969 889 289 268 17 578 881 352 572 595 498 837 632 106 289 179 130 369 755 516 28 574 27 272 437 204 196 944 429 776 304 337 6 228 614 722 818 895 88 352 130 755 928 851 17 374 131 185 886 830 298 181 750 330 260 920 944 175 627 409 32 77 645 528 966 351 971 286 351 331 673 81 162 246 834 288 546 693 253 107 267 502 887 34 499 4 427 111 570 799 17 213 879 619 69 651 628 663 47 319 187 530 261 396 710 734 384 497 553 402 657 870 482 698 785 243 583 317 414 997 453 992 244 880 180 721 897 387 390 170 214 692 91 514 591 804 154 931 188 773 215 610 187 825 637 972 321 812 570 492 440 359 426 471 590 404 509 216 905 453 853 902 642 362 324 533 980 347 725 26 288 901 485 886 904 300 512 626 846 482 602 637 563 948 405 713 838 807 538 37 633 828 726 889 803 448 426 503 590 887 91 331 695 214 818 845 65 872 432 44 165 283 576 423 925 37 901 345 609 317 1000 255 112 859 332 792 319 414 960 295 321 125 875 736 278 416 422 107 457 761 136 843 978 310 349 741 678 379 346 676 217 638 729 653 62 528 219 549 217 86 478 55 208 513 686 387 852 495 532 855 380 744 18 655 822 748 145 636 622 833 664 184 112 179 612 749 647 541 517 445 368 537 527 897 841 891 888 606 909 240 440 685 568 394 414 52 43 805 323 728 623 794 976 221 289 125 906 743 498 202 22 211 355 948 697 512 593 458 722 161 728 462 386 392 689 272 490 776 150 740 493 295 464 775
148 300 596 266 14 333 833 409 875 586 438 307 896 706 72 247 303 369 830 764 726 818 159 444 785 692 613 576 851 896 461 118 230 130 862 998 644 399 156 472 389 746 308 763 803 706 382 112 953 748 837 706 978 193 271 896 839 967 897 199 93 612 463 588 700 423 908 211 748 187 228 706 300 12 293 645 789 18 417 361 375 853 822 847 190 697 834 756 439 819 626 518 64 1 309 340 199 934 111 284 388 46 838 151 1000 688 953 517 28 249 537 773 240 641 725 982 54 114 509 994 200 398 815 457 836 31 642 702 900 699 669 815 383 26 142 374 5 290 226 98 800 735 340 209 702 398 9 618 5 398 248 327 70 45 787 143 3 867 611 642 460 304 572 798 914 502 172 919 405 858 20 722 382 290 161 899 705 625 97 685 957 929 874 581 190 51 971 484 99 916 204 726 965 630 368 303 710 822 980 785 475 538 365 177 817 159 113 31 601 32 615 628 654 858 181 309 710 641 803 284 342 730 869 917 274 800 309 844 341 426 260 420 100 383 885 745 578 198 935 865 28 968 436 573 687 902 424 312 436 150 240 234 118 205 807 422 551 234 172 388 223 108 405 689 890 142 63 840 861 207 618 782 301 22 797 628 230 271 481 289 256 160 586 13 708 991 460 648 433 792 187 856 732 547 262 146 552 886 439 519 163 380 965 474 506 199 337 880 381 893 311 175 103 637 377 951 140 622 66 151 781 380 151 617 925 650 929 789 413 789 440 634 270 782 818 191 805 646 885 418 112 889 888 769 519 949 31 921 564 280 743 885 212 260 464 371 441 162 802 6 947 994 10 281 352 754 524 639 77 628 495 216 632 110 359 821 202 257 258 593 411 416 214 617 976 99 322 24 946 154 851 426 732 465 131 909 749 718 600 736 774 276 782 854 833 297 893 164 675 479 222 967 532 36 87 130 861 658 178 718 608 903 645 151 343 121 419 530 288 441 162 816 27 976 643 54 769 113 482 927 771 485 800 820 695 312 693 106 3 599 658 65 894 258 347 948 385 96 981 984 406 930 420 26 200 610 37 386 99 875 320 224 375 673 719 808 854 1 607 926 885 294 113 239 373 786 271 400 966 852 535 367 988 877 605 388 928 582 132 124
502 275 451 668 559 44 564 851 537 582 429 890 47 753 613 665 826 651 552 167 117 389 917 861 22 367 970 904 681 810 893 604 517 701 51 215 996 163 532 730 603 753 632 759 183 329 825 228 540 5 697 381 70 581 334 16 400 119 329 126 232 232 745 234 781 129 590 540 399 424 301 580 561 509 234 899 825 763 307 13 83 678 844 311 831 880 302 711 832 619 843 308 638 361 601 339 226 982 865 408 851 100 627 102 509 43 179 423 652 190 746 87 945 400 556 327 297 559 854 380 9 864 548 941 514 973 724 24 865 405 183 984 343 109 694 318 543 888 664 482 688 224 665 776 545 30 947 143 495 647 605 980 199 603 95 124 34 747 608 152 128 374 868 482 861 159 793 339 222 312 270 520 457 787 474 875 164 162 924 857 857 568 742 754 921 972 340 94 868 584 122 123 661 591 347 929 27 404 401 698 135 612 926 14 467 816 42 238 562 725 806 470 824 72 84 451 422 736 894 802 99 323 237 721 709 865 826 243 452 504 17 419 144 396 984 976 883 927 889 696 798 424 564 986 723 977 370 714 213 669 228 448 602 739 196 371 683 713 146 766 346 720 6 283 820 21 910 276 288 383 396 376 790 841 244 999 620 679 853 24 627 953 405 696 70 43 987 169 548 834 594 844 231 970 479 72 738 79 757 460 296 384 52 217 261 516 926 261 664 303 765 791 98 212 634 195 628 14 961 33 723 312 984 888 684 489 947 695 470 576 601 327 456 964 211 214 429 903 5 543 204 589 115 131 207 616 803 724 779 56 237 45 465 530 517 414 106 982 285 236 179 353 611 416 632 317 92 689 505 139 58 121 378 585 38 171 188 255 590 720 506 333 284 540 219 113 936 828 933 408 966 197 744 832 907 56 721 686 757 788 972 607 912 365 88 573 386 854 450 32 971 300 504 718 697 307 927 769 646 747 993 217 692 835 136 142 222 453 895 797 368 437 619 724 349 36 82 257 318 896 290 25 127 496 472 269 693 294 741 979 542 857 341 707 846 992 694 965 892 282 888 452 962 526 222 792 876 972 623 488 55 320 765 838 562 94 301 26 427 35 730 901 63 779 770 453 120 951 649 597 281 244 788 266 401 475 881 703 807 497
273 858 44 242 380 80 394 427 437 796 79 712 292 603 272 87 56 673 816 779 894 427 251 391 73 792 293 273 433 453 281 415 649 474 151 282 622 65 834 588 167 640 304 533 810 849 459 992 766 799 16 131 191 198 616 33 54 418 838 428 988 993 566 376 255 128 138 541 594 97 324 953 807 221 728 326 250 709 183 982 482 828 957 855 818 779 647 529 689 96 568 906 178 803 733 379 313 797 799 721 690 890 452 511 279 832 140 420 602 449 220 425 705 848 595 190 382 2 158 577 929 161 934 557 95 907 489 308 89 978 724 391 908 61 844 696 564 352 882 580 424 370 189 12 510 857 825 404 666 980 272 16 633 286 520 139 871 891 509 6 325 838 341 233 334 812 240 606 156 604 920 93 794 862 532 703 257 954 405 357 546 47 207 258 112 232 966 447 659 525 413 33 600 324 755 263 1000 665 423 936 314 68 510 316 686 267 278 51 398 21 723 292 451 3 238 455 542 284 384 163 646 360 138 616 222 827 470 959 556 523 349 164 710 449 90 640 582 723 193 273 333 902 762 476 853 295 870 858 702 356 497 222 744 490 985 484 259 132 81 888 13 478 916 460 249 616 502 421 930 283 489 618 324 351 637 842 188 909 730 484 30 608 436 421 854 201 667 436 173 228 384 105 112 828 292 533 679 966 183 90 523 898 463 854 941 863 411 274 113 353 690 824 957 752 691 644 689 744 192 331 854 321 21 549 36 984 888 854 173 327 502 53 196 540 340 5 364 938 314 280 394 318 249 284 884 227 668 411 415 236 219 251 500 497 383 51 782 8 559 598 468 57 16 256 19 946 718 70 623 913 691 786 863 165 295 198 884 680 93 484 301 593 110 315 897 161 973 166 444 522 115 755 57 98 208 562 896 921 196 684 780 46 383 154 805 107 771 794 653 475 321 574 988 925 675 756 661 885 24 784 545 933 67 138 465 165 975 468 966 264 12 90 798 823 667 254 450 485 279 673 764 194 897 910 187 135 303 924 984 561 93 671 387 631 828 497 42 823 89 251 261 749 149 354 696 122 565 447 751 671 278 204 379 195 360 182 391 981 467 57 923 20 911 145 301 309 99 672 348 697 355 428 937 500 71 880 138 191 395 554
542 179 605 176 920 786 20 512 406 244 42 928 191 754 561 657 287 966 654 525 15 101 756 810 169 356 362 989 743 685 564 690 599 701 113 440 11 809 7 666 541 609 154 632 802 7 973 224 376 342 848 348 75 142 731 836 827 630 41 678 19 780 157 324 169 868 221 483 728 995 673 858 96 954 116 300 652 750 251 99 792 878 680 434 119 791 911 725 23 53 892 316 25 187 605 490 711 439 489 190 807 653 192 974 66 233 242 972 67 7 109 406 267 552 383 582 977 817 169 515 731 956 938 44 487 926 107 879 953 466 138 107 719 106 854 678 634 668 307 693 551 980 983 536 949 74 128 165 341 274 303 731 153 402 79 740 688 870 993 830 57 86 531 569 189 532 56 596 393 752 746 850 773 897 627 652 494 843 408 975 952 644 690 673 130 543 705 940 300 775 182 821 371 505 543 697 626 825 117 830 75 973 986 537 182 633 67 400 255 139 486 173 923 618 433 528 564 991 425 941 744 745 663 831 894 563 374 765 649 836 778 870 11 555 482 179 275 3 646 791 460 732 566 154 548 13 281 826 334 584 412 37 903 670 845 92 635 941 232 172 220 438 1000 185 538 738 864 284 572 669 672 266 830 287 970 109 509 195 623 126 29 700 535 152 927 912 7 820 767 832 134 295 563 904 958 695 154 479 243 666 480 641 680 7 349 855 806 344 674 362 807 568 833 333 901 309 653 598 909 922 618 945 876 372 768 398 405 496 483 279 45 175 329 129 72 539 232 900 815 224 504 238 452 604 482 974 908 605 959 759 868 926 100 525 210 215 953 990 55 718 33 542 640 424 906 824 967 348 625 411 1000 538 104 16 954 773 715 551 937 566 713 630 630 668 87 426 440 223 904 301 191 373 913 961 716 194 174 310 108 236 854 167 929 715 652 238 727 809 119 387 583 133 329 821 952 890 943 106 868 527 505 342 881 150 454 865 86 223 474 585 496 855 433 903 540 564 184 323 789 286 827 251 663 690 723 205 824 401 783 298 792 63 979 274 372 347 506 496 364 372 683 453 333 268 252 68 453 705 162 851 820 132 609 683 487 391 65 132 203 578 38 658 613 407 564 163 550 334 748 41 900 321 428 97 718 592 917 220 553 215
418 702 675 143 280 399 91 768 98 413 498 193 941 291 767 15 351 906 612 716 61 384 494 252 642 306 63 997 576 772 317 788 554 367 848 548 301 899 358 78 271 843 719 220 559 667 420 869 20 783 551 464 421 932 653 708 559 478 570 384 573 267 476 839 871 194 918 35 580 502 910 322 342 313 874 215 408 841 81 937 326 108 367 770 387 569 417 469 768 604 670 445 57 486 600 431 250 996 963 269 409 181 854 773 361 538 157 258 614 863 643 324 597 598 818 68 680 507 621 19 898 252 368 710 37 433 491 126 139 267 745 486 930 464 614 478 82 494 402 579 416 619 133 970 111 317 42 510 689 832 551 867 599 857 960 45 461 548 951 480 924 91 946 594 573 131 520 799 655 879 731 447 656 502 560 30 506 88 892 164 13 398 906 729 719 656 755 823 835 89 973 137 501 557 691 235 214 115 619 279 313 707 845 165 405 543 459 113 478 761 24 932 970 533 604 286 774 62 782 402 326 929 587 211 121 467 277 621 965 974 470 1000 821 799 246 98 119 940 566 409 439 294 571 957 494 990 687 575 764 111 968 833 630 555 56 283 76 376 190 655 752 691 295 598 705 51 588 396 681 401 525 431 661 933 823 10 507 542 960 56 262 774 780 589 16 864 506 524 32 625 955 895 883 2 638 128 750 848 870 918 203 791 641 319 320 930 812 996 584 88 594 644 316 561 586 426 640 983 563 680 252 695 988 211 299 828 196 876 124 57 811 65 493 259 282 74 654 292 206 666 633 98 654 332 864 286 496 230 19 211 871 493 662 922 176 48 200 380 802 527 446 831 981 991 659 316 721 494 764 74 635 280 382 86 815 438 888 240 691 11 734 757 880 214 236 880 306 522 309 355 432 635 891 317 847 117 480 162 161 588 361 815 580 623 71 450 765 398 582 600 310 888 199 39 874 791 757 308 694 107 93 74 843 400 473 293 484 758 669 681 954 455 371 23 773 672 642 841 292 952 279 106 21 36 507 460 568 731 663 906 319 867 562 599 318 844 416 813 653 973 706 905 75 524 908 757 349 987 630 247 759 495 532 443 281 755 272 464 179 267 275 9 610 63 626 111 656 759 47 273 582 937 949 616 761 113 375 631 943 247
395 234 528 563 958 511 770 777 331 150 325 834 334 549 287 12 435 121 519 404 666 246 186 215 620 129 34 850 373 838 816 750 571 567 699 111 131 648 33 187 466 789 732 377 681 513 591 96 300 951 693 675 750 736 118 523 971 544 578 506 590 241 630 372 574 452 622 977 29 258 469 328 827 585 394 779 529 853 547 463 157 35 4 353 771 55 561 842 230 17 586 431 379 422 176 949 777 125 487 831 352 3 724 485 274 435 504 829 198 511 676 684 380 648 392 592 154 138 303 216 560 925 802 354 385 496 578 246 629 752 482 298 642 823 82 303 106 58 891 845 34 538 805 481 30 66 154 80 844 52 104 377 585 118 37 734 97 537 889 500 143 882 739 671 616 385 733 11 214 384 261 944 708 888 116 386 927 588 951 332 408 440 981 906 315 44 54 838 316 796 527 202 426 863 35 33 176 908 499 339 134 438 439 961 541 863 403 647 916 809 349 721 992 823 626 342 906 36 137 420 449 387 221 210 3 984 172 695 681 33 505 995 206 145 732 92 627 754 237 610 180 811 342 906 445 224 607 681 74 707 739 913 334 516 712 767 25 735 505 901 213 629 143 673 176 436 606 777 902 345 642 692 602 272 850 49 441 442 239 274 977 445 734 120 84 86 425 416 176 530 451 763 592 758 653 853 717 68 426 66 625 236 916 890 897 699 627 273 176 287 340 892 115 936 708 797 971 7 824 895 944 703 971 252 992 795 101 132 236 839 706 815 643 146 453 790 787 840 877 414 784 907 417 796 156 362 192 798 347 649 801 837 803 630 892 95 399 290 246 896 320 971 255 676 290 701 501 851 248 940 608 880 613 567 201 373 937 443 416 323 57 576 507 586 236 673 606 336 417 530 460 340 590 951 685 260 320 260 585 27 736 240 873 361 944 270 829 761 287 706 484 37 968 654 302 148 98 422 573 498 107 950 434 482 32 10 111 159 351 59 858 214 524 391 395 652 380 735 966 736 78 179 434 713 996 88 909 475 824 589 784 883 116 930 862 67 96 725 359 78 880 220 920 550 281 50 241 663 437 211 470 932 675 491 306 157 780 26 907 835 720 19 430 556 946 342 975 677 610 887 149 923 33 71 113 586 31 391 754 248
800 666 869 449 229 288 523 584 727 348 933 125 351 454 978 775 554 809 686 520 705 476 632 398 688 207 994 602 217 159 576 606 666 132 455 456 79 248 179 974 261 92 445 919 829 22 843 395 430 195 27 384 450 60 862 86 240 753 351 124 305 379 960 220 852 966 122 160 381 182 441 589 800 238 667 817 213 504 886 106 830 967 730 316 113 84 146 991 885 158 632 846 238 830 716 577 907 559 211 639 697 868 329 270 139 913 798 370 211 394 17 353 674 973 662 687 26 227 720 632 746 526 801 990 761 948 995 96 361 882 199 587 587 318 616 84 467 942 717 384 309 132 476 685 527 496 660 249 438 147 710 946 287 979 65 867 70 981 219 982 668 622 610 783 376 405 8 502 79 173 491 177 489 596 161 387 303 49 733 628 339 536 924 388 348 287 138 438 16 715 392 605 291 124 808 287 327 970 204 852 46 847 771 513 443 452 412 811 941 714 652 940 113 157 713 953 332 634 510 276 197 842 136 537 856 700 755 828 40 162 609 754 397 753 979 451 232 588 603 335 998 881 544 354 380 588 469 946 430 707 841 362 98 742 207 943 709 347 82 335 439 432 396 316 856 37 570 515 478 196 26 421 914 986 710 862 28 770 68 324 113 339 706 920 582 999 802 904 584 175 754 997 72 493 211 703 840 111 455 690 341 523 906 693 771 650 42 228 738 480 746 706 605 722 64 826 277 508 452 502 558 355 569 570 621 590 306 60 155 680 105 924 497 424 190 449 285 563 648 537 87 395 622 701 211 265 601 809 758 497 195 905 157 527 849 226 497 894 568 529 701 404 516 488 106 767 733 158 463 80 118 148 524 574 403 122 546 149 72 646 522 60 177 933 747 677 498 506 546 441 966 97 783 895 606 252 589 198 317 545 111 158 988 160 854 939 302 477 377 433 659 941 243 341 728 869 957 75 165 562 576 723 135 465 907 218 44 141 64 108 931 167 273 273 505 927 396 605 543 679 401 125 561 808 743 46 680 384 178 53 194 168 419 439 171 786 662 971 217 102 13 916 725 987 402 122 914 421 520 890 577 111 985 378 980 78 305 916 626 614 392 874 979 868 730 332 531 52 334 691 203 598 456 628 424 742 589 922 455 268
690 813 720 800 548 498 785 260 151 243 396 506 621 562 626 629 269 15 378 776 126 463 131 390 828 691 633 417 317 1 63 861 367 889 611 877 19 602 752 114 266 347 588 976 616 324 959 434 412 889 597 275 82 359 335 900 756 222 226 457 159 892 615 893 743 801 132 814 708 664 909 14 25 566 757 49 485 568 575 385 130 166 35 661 465 595 540 198 373 225 847 590 802 276 296 195 677 650 752 273 451 432 596 329 798 389 197 11 591 167 912 493 661 106 80 710 346 482 195 78 974 9 560 407 181 741 49 298 206 731 645 518 553 890 302 36 704 16 252 376 427 358 977 940 994 832 94 409 450 971 245 73 157 203 472 675 891 658 450 462 855 713 537 771 558 851 740 685 393 771 292 447 394 652 625 751 888 616 616 271 91 546 565 495 652 174 867 105 367 236 974 700 577 204 844 885 695 832 766 108 720 792 294 461 614 237 257 80 93 689 490 550 203 642 125 69 504 287 527 218 763 307 836 911 250 426 873 708 656 730 897 983 796 27 947 870 606 428 610 337 14 923 442 666 741 502 628 559 196 964 316 84 618 708 331 75 518 492 423 149 804 64 263 126 265 291 832 98 469 882 303 474 994 550 237 6 156 164 637 951 769 879 76 882 368 708 469 63 362 248 647 693 455 768 9 857 885 891 977 6 681 140 459 882 620 366 434 700 128 538 283 703 7 227 698 708 774 551 970 108 587 917 984 55 537 759 313 643 475 567 105 836 433 818 194 109 315 594 635 549 667 797 396 967 238 790 35 275 984 301 211 356 351 464 11 971 78 782 446 931 357 759 531 536 466 449 874 336 718 645 71 307 979 387 293 395 344 808 541 384 979 708 663 781 88 677 483 160 242 902 804 488 676 125 205 627 877 19 734 774 500 464 690 776 125 360 367 988 756 368 789 985 655 28 705 244 51 1 822 769 878 162 299 789 463 737 430 68 100 772 33 454 416 155 685 998 834 643 505 57 470 79 734 109 752 847 47 46 547 922 151 543 863 221 908 596 157 200 773 136 643 387 552 267 218 999 664 631 478 498 838 275 35 400 27 803 570 889 272 986 794 617 450 59 895 572 119 176 420 931 947 677 322 639 589 105 517 962 889 78
811 93 94 163 614 412 516 307 151 538 667 365 961 203 442 161 494 545 301 557 350 903 372 16 1000 548 817 752 688 967 481 295 710 675 209 330 185 144 941 386 349 745 215 645 894 79 576 279 371 919 982 756 45 41 521 492 866 201 922 110 127 744 980 339 552 879 192 95 580 764 252 710 34 912 387 959 395 850 680 503 139 744 942 367 536 462 866 723 725 528 675 224 444 347 329 660 338 913 810 993 564 95 725 942 910 646 465 931 137 818 413 868 245 644 523 134 465 241 469 436 319 629 58 902 912 463 334 273 981 234 151 986 832 565 826 400 565 448 986 957 660 136 317 625 983 548 172 401 787 611 251 882 751 19 431 409 628 264 798 12 71 106 644 295 852 10 626 83 835 740 196 524 814 421 518 241 144 632 520 141 489 459 916 824 355 348 201 450 906 939 63 362 261 539 796 265 247 473 77 836 899 955 351 371 36 786 997 460 50 880 86 229 318 24 708 613 582 785 69 530 385 962 255 420 673 74 726 20 141 144 701 50 243 612 106 752 860 315 529 407 192 192 88 622 533 409 176 101 887 592 350 578 59 647 296 353 548 716 755 485 369 744 342 446 793 548 94 79 359 7 846 694 170 255 62 295 412 349 906 228 173 751 13 421 303 908 901 486 621 426 728 776 268 799 443 735 281 326 569 94 571 287 940 476 579 743 179 765 827 441 489 636 792 394 301 553 561 823 514 555 912 135 578 51 768 2 379 907 443 673 656 708 123 570 137 69 204 606 722 669 810 512 203 231 639 633 959 766 858 52 388 640 966 386 675 322 637 925 497 247 336 561 344 74 988 985 247 363 719 328 345 931 843 371 795 803 749 197 785 137 765 576 278 280 183 983 633 547 796 663 618 200 220 4 121 518 619 705 399 618 33 515 284 712 197 715 323 13 718 162 709 558 890 171 299 133 165 644 597 74 405 524 537 62 471 89 925 125 271 849 191 439 195 449 466 987 725 984 262 182 223 968 253 720 578 515 644 401 988 377 413 168 715 564 372 347 388 952 515 581 668 998 805 302 699 421 697 799 93 899 73 153 922 211 974 331 544 65 376 3 733 44 379 205 2 963 661 940 746 854 879 289 483 166 38 398 221 900 443 734
269 677 207 13 4 981 970 405 978 171 379 396 753 307 92 359 378 511 71 654 232 52 474 797 921 733 312 771 486 134 922 534 105 447 534 562 686 817 899 277 472 818 534 986 616 957 832 779 361 328 170 839 359 568 705 660 478 652 819 55 240 80 718 523 54 208 239 484 24 558 123 413 967 733 841 211 450 895 163 596 161 235 958 553 828 497 657 915 419 638 696 929 630 282 619 700 702 30 95 219 850 100 162 857 409 821 226 653 854 777 39 63 473 600 389 838 912 681 562 561 736 836 178 319 231 864 320 662 217 182 251 138 676 69 830 846 487 774 225 392 27 798 112 633 413 85 45 293 563 435 550 149 964 553 688 796 144 984 139 95 566 164 969 947 422 662 862 236 369 148 878 187 192 261 79 849 781 409 737 930 459 264 82 675 986 625 481 443 186 892 830 228 744 317 477 743 137 366 190 995 85 211 936 724 216 41 378 749 198 444 610 964 8 928 744 747 101 176 249 7 772 919 679 78 621 154 335 102 190 247 111 155 674 112 728 4 845 658 485 870 696 657 263 446 527 31 965 829 642 948 919 9 513 714 842 18 617 365 628 347 6 534 885 45 571 595 973 356 557 954 837 621 888 252 414 777 385 479 902 60 687 260 999 279 404 56 729 845 59 744 807 385 433 883 995 895 142 65 682 21 141 805 744 208 188 646 202 783 488 577 88 698 994 510 191 27 786 18 913 830 241 683 294 650 590 933 783 307 215 124 311 961 102 127 212 266 633 788 840 266 514 276 368 569 545 793 662 863 757 353 244 255 135 636 632 784 744 101 33 585 544 236 910 721 551 586 831 895 377 42 835 455 592 439 780 94 250 225 930 532 793 994 337 399 970 215 944 733 911 585 442 137 986 33 545 756 882 359 502 168 489 5 108 45 893 112 476 272 513 11 267 316 354 371 962 389 550 111 721 648 233 235 235 802 892 887 286 438 194 640 649 95 36 549 928 463 168 21 285 53 99 691 817 291 186 244 531 574 174 128 10 461 987 285 263 534 560 786 792 119 774 200 548 606 413 786 907 938 284 80 186 487 232 452 835 134 578 741 730 833 612 323 4 988 592 454 924 712 859 328 190 428 460 354 264 378 995 453 414 871
628 411 946 38 141 952 284 670 44 326 540 804 99 159 296 129 530 462 364 95 736 821 650 478 68 44 266 747 645 342 840 82 289 874 732 239 508 829 680 175 207 761 599 526 922 251 692 10 771 509 923 936 445 682 297 853 735 651 646 770 126 280 161 529 798 855 413 178 462 203 930 578 663 613 926 790 950 498 150 447 320 642 496 635 510 20 110 127 775 194 832 555 143 27 931 237 404 689 140 587 742 1000 881 903 639 42 621 759 288 173 648 82 500 377 949 566 65 612 189 422 667 237 472 569 326 616 518 353 961 335 82 357 240 219 666 751 142 677 537 365 17 550 130 691 745 68 72 916 926 70 990 466 255 133 470 609 594 162 654 513 246 22 77 574 240 581 945 543 857 506 639 496 973 534 463 879 454 311 453 694 618 337 799 466 178 309 914 681 800 370 656 9 102 285 569 48 909 917 273 935 109 394 244 744 227 985 111 886 941 715 548 440 120 907 704 138 935 159 282 746 948 99 204 29 873 743 174 497 430 453 201 410 545 916 927 635 476 633 321 513 356 71 112 386 608 990 335 14 22 47 851 288 386 939 691 846 295 926 545 93 844 796 702 475 322 112 889 1000 351 342 655 339 717 805 403 480 491 833 527 922 144 219 721 829 229 371 486 277 131 642 655 981 129 227 378 720 382 37 629 124 164 773 867 678 282 418 771 33 590 93 117 313 240 653 15 277 224 940 49 802 54 458 961 546 872 926 254 362 393 752 82 995 447 889 265 604 968 767 425 639 628 494 799 698 72 230 406 821 740 299 512 598 876 666 995 7 957 491 245 505 748 826 24 368 898 500 952 949 579 304 936 954 534 234 653 593 746 242 445 359 342 633 443 344 19 493 555 960 714 662 405 746 134 882 813 204 898 161 60 683 693 618 414 127 191 194 739 754 590 554 991 501 246 295 474 55 105 544 518 330 39 258 133 337 128 293 226 468 495 430 297 280 741 258 814 989 251 288 169 595 216 986 283 275 48 130 825 673 548 331 259 246 125 76 818 24 628 623 662 905 123 660 431 901 44 324 481 727 744 341 340 583 737 23 80 823 308 253 763 706 940 178 864 525 50 23 181 132 420 702 27 347 289 704 919 836 560 172 730 371
661 61 860 350 53 616 389 911 932 860 696 232 450 6 961 61 866 806 791 827 62 667 430 822 333 735 73 33 550 429 448 321 806 934 33 420 929 903 205 653 982 947 241 635 455 723 600 594 715 612 929 668 792 451 22 935 201 735 772 960 459 911 43 752 455 115 534 132 264 868 905 379 872 31 49 186 733 310 276 668 212 966 299 14 639 554 420 453 746 300 425 694 930 984 241 494 483 39 307 863 444 56 104 768 412 301 380 262 660 48 664 477 650 584 960 819 418 477 447 131 342 864 818 295 905 699 606 628 504 879 507 365 546 387 570 425 758 820 784 721 176 307 894 942 895 265 249 484 465 599 168 854 475 902 962 623 36 84 396 781 43 690 467 249 299 234 965 996 883 372 919 645 716 816 243 4 930 849 118 528 477 775 632 922 299 515 151 982 324 466 200 302 44 39 385 6 892 821 558 1000 21 397 655 452 380 828 75 43 334 110 465 85 378 694 791 549 449 57 402 856 878 801 415 418 161 57 429 140 456 30 625 274 211 914 777 514 486 79 378 719 180 983 419 70 489 332 816 206 702 49 209 476 105 757 769 11 457 64 959 249 236 820 519 496 632 614 389 945 365 35 354 348 711 394 341 423 158 96 394 167 239 768 999 153 220 240 344 3 735 442 124 86 703 28 389 463 498 972 774 580 774 973 899 240 187 726 920 758 949 530 57 762 684 449 190 521 927 601 937 221 807 170 646 418 469 342 390 625 843 734 355 247 1 844 335 238 871 960 117 42 738 63 8 653 820 798 232 492 601 798 306 995 852 564 375 980 702 290 879 435 904 234 576 820 826 296 111 797 939 601 446 836 364 783 204 936 535 805 907 63 549 800 736 68 29 204 190 188 351 370 203 869 239 1 324 320 368 856 79 556 181 297 824 940 122 65 843 893 530 848 425 611 242 410 277 483 169 784 26 485 102 295 494 169 640 290 67 831 982 804 605 212 918 433 942 398 366 999 183 828 220 831 587 487 692 745 628 485 346 102 264 460 429 246 978 237 897 345 199 646 90 34 135 52 815 602 448 701 130 628 799 478 873 316 211 790 614 823 656 260 826 660 771 52 915 803 593 253 833 299 821 390 362 518 324 759 397 796 338 58
882 172 241 792 458 658 656 629 180 321 689 878 730 315 100 914 437 383 444 978 412 623 949 356 541 885 925 23 377 667 810 775 961 348 59 456 867 308 234 496 980 252 787 992 130 804 51 345 905 456 465 685 75 751 255 19 750 339 104 99 105 627 902 757 795 3 753 110 595 947 757 151 915 598 940 216 893 893 600 793 79 801 443 912 602 479 455 211 135 833 675 670 104 480 841 991 268 235 490 934 80 483 1 507 382 739 847 61 64 467 396 898 328 821 411 82 457 771 25 701 418 402 779 664 153 570 643 649 190 929 537 292 358 111 128 79 644 514 443 762 239 278 217 495 177 769 414 320 591 643 831 386 80 550 454 218 999 190 383 677 212 242 875 501 176 328 454 438 134 812 172 692 639 934 935 541 434 465 912 104 313 249 963 649 229 312 72 745 708 959 456 190 722 620 268 41 141 974 756 816 414 280 423 660 916 283 597 352 313 296 752 145 762 80 970 899 620 31 933 682 401 383 828 579 562 896 708 21 771 703 118 598 229 403 745 769 94 456 736 313 880 768 551 480 167 979 746 106 710 64 721 951 281 178 30 457 988 566 423 206 201 721 452 655 149 406 421 290 157 675 287 157 158 273 632 652 903 220 871 779 309 786 471 451 727 8 419 800 829 154 882 626 690 114 797 179 738 182 868 823 470 762 944 951 404 368 921 18 642 103 507 51 944 3 429 271 775 553 168 933 448 611 39 81 68 191 49 874 253 715 125 371 191 142 36 233 862 679 453 569 950 451 262 411 543 975 187 68 369 241 814 735 636 751 341 658 544 288 631 840 504 393 398 864 584 821 866 661 437 419 56 496 210 926 270 684 420 137 786 715 661 762 323 608 745 226 938 462 557 163 998 868 362 252 519 385 854 723 443 452 551 77 82 63 140 354 990 667 861 256 843 352 639 977 630 993 541 404 311 217 865 56 953 854 736 156 41 421 142 83 600 532 226 823 218 905 789 914 91 455 628 401 969 789 298 304 126 59 223 548 575 50 396 288 779 448 421 595 328 730 987 106 44 744 203 419 668 466 459 201 286 621 156 762 597 953 390 814 139 995 999 483 473 703 241 551 670 700 729 177 130 985 469 239 892 824 903 931 970 937
155 94 574 565 624 208 817 253 888 535 742 821 632 847 489 838 136 980 532 106 806 331 249 863 323 357 238 850 524 851 655 489 624 387 282 56 347 660 581 500 722 25 587 665 299 497 458 834 857 638 510 528 655 302 927 454 12 289 695 96 454 379 876 698 333 557 333 310 500 340 95 393 518 268 965 43 420 336 154 764 686 760 936 524 43 707 528 545 922 360 42 398 428 394 202 865 138 851 150 782 528 166 11 135 480 146 51 845 150 430 929 717 555 586 955 72 116 538 402 962 405 816 860 215 149 765 139 549 699 654 210 575 24 385 603 430 255 672 709 959 443 676 394 824 653 917 423 214 439 934 427 748 900 1000 227 941 746 746 672 859 315 353 635 541 254 427 569 621 420 615 501 685 131 589 141 337 708 957 182 139 190 845 617 732 257 181 685 454 506 35 340 527 224 720 467 804 809 572 509 47 859 125 761 67 59 95 785 803 862 586 307 200 785 201 763 296 564 613 812 582 765 755 866 701 423 554 909 588 852 393 28 380 102 658 992 323 952 907 706 3 544 791 736 218 21 195 460 561 789 304 824 196 54 203 16 562 711 789 942 819 975 69 558 964 343 922 7 458 806 122 143 673 208 956 549 850 266 455 820 427 385 355 884 426 536 983 709 299 497 267 480 483 433 654 975 984 922 613 156 168 596 661 78 6 836 338 305 824 689 198 135 582 468 800 327 91 106 495 835 870 819 924 337 997 418 780 664 154 599 300 5 930 680 161 295 445 678 597 773 333 338 173 987 21 835 482 248 718 934 135 884 231 246 224 167 567 341 150 799 494 966 283 740 1 22 779 1 68 123 819 719 673 806 327 214 305 833 185 117 529 259 72 48 773 525 761 449 962 137 870 467 244 814 730 824 972 343 526 261 183 185 802 962 222 162 88 829 17 533 288 856 446 196 498 847 389 628 344 375 410 231 965 151 477 622 754 683 800 939 342 798 719 567 948 254 560 309 26 401 886 511 762 483 522 398 107 116 580 377 722 274 333 468 603 416 894 905 743 314 601 24 537 526 165 134 148 208 169 766 702 480 146 224 753 1 646 903 662 839 278 953 911 474 644 860 960 814 867 428 966 658 252 562 748 122 806 206 887 131 185
867 640 454 3 161 366 314 351 57 192 223 295 292 512 657 160 183 594 297 133 684 649 680 18 196 843 890 774 819 93 921 986 662 738 895 110 459 943 222 124 265 582 688 775 43 79 790 921 362 187 718 354 983 866 806 295 229 373 870 202 425 833 372 675 667 905 757 201 552 895 426 378 916 933 214 954 346 493 742 938 823 381 314 211 469 845 783 701 135 694 183 346 934 14 990 55 768 392 799 835 297 148 764 843 949 738 607 506 451 306 840 538 370 243 321 500 835 758 941 6 212 355 987 557 953 767 608 751 725 700 862 248 374 224 464 644 986 554 866 925 591 412 835 750 550 791 354 830 933 261 549 918 403 202 176 638 788 995 630 518 572 789 119 346 679 41 466 937 780 124 56 731 721 472 168 90 5 876 473 654 219 69 255 472 398 360 325 182 314 110 843 201 598 274 288 282 523 432 598 491 329 558 973 913 444 399 87 94 530 990 839 320 740 320 831 366 343 321 204 206 42 320 167 202 91 559 718 586 430 583 512 369 313 238 461 323 655 616 404 605 102 407 641 668 596 697 742 291 498 718 964 495 33 797 972 259 483 928 745 402 424 495 189 638 717 705 228 669 194 611 313 499 976 693 216 389 559 509 552 236 969 291 105 48 189 310 139 295 163 924 816 23 846 17 309 17 341 695 743 675 136 416 996 197 143 741 874 599 583 801 431 577 574 918 636 539 737 118 887 160 793 562 24 358 592 633 483 326 930 651 728 388 745 904 107 292 991 844 848 465 721 328 529 872 32 114 281 363 695 169 293 765 493 330 576 40 266 896 280 240 834 260 892 473 908 646 192 539 271 101 879 553 817 344 895 714 926 919 848 892 242 935 813 747 777 655 88 644 458 979 947 336 254 53 890 847 412 761 189 125 830 544 891 969 213 16 399 584 631 789 994 885 422 57 916 592 905 92 731 245 209 449 685 550 952 972 984 535 13 63 321 971 423 249 400 343 837 561 151 569 246 957 464 114 822 583 816 107 711 216 79 202 308 915 413 793 507 611 762 800 964 300 317 483 813 377 593 594 757 290 777 959 193 755 550 424 78 122 748 716 513 305 887 4 953 993 25 796 79 973 495 706 578 927 740 353 80 89 787 867
725 359 593 537 141 722 62 192 140 929 461 151 526 124 985 457 938 45 37 139 186 84 228 139 630 564 128 155 466 369 837 854 787 985 205 114 409 804 875 835 570 964 814 867 732 804 880 55 215 124 360 73 425 473 361 841 67 458 81 924 501 860 801 763 846 746 712 665 239 362 907 726 76 878 770 120 681 363 612 723 759 653 702 223 754 843 869 366 752 828 201 595 612 748 312 278 760 115 427 943 487 680 907 895 554 777 4 618 759 358 595 342 211 646 943 750 616 598 810 46 756 452 360 387 708 118 947 767 232 639 741 438 319 50 176 165 992 681 716 665 536 188 904 872 537 783 762 793 506 699 406 389 671 584 744 819 602 268 850 470 252 520 480 888 726 981 941 867 798 555 720 884 394 425 999 509 593 494 311 227 796 721 664 996 500 752 516 874 381 282 279 988 451 535 728 53 16 67 536 598 794 259 872 890 652 830 208 21 636 55 91 440 991 220 965 9 376 59 329 755 82 395 38 865 175 712 132 762 207 649 665 866 701 111 280 820 338 845 704 240 559 930 955 589 931 666 429 220 127 733 685 970 208 836 626 929 129 105 110 864 179 960 239 629 728 132 131 789 90 416 114 777 123 663 539 365 277 381 760 479 461 838 351 97 718 421 57 276 582 616 237 196 791 866 748 819 239 655 161 712 521 958 288 526 665 766 294 796 389 880 875 738 65 900 505 353 619 876 147 798 414 732 307 803 164 231 972 616 244 362 780 955 985 841 825 326 415 610 304 579 925 418 955 947 440 29 500 848 350 527 253 299 738 25 963 547 614 762 159 626 838 691 520 119 775 618 369 960 300 325 12 101 414 563 663 93 512 733 213 777 868 159 68 887 341 654 671 722 853 391 17 877 99 378 138 531 546 840 27 651 478 49 26 591 694 272 307 724 420 838 735 134 324 788 90 92 683 593 304 573 639 744 391 23 604 911 191 837 722 311 520 713 287 605 659 592 529 593 638 459 166 333 293 230 809 118 857 477 206 479 477 209 563 527 504 442 590 619 668 826 624 312 164 881 668 283 169 908 578 166 26 593 464 804 222 501 268 635 122 234 472 6 218 151 322 179 513 297 390 667 448 272 717 71 409 343 639 926 849 578
450 197 207 204 187 386 416 422 862 844 803 444 63 41 181 318 955 851 771 785 181 839 310 934 868 248 357 118 267 705 732 862 405 503 474 831 246 960 585 77 932 35 932 22 718 545 834 744 24 458 774 420 408 285 315 58 702 314 864 157 984 640 446 589 144 600 22 912 241 680 912 900 111 177 573 112 874 857 830 159 891 869 341 226 143 535 100 535 242 605 481 959 972 223 289 916 298 806 842 749 307 567 993 71 650 945 540 839 640 774 642 248 875 29 802 776 732 801 718 872 960 699 403 104 703 884 631 842 627 880 824 330 900 683 915 366 798 529 186 473 790 722 613 308 37 59 419 767 876 342 959 904 775 397 846 534 957 472 75 281 869 202 803 91 672 12 854 949 662 584 943 40 209 831 124 53 396 37 171 326 607 958 233 291 573 42 447 273 466 868 198 797 948 950 996 62 857 458 173 915 690 999 999 413 515 74 1 198 584 252 295 485 94 493 176 997 826 289 445 299 283 169 941 932 399 627 941 562 919 195 75 70 77 282 447 538 191 857 43 509 266 136 719 590 721 625 559 462 671 765 696 715 318 762 686 105 484 722 963 43 903 525 17 359 832 11 332 223 558 977 527 778 353 844 920 931 31 235 324 198 919 186 404 710 865 216 851 646 531 480 516 906 447 808 105 720 613 677 123 470 87 260 515 244 433 302 112 967 121 642 939 416 625 487 609 322 228 337 860 890 763 277 89 3 219 712 1000 161 706 176 624 328 526 114 271 30 43 805 550 106 709 17 154 961 291 35 958 41 52 473 31 209 274 108 907 16 205 569 203 159 624 278 501 688 982 305 935 68 52 911 282 773 870 750 591 381 896 643 589 827 546 51 31 637 659 8 621 570 263 300 69 222 649 527 357 220 709 810 620 867 966 886 543 335 772 219 351 875 455 980 693 581 84 981 275 123 976 861 942 762 9 33 704 536 637 719 183 957 165 328 214 768 224 551 905 822 681 569 535 341 790 951 989 21 916 145 251 341 306 511 864 453 557 40 115 888 980 68 720 193 121 65 802 411 174 632 169 790 753 494 871 477 191 997 915 829 445 563 680 424 773 199 513 459 15 915 290 434 156 608 479 92 512 110 255 42 741 670 978 741
632 832 135 389 326 962 307 821 964 144 695 994 38 56 506 284 630 233 447 239 444 977 203 129 56 414 607 448 939 836 462 759 697 566 449 31 432 447 559 457 373 450 540 851 102 531 201 319 144 792 557 588 935 943 80 640 583 94 603 570 918 42 35 701 922 254 969 963 99 334 585 454 5 796 701 636 222 318 188 826 93 104 558 930 419 764 326 466 516 876 708 551 319 681 136 537 866 825 210 73 839 632 664 286 372 916 236 787 925 372 995 119 851 506 743 991 880 989 727 537 429 601 73 154 830 131 520 703 840 670 836 519 398 852 299 119 596 491 52 608 765 49 881 536 281 951 907 183 500 865 980 659 97 517 546 137 193 860 838 84 395 459 969 645 389 173 117 290 643 995 249 905 525 423 427 880 602 35 751 303 543 215 602 102 331 64 744 939 997 760 723 516 384 989 259 122 41 540 343 137 466 999 261 508 815 783 872 849 351 819 601 446 998 185 88 490 677 176 747 171 384 660 358 721 594 628 80 611 502 175 122 826 924 850 316 854 439 49 337 274 401 338 382 718 519 719 729 879 797 486 812 878 843 110 477 607 973 360 220 949 792 980 183 335 696 533 630 831 923 454 586 786 3 20 603 775 861 59 434 42 761 753 808 595 308 36 648 719 631 687 80 861 563 441 356 22 125 101 789 647 803 905 617 822 742 571 65 761 755 38 772 502 830 130 420 30 194 372 892 661 859 741 620 326 744 418 647 748 449 42 472 708 594 88 412 674 726 852 204 17 1 667 27 829 320 855 902 224 709 955 252 4 14 704 137 145 805 244 314 729 572 538 268 57 561 237 500 840 264 331 965 959 452 693 968 370 238 554 388 315 560 281 784 793 909 796 798 539 803 956 882 717 261 944 769 398 959 117 33 637 629 747 587 23 907 314 937 53 775 899 793 229 181 156 781 92 465 12 376 338 50 57 236 795 797 227 823 522 150 366 880 573 927 542 213 783 878 971 30 444 220 751 565 990 286 983 731 162 317 919 540 998 269 391 290 959 257 115 727 513 48 499 381 256 260 740 232 774 639 137 24 409 756 733 952 193 579 803 383 576 340 181 220 473 236 983 993 408 430 824 922 233 422 796 930 713 453 443 635 41
149 636 438 924 98 394 167 112 817 688 558 740 285 904 185 926 598 104 979 175 307 844 929 961 299 990 853 687 949 83 199 151 188 241 752 507 963 467 547 184 990 903 994 695 672 746 706 829 245 918 971 104 519 732 451 158 455 99 306 966 80 925 254 67 339 928 541 501 129 946 47 987 689 789 994 194 390 870 271 502 823 205 569 745 549 681 568 15 873 727 542 166 7 105 283 112 816 190 141 137 22 59 398 55 530 119 390 835 990 353 477 430 857 653 190 938 52 317 873 646 767 654 124 730 879 147 415 278 716 680 275 643 826 592 100 431 283 39 287 952 936 551 61 221 767 153 398 138 955 843 672 137 13 966 567 256 670 123 388 764 377 730 621 752 391 941 778 877 703 758 117 824 916 774 18 742 581 458 712 916 769 584 449 829 350 899 722 363 1 570 788 44 935 741 255 273 149 560 155 116 55 739 334 533 457 615 68 338 657 669 406 912 918 454 389 325 698 561 128 569 35 56 992 343 343 868 79 698 452 15 251 462 942 705 317 199 918 916 929 452 291 393 674 895 228 623 658 514 51 509 845 636 651 101 994 602 265 676 560 600 958 850 453 470 502 65 448 339 767 472 989 458 515 129 548 739 82 905 130 531 443 342 550 836 346 416 980 426 387 752 497 971 422 962 228 497 673 921 786 49 649 764 601 265 153 258 56 200 660 777 13 788 587 117 188 7 774 698 548 816 260 660 712 7 323 643 517 604 494 248 802 766 753 90 822 245 769 161 893 139 449 799 968 772 883 2 203 273 181 184 719 928 61 95 289 697 403 144 278 150 317 844 97 641 468 917 818 818 579 620 648 53 230 353 472 567 660 903 25 874 484 632 768 127 232 100 384 629 428 125 75 738 407 891 688 560 466 117 539 495 991 432 128 235 754 43 669 401 926 247 729 43 49 749 58 223 902 449 461 197 616 425 118 637 21 576 494 896 160 658 495 754 358 324 897 348 689 99 780 103 568 336 82 680 243 120 319 582 816 498 124 115 346 739 775 107 763 639 670 122 500 327 239 812 261 159 913 308 79 448 133 178 377 439 260 689 59 207 173 155 212 123 445 615 460 159 211 459 502 859 503 638 74 188 290 628 496 151 602 718
257 883 868 232 944 94 302 153 946 800 529 375 525 85 857 904 145 499 9 512 752 837 57 818 839 742 621 596 414 888 872 284 783 56 404 475 437 10 220 646 761 200 840 439 125 464 392 45 93 667 576 966 125 235 905 354 274 901 372 645 233 808 378 332 786 450 829 777 514 98 224 679 984 418 981 971 220 766 295 173 283 77 814 775 359 525 215 544 921 107 177 860 598 67 797 857 261 276 35 906 878 167 595 348 237 906 24 579 931 611 374 944 871 9 106 747 193 196 53 538 999 468 500 228 733 345 101 841 222 828 790 237 900 603 493 751 16 57 905 261 482 74 840 913 828 419 650 238 868 211 29 315 340 758 274 346 556 894 357 756 690 699 589 263 536 879 934 975 752 520 266 138 548 760 671 601 825 501 604 432 459 429 881 792 194 698 845 639 186 590 707 446 725 724 473 828 940 127 934 899 325 907 76 350 449 696 34 914 196 942 759 109 640 581 659 160 768 437 131 585 373 782 965 323 193 480 410 555 463 275 603 221 570 693 982 699 443 981 412 424 138 843 65 586 929 99 702 155 86 402 534 752 431 114 262 529 743 226 224 71 259 181 463 206 834 65 663 876 69 213 778 520 594 870 489 302 825 455 535 953 850 784 905 843 344 164 94 113 244 488 468 917 982 931 89 221 964 942 984 140 483 105 263 309 950 369 872 698 417 67 598 990 749 822 734 512 815 882 698 23 290 196 729 547 587 498 864 987 545 392 205 10 666 415 96 857 109 369 286 495 507 992 313 426 209 287 872 612 143 774 717 417 259 467 239 957 743 416 313 673 320 800 55 975 621 268 787 138 437 202 811 275 550 654 933 112 159 774 295 341 512 356 280 543 936 348 97 387 421 570 453 188 207 955 974 154 627 341 664 561 267 863 944 142 320 21 757 85 170 589 56 540 159 133 939 210 356 480 677 424 207 970 153 852 404 984 49 678 859 256 654 483 909 943 337 38 95 501 277 747 876 869 985 65 631 279 863 741 464 265 979 114 291 993 639 731 383 229 316 776 730 223 168 887 633 686 383 908 610 331 727 509 847 993 115 769 596 48 281 528 419 604 937 972 771 80 826 708 194 713 264 95 233 466 148 297 997 520 759 382
363 336 772 210 442 315 242 507 611 715 54 955 247 479 615 278 970 651 637 467 456 952 899 793 562 462 671 359 551 151 12 568 840 474 751 279 514 487 326 765 107 345 945 785 167 463 743 776 187 463 556 41 673 241 804 328 121 380 573 529 428 189 346 842 512 723 188 387 744 426 284 412 708 412 879 534 723 523 760 849 573 374 547 228 634 324 630 662 458 478 847 340 686 265 291 534 765 981 739 504 31 81 853 855 624 995 409 901 85 187 652 771 149 426 485 840 105 206 517 849 963 160 737 15 77 564 549 50 706 406 531 915 744 347 379 785 374 209 434 927 374 10 558 885 56 816 102 900 638 818 467 563 983 991 148 312 405 417 791 268 855 813 376 782 260 848 718 882 909 643 620 23 835 952 995 694 984 692 103 219 800 891 758 110 156 643 177 783 17 993 180 585 12 74 588 377 133 498 783 197 186 104 298 508 219 659 129 312 293 798 725 267 758 242 243 176 500 818 571 550 227 71 617 942 424 416 118 416 500 517 919 577 956 810 872 316 424 166 953 396 25 27 682 944 785 300 928 773 209 262 626 985 431 46 794 366 204 585 597 138 720 683 793 391 396 655 765 953 935 612 422 480 642 682 104 934 488 2 263 409 884 384 518 342 269 689 1 901 640 928 228 754 800 261 591 455 643 169 602 357 915 179 294 511 145 745 351 977 44 667 792 933 204 84 886 193 349 1 990 984 543 951 269 213 406 152 689 497 721 610 717 444 457 430 531 32 823 17 556 514 605 803 33 219 452 105 647 668 1 992 778 886 256 983 164 284 705 906 850 420 214 940 773 492 19 77 329 493 757 802 868 743 115 961 482 854 849 754 827 221 544 973 958 248 896 798 221 474 17 10 222 476 46 101 315 959 958 231 620 328 771 149 573 371 21 189 500 215 212 68 120 800 745 131 359 300 636 607 112 31 708 136 791 417 528 783 613 25 731 407 772 405 67 969 64 590 11 983 970 359 910 412 243 826 699 777 221 192 611 942 134 66 115 321 57 803 710 943 39 438 522 551 809 91 135 497 927 787 535 743 57 28 350 116 851 354 629 468 389 856 191 543 815 491 784 838 927 283 667 623 718 39 149 779 590 24 653 743 513 307
624 843 786 992 803 578 49 42 692 706 900 558 147 779 68 639 897 85 56 854 387 643 446 292 759 86 932 64 454 368 34 588 143 51 268 275 7 327 115 130 470 855 746 718 235 869 275 798 603 485 945 563 229 993 875 18 257 433 759 786 262 285 377 97 595 929 930 826 482 656 416 834 222 1 173 766 478 560 191 28 69 747 737 705 503 125 652 449 105 536 444 840 475 652 661 982 187 679 951 111 101 100 944 790 677 638 570 88 41 428 775 284 924 759 675 710 49 551 948 78 912 195 267 889 898 922 441 269 595 379 901 450 338 108 656 326 693 922 586 558 156 626 176 948 743 582 142 330 13 145 868 722 771 445 127 640 104 525 553 474 918 13 992 656 679 5 937 81 110 511 861 242 98 862 94 916 181 490 94 594 495 565 779 578 262 555 458 877 292 565 809 787 405 641 16 854 741 548 8 812 630 308 442 98 152 97 764 579 647 373 937 144 364 786 816 358 110 928 23 314 606 547 897 131 597 543 734 131 262 806 840 206 581 105 451 532 714 999 313 744 928 61 271 424 329 560 230 301 812 920 127 737 151 826 772 361 400 148 269 276 273 944 86 277 34 652 376 966 45 21 475 552 946 885 365 785 785 991 435 968 625 165 929 510 286 862 242 63 413 424 698 674 541 519 26 126 38 209 874 880 47 594 210 198 710 291 930 103 577 427 96 705 99 855 601 258 348 200 548 186 435 959 44 325 85 974 764 889 880 751 715 969 460 79 965 725 774 367 520 512 561 238 195 214 977 35 48 942 316 572 514 125 949 743 652 712 754 852 53 196 378 102 355 837 618 63 248 732 683 639 823 381 814 826 372 339 176 561 414 527 601 842 553 384 985 769 883 619 632 762 197 198 745 434 230 184 584 727 172 20 788 303 470 852 836 641 669 914 91 279 130 480 178 833 719 108 530 715 108 429 824 431 148 88 8 973 740 504 189 139 872 283 974 445 202 132 497 319 835 461 455 19 993 582 506 115 748 782 717 981 685 427 784 555 239 155 790 141 341 703 429 20 118 303 670 257 909 869 118 63 248 976 407 672 167 164 292 776 361 119 657 622 945 24 352 484 82 919 390 100 183 472 628 831 911 105 389 435 543 941
893 831 77 515 931 396 991 560 263 841 343 328 74 25 397 248 665 584 132 859 33 76 156 65 48 282 661 806 588 392 867 128 343 16 266 321 393 29 732 175 750 696 159 29 728 914 797 510 509 954 831 474 587 38 250 821 880 163 112 351 927 221 378 130 368 70 162 364 532 297 472 954 63 483 257 992 470 995 966 53 646 376 772 153 414 432 362 752 825 578 159 851 911 142 739 772 140 584 537 968 422 494 656 534 345 765 143 805 676 976 563 218 614 125 656 417 473 688 893 329 737 433 544 689 500 357 986 691 714 41 768 704 34 226 282 702 981 617 135 777 36 37 837 917 519 656 371 608 405 277 451 529 934 377 377 276 948 208 629 828 991 167 69 325 467 633 587 778 755 282 489 480 806 683 600 569 261 479 493 98 243 407 149 749 907 25 785 191 202 960 179 966 709 419 339 344 466 906 619 290 404 507 1 677 494 894 130 381 72 908 581 527 834 473 228 937 131 963 1 477 640 430 440 710 602 850 213 493 179 338 185 802 197 892 354 550 661 678 760 681 27 566 181 36 547 713 47 682 829 714 911 848 843 333 110 589 374 472 90 164 806 333 711 917 426 135 614 321 980 554 599 393 631 860 876 783 215 187 195 830 188 436 673 779 168 327 624 604 165 941 465 546 559 965 722 782 699 358 429 244 825 971 126 330 24 607 887 711 459 587 573 686 845 133 30 376 538 44 793 635 326 134 301 519 725 585 960 517 239 630 743 477 458 935 402 159 463 635 205 155 673 720 273 884 878 618 7 416 991 360 454 333 655 335 942 844 34 125 83 211 394 236 221 299 837 464 913 116 556 629 513 39 996 476 429 461 249 882 773 390 537 664 324 853 712 806 195 480 158 264 336 692 144 578 202 196 164 911 473 842 517 18 336 667 1000 614 167 128 574 576 311 364 136 967 736 49 35 344 550 681 924 541 614 625 904 267 878 278 598 333 379 452 647 642 102 333 473 620 505 535 558 781 85 927 567 648 294 898 152 938 689 292 597 570 284 182 930 807 22 431 844 117 523 543 851 406 353 33 9 469 708 989 663 459 321 158 815 280 552 588 927 388 495 361 524 27 698 541 125 457 471 843 814 277 186 583 426 276 81 92
262 400 5 452 242 313 87 985 958 632 862 562 966 798 673 256 367 884 698 252 231 148 747 75 14 627 705 54 448 996 346 922 138 437 126 83 14 12 918 105 1 836 94 232 356 471 31 982 195 289 520 67 888 605 796 175 261 317 170 373 115 962 577 299 752 107 916 734 800 438 851 209 53 200 829 878 367 995 843 488 933 623 896 979 747 479 212 279 582 583 219 516 499 603 182 371 749 981 433 18 790 607 887 133 584 977 336 617 1000 539 860 120 249 325 136 478 327 175 276 531 3 150 703 39 637 806 532 199 711 892 620 412 329 475 936 96 638 644 149 458 843 944 641 512 425 632 946 294 749 369 782 74 2 112 774 958 423 49 757 77 721 792 14 454 615 211 796 797 590 894 318 534 198 235 355 259 356 673 514 974 829 214 348 303 920 203 193 161 91 36 623 313 906 819 214 322 498 558 69 739 392 796 542 702 470 539 707 294 897 235 865 998 520 477 55 716 533 463 769 645 399 710 302 287 349 370 845 225 746 360 636 822 984 432 122 886 445 343 616 210 516 419 992 674 842 822 495 295 38 980 857 124 727 460 377 857 652 306 499 847 877 339 970 928 626 720 175 209 318 302 883 238 524 421 619 697 769 772 498 992 918 227 924 335 609 893 686 620 794 278 524 37 848 848 827 354 26 257 480 967 462 607 608 267 388 885 233 258 705 586 902 42 892 764 229 356 245 509 606 124 472 876 809 546 392 963 972 829 142 640 300 345 976 921 5 435 497 139 7 646 349 196 650 649 161 81 236 322 882 158 238 854 77 392 45 34 189 400 814 528 989 253 402 754 699 864 257 526 938 662 885 231 342 902 889 188 878 40 505 724 362 421 241 309 736 56 526 675 63 47 867 359 661 238 633 999 782 771 888 344 860 604 381 537 189 129 492 270 15 274 636 287 973 827 619 855 63 767 594 463 277 904 74 983 680 92 952 473 270 765 328 931 106 802 813 154 667 247 400 92 609 740 236 724 991 249 600 603 596 904 80 690 980 744 221 598 287 724 372 647 167 577 985 164 864 58 289 769 554 140 485 932 190 32 913 324 254 146 316 976 39 616 762 330 485 755 597 350 848 963 756 640 191 936 893 690 844 596 278 349
776 443 477 663 269 352 17 814 900 106 155 96 607 927 318 758 733 709 423 378 727 446 829 541 503 602 721 482 676 887 177 982 476 821 784 309 387 136 223 191 548 678 623 908 18 998 669 418 819 968 771 525 891 67 317 299 975 33 833 909 292 591 689 632 63 80 947 846 480 197 715 529 45 817 641 260 385 520 977 25 679 667 360 446 469 265 394 614 845 587 751 785 537 589 381 345 226 198 515 90 852 834 820 484 552 340 993 848 329 327 448 328 877 37 640 676 359 660 205 515 281 962 351 438 61 727 614 782 961 782 812 285 625 45 735 321 474 644 1 966 567 875 221 650 697 433 754 377 481 253 131 59 427 140 200 852 804 407 978 562 715 814 480 327 930 318 409 351 104 197 556 255 222 425 817 884 397 620 556 562 967 964 52 281 572 266 472 218 583 472 453 609 267 94 375 750 352 844 657 288 583 684 903 865 823 859 67 511 238 796 676 888 431 614 907 101 657 80 795 915 320 363 80 801 950 213 605 392 591 86 229 851 8 499 254 494 86 300 339 608 704 954 937 361 142 396 19 696 309 959 95 237 594 252 869 769 350 514 672 680 336 83 965 694 203 647 284 170 873 569 978 704 163 311 398 827 224 125 200 375 326 994 328 680 476 538 718 545 745 449 133 528 634 615 953 820 642 178 477 254 466 618 101 274 947 23 718 838 169 893 865 700 482 650 492 958 612 294 136 103 299 464 581 923 7 887 476 942 483 774 376 237 593 453 864 193 83 926 168 838 870 688 843 973 102 758 517 586 437 514 851 866 369 102 349 3 611 328 179 540 645 695 170 292 466 177 520 822 384 936 854 364 645 437 994 20 625 53 324 207 797 424 361 490 880 616 247 261 661 752 316 693 820 993 909 338 456 899 400 657 736 708 442 80 450 927 56 252 639 395 300 770 954 866 472 930 298 260 426 825 293 787 418 514 406 112 409 447 264 785 575 328 20 969 437 988 592 627 417 763 916 615 393 589 83 680 896 53 754 633 23 804 976 322 455 531 736 329 705 943 576 307 5 293 640 342 398 882 711 861 908 311 148 406 265 749 27 141 393 512 75 240 799 293 600 821 723 165 458 426 371 270 779 841 477 703 71 628 266 681
850 845 815 566 88 238 128 317 898 175 139 231 427 679 517 672 655 173 683 565 55 286 568 350 353 941 490 563 635 986 620 259 89 862 473 268 832 167 297 625 653 867 522 209 56 412 651 219 405 580 711 284 870 277 379 859 60 808 552 388 600 745 431 680 692 258 877 388 643 705 732 16 325 490 146 476 165 155 331 572 198 929 594 804 158 280 827 286 528 315 199 438 259 1000 96 724 921 30 965 647 288 919 743 86 567 455 240 791 102 906 907 269 95 161 706 94 350 846 279 65 366 97 310 368 754 272 591 737 603 750 864 526 758 179 306 155 289 953 83 60 719 562 813 258 278 750 438 753 152 576 835 86 378 792 681 310 451 166 202 553 894 865 61 762 74 108 609 252 203 117 229 945 377 987 87 181 73 245 93 280 693 588 163 946 227 568 551 792 241 214 9 81 150 871 622 19 23 699 765 491 619 948 490 939 565 4 262 578 203 65 843 309 792 520 979 25 633 505 333 796 578 297 937 402 596 844 587 385 586 379 235 983 350 29 86 71 263 431 396 407 179 891 456 923 54 937 741 296 585 742 875 990 352 50 216 21 543 878 527 815 613 418 397 953 933 103 99 138 817 640 289 571 523 350 847 992 480 767 515 563 703 664 429 560 966 863 725 356 549 529 578 224 559 984 896 472 245 86 137 230 833 237 790 702 638 509 247 739 989 301 24 279 427 839 866 904 565 538 953 852 458 439 739 4 686 435 642 859 254 21 614 46 28 752 30 289 744 641 18 893 755 699 86 384 462 265 984 640 276 565 626 154 567 852 561 510 316 935 325 392 274 206 349 931 451 254 152 428 293 955 997 603 969 491 887 991 728 151 859 590 1000 46 707 131 334 176 874 380 599 955 991 598 67 942 461 383 329 437 15 188 387 230 762 763 469 785 725 49 138 442 571 101 262 14 812 151 361 319 141 239 623 455 832 550 411 461 51 298 769 783 666 725 715 496 837 534 35 528 823 277 116 794 871 504 979 391 274 399 929 742 79 357 185 728 51 518 547 230 344 9 650 841 277 924 496 368 186 631 969 1 322 228 978 987 590 446 179 792 520 490 556 229 897 76 469 100 202 998 406 495 14 271 83 482 239 800 497 548 409 976
942 409 147 453 452 943 452 863 298 220 71 954 387 261 330 265 776 563 259 38 45 452 174 796 996 212 15 816 844 525 51 181 814 376 237 403 685 721 647 330 373 378 900 897 932 388 915 874 233 677 774 368 610 528 389 550 890 740 408 418 564 114 98 875 700 313 503 877 625 358 876 243 221 151 777 273 620 596 10 677 802 888 927 741 203 232 360 491 51 617 990 548 286 588 934 247 456 840 812 489 966 151 35 482 775 474 194 655 329 900 581 640 886 927 363 707 111 320 841 344 202 851 725 227 85 896 415 262 631 315 468 850 107 501 120 116 161 663 888 473 111 311 226 806 670 719 295 590 298 856 209 419 947 955 333 173 327 961 621 620 467 913 64 879 101 242 26 186 857 211 615 6 324 460 519 46 22 263 561 970 595 223 840 139 173 687 59 303 525 872 387 559 926 662 927 372 41 357 45 169 485 541 200 559 706 297 416 669 962 505 125 703 871 743 43 660 490 842 887 102 883 144 511 374 15 101 959 937 241 909 604 199 784 474 107 224 265 641 141 266 126 785 760 662 801 486 118 563 923 176 194 993 369 633 634 864 334 534 258 968 675 497 977 595 416 724 172 82 72 958 805 44 398 444 744 289 974 584 307 862 533 66 216 175 797 318 744 768 756 854 744 135 267 769 308 990 787 725 702 870 401 729 205 604 827 541 724 459 227 458 48 138 960 91 885 918 687 127 429 41 730 508 373 201 530 382 298 121 368 787 569 542 378 716 226 197 358 632 881 657 654 207 658 397 947 101 988 385 689 812 100 838 908 808 134 840 325 226 250 631 41 214 113 606 22 17 228 166 473 982 71 369 828 730 495 461 701 8 879 532 140 997 258 248 668 73 524 347 63 627 585 400 365 194 192 212 602 598 111 135 863 682 508 503 711 517 744 254 461 429 236 976 342 256 259 621 405 227 957 583 764 941 992 235 814 847 871 656 478 87 886 965 800 560 717 372 374 425 867 186 240 942 84 100 382 270 15 878 78 784 267 683 329 416 482 238 530 227 697 242 380 901 482 699 498 745 810 656 498 481 526 893 423 688 151 735 791 674 454 603 964 978 617 416 777 119 719 81 29 931 897 670 167 767 304 291 774 545 508 531
584 858 832 719 697 57 337 230 862 792 456 9 443 428 5 80 65 766 51 290 567 311 958 51 512 641 510 655 260 126 15 773 686 231 223 887 724 285 989 864 718 667 779 101 1000 830 758 496 269 496 830 306 999 130 360 810 904 281 930 796 650 803 31 55 515 517 853 936 361 216 685 206 425 384 333 204 141 908 325 612 785 827 269 983 100 292 818 959 297 822 698 279 300 264 563 432 228 687 941 860 989 281 372 791 470 409 216 627 635 63 250 33 617 400 805 779 619 60 632 737 226 904 990 22 892 250 798 464 834 190 222 841 41 25 101 299 531 520 917 175 928 165 845 367 229 718 497 207 737 997 102 366 584 99 1000 922 150 995 668 4 633 95 843 887 419 411 266 49 931 233 156 160 580 116 500 215 727 734 851 447 544 101 320 532 668 863 117 285 284 804 668 208 745 666 160 197 753 779 487 402 360 968 936 775 819 961 837 953 309 786 166 507 93 451 293 820 577 397 83 863 873 36 527 831 185 915 56 597 38 859 291 896 572 579 259 486 135 876 226 123 661 678 383 619 704 196 628 80 446 288 432 676 470 832 165 958 519 309 165 743 62 382 401 955 603 411 854 933 655 389 150 967 191 166 640 461 430 83 575 658 588 525 513 966 113 470 41 909 801 541 967 287 342 165 349 685 691 942 271 106 829 190 584 504 281 445 468 220 1 738 890 610 515 25 80 293 352 812 37 964 986 776 371 244 208 358 853 515 836 443 738 241 647 992 23 256 310 229 593 959 891 851 9 255 533 830 366 374 117 621 656 467 737 817 410 560 953 344 980 301 607 864 69 808 184 791 227 219 527 285 629 31 662 542 176 632 272 754 442 545 40 187 405 740 358 250 164 174 695 876 909 93 348 16 693 356 154 666 959 410 948 544 338 943 1 195 653 32 686 594 476 265 114 465 577 317 386 984 804 83 865 178 293 589 282 418 661 304 129 762 148 284 553 258 36 515 86 821 933 993 143 633 45 268 866 494 911 188 893 682 238 882 388 547 350 153 535 362 133 927 332 470 87 384 545 579 532 533 193 879 238 461 612 858 896 184 738 818 725 595 211 319 298 997 522 759 84 882 604 352 357 911 710 214 238 813 164 333 203 474
511 517 119 646 370 718 892 359 728 15 51 29 46 787 666 737 937 799 521 865 793 316 684 43 25 915 237 167 254 604 428 631 195 797 448 518 218 753 939 34 384 562 965 923 968 656 512 56 577 982 346 135 610 506 969 301 68 102 502 845 727 224 354 955 48 473 882 676 939 286 233 764 727 254 567 727 47 175 526 541 185 406 327 39 325 225 951 122 954 604 251 803 778 757 663 675 492 276 927 252 842 403 473 744 681 533 665 994 360 20 524 765 458 720 227 462 938 912 672 503 391 494 79 685 541 359 620 452 339 596 883 755 813 49 757 377 296 837 780 699 144 325 837 202 392 180 503 674 554 355 607 94 424 443 668 459 874 347 243 671 188 333 111 197 391 798 231 673 486 373 244 60 324 436 722 806 705 198 91 504 791 939 142 464 930 927 244 43 15 236 588 651 43 622 318 123 280 491 597 592 220 814 229 942 423 696 579 143 971 585 632 665 894 390 990 193 954 407 679 770 894 545 817 582 627 887 725 166 865 831 243 101 971 437 75 219 196 136 584 801 311 371 68 519 77 696 52 150 269 491 138 367 308 506 369 541 772 728 704 735 952 668 591 450 58 300 98 441 580 305 202 370 44 723 42 434 476 196 625 189 409 839 353 45 119 192 165 156 645 365 937 805 909 74 771 727 216 20 64 410 243 50 361 910 44 310 373 514 436 677 939 346 57 101 276 765 188 762 833 550 676 47 60 889 821 893 256 21 269 388 707 809 708 230 536 990 100 125 331 249 982 812 847 33 682 898 690 584 511 39 976 294 535 804 177 521 6 718 398 230 966 350 228 152 636 526 919 871 22 115 177 705 373 98 262 851 821 927 418 186 400 427 74 814 350 560 822 120 664 790 834 14 941 51 24 431 68 956 77 977 820 152 571 679 974 674 989 929 912 848 479 966 565 153 25 694 179 34 790 482 677 146 619 124 624 538 221 946 93 901 479 453 961 87 443 285 383 661 547 89 609 61 667 163 363 498 388 678 386 408 491 126 788 471 103 938 365 74 988 726 251 249 646 93 908 400 907 299 881 140 210 265 957 718 663 648 526 724 236 157 286 926 289 678 992 531 868 345 823 81 892 822 426 87 256 492 767 462 852 723
316 565 807 321 481 13 429 872 786 852 129 752 234 379 494 106 576 828 487 398 848 556 149 548 866 558 408 869 947 189 13 925 493 631 452 101 780 693 515 167 415 792 978 561 711 890 120 752 9 150 499 554 683 740 644 4 789 420 157 35 627 537 109 503 431 316 509 850 148 763 858 446 940 225 189 504 658 263 920 329 870 143 140 7 278 763 129 267 230 861 761 993 243 478 179 300 279 910 509 153 545 101 608 893 289 614 887 329 165 819 27 860 957 115 854 569 323 735 905 710 500 428 309 45 549 111 999 595 766 241 399 76 636 299 529 687 270 441 254 503 533 943 907 204 67 516 168 376 256 429 813 151 354 65 261 652 580 783 974 960 867 59 304 586 41 496 646 651 935 328 788 878 431 459 733 343 299 637 463 183 700 337 763 956 939 118 323 385 657 709 395 61 744 915 685 59 963 401 273 221 300 471 586 187 987 976 911 748 789 947 806 361 39 793 641 877 583 769 690 662 706 166 964 272 215 268 586 528 726 678 787 335 844 946 694 242 67 484 350 708 13 793 827 256 450 752 279 336 267 819 697 243 908 885 252 714 527 523 203 195 856 507 204 868 265 876 578 299 148 331 98 692 938 584 879 589 377 4 850 77 621 821 397 821 454 113 904 121 972 696 785 894 523 87 224 359 828 451 382 715 231 13 173 522 266 255 912 813 167 231 347 505 272 777 928 657 50 395 448 291 148 916 367 899 491 582 230 93 797 936 390 176 163 847 636 229 139 955 922 59 71 155 332 853 227 633 702 945 933 463 700 497 536 919 848 439 941 790 563 825 165 318 64 268 291 66 98 276 570 822 955 182 214 690 81 654 598 710 921 635 274 804 979 791 568 858 257 603 526 836 952 614 618 758 669 27 119 990 777 667 29 959 77 768 184 818 806 325 916 794 110 15 5 850 225 683 765 245 846 416 79 292 291 660 600 216 608 51 198 675 913 976 496 678 83 256 501 397 633 875 165 87 293 606 215 108 989 376 591 763 478 877 670 653 193 541 730 590 98 755 91 240 789 558 967 976 858 973 631 953 444 474 361 3 859 647 736 514 737 910 319 706 481 429 11 387 4 437 99 502 490 313 736 609 204 40 920 871 769 475
690 41 395 655 292 742 426 31 440 634 380 252 68 762 130 294 531 511 280 523 805 700 135 969 140 148 52 80 427 601 564 745 718 946 45 664 618 649 269 908 645 599 60 771 507 235 387 936 750 326 640 996 987 168 345 672 710 894 235 140 141 541 530 224 732 579 361 641 164 659 680 769 885 652 216 605 19 957 277 330 991 877 754 198 137 914 776 147 669 630 992 238 15 212 382 622 900 919 792 544 177 528 528 463 689 381 639 327 165 778 800 374 79 960 670 517 471 486 332 298 115 582 418 155 353 456 485 604 271 697 370 250 307 346 480 619 298 70 661 840 288 461 984 207 826 130 514 85 324 528 697 309 474 947 526 604 911 508 575 725 22 599 239 271 69 398 933 15 328 744 872 372 976 869 417 846 60 408 641 806 100 293 532 448 762 58 328 181 137 830 634 958 43 172 824 518 406 598 779 816 832 484 738 813 583 954 116 431 747 17 827 645 791 152 290 761 884 784 796 969 147 787 180 468 402 333 414 17 78 364 601 934 605 919 956 744 130 660 633 517 986 910 477 854 740 649 530 193 835 115 235 387 550 684 855 873 486 206 161 958 845 707 904 962 365 684 283 307 142 834 768 727 21 727 795 89 821 484 381 144 672 574 479 372 861 114 287 839 230 854 817 890 713 249 482 622 902 74 936 581 158 880 797 912 374 44 260 405 689 749 557 31 719 531 310 335 980 297 372 384 216 973 60 823 227 36 89 932 476 736 552 983 436 831 83 504 618 991 785 206 695 676 846 729 114 555 484 738 120 307 608 784 724 518 993 710 114 722 321 666 221 210 784 859 227 534 260 295 165 960 328 56 819 932 879 46 361 519 970 857 635 898 922 359 366 450 53 260 136 507 925 555 605 555 806 481 166 853 505 227 254 34 76 399 80 331 379 408 760 421 755 945 300 738 509 155 327 384 811 328 820 251 767 127 164 327 859 113 69 824 124 753 539 439 523 746 739 207 501 286 170 825 188 784 229 317 223 386 480 842 373 511 692 556 667 907 750 160 323 713 722 950 920 126 65 407 266 586 209 805 494 314 279 442 932 57 963 435 102 695 367 162 716 283 606 130 549 684 618 836 521 965 90 212 558 76 782 24 222 66
163 90 206 126 422 176 422 606 225 127 737 956 154 969 894 119 375 426 836 221 503 100 94 402 439 518 232 708 603 37 705 103 149 171 293 313 720 228 838 673 55 52 821 846 366 926 914 367 69 138 428 144 666 424 311 389 156 846 639 140 473 948 580 559 777 621 969 891 75 774 982 320 926 133 225 755 516 339 322 849 870 250 699 48 118 110 256 711 955 353 431 883 805 778 81 176 833 941 970 33 271 129 713 407 814 953 734 453 897 889 375 670 721 436 647 571 524 681 77 808 671 900 380 582 78 620 170 956 221 847 874 998 732 722 85 484 976 251 127 91 433 642 175 250 999 877 874 532 18 884 202 950 779 734 231 61 906 810 727 901 645 539 519 945 613 683 659 967 705 758 46 297 183 592 367 213 549 31 633 329 10 58 439 129 70 642 237 497 149 616 502 762 84 993 861 744 991 513 592 18 606 39 380 358 895 8 588 882 458 858 134 641 835 932 273 360 588 21 910 963 505 558 485 759 886 692 744 927 970 845 305 978 149 311 446 161 52 72 684 388 100 119 564 183 582 625 78 758 417 579 966 343 871 417 848 639 149 47 270 310 389 1 355 505 527 787 124 58 444 525 471 289 47 348 426 160 216 322 622 831 956 946 648 198 25 976 291 876 428 707 311 563 605 225 304 158 766 494 522 790 71 114 453 609 20 407 424 128 213 120 990 822 258 148 259 491 253 399 55 281 249 812 593 816 942 542 783 505 188 81 412 278 74 222 994 455 454 231 631 169 117 468 310 471 250 283 414 29 203 145 750 104 76 218 305 624 338 623 389 759 199 847 753 921 989 305 371 772 195 495 141 81 382 491 596 872 187 967 710 303 165 111 271 341 280 768 9 145 428 905 803 725 780 612 990 578 734 188 266 336 518 457 918 763 269 8 543 355 660 633 558 442 485 579 182 285 591 78 571 116 324 328 544 716 882 410 129 613 377 467 909 630 513 273 951 404 498 515 170 942 296 49 912 610 676 544 460 735 843 237 612 88 759 488 263 910 221 716 681 994 61 719 815 814 540 44 408 718 782 377 424 38 727 281 428 480 928 862 356 671 752 902 325 449 154 725 810 310 389 543 826 91 561 110 475 636 395 945 793 522
823 559 698 389 737 881 837 476 508 107 807 950 820 34 535 128 965 997 967 578 789 672 983 565 120 325 302 884 600 618 380 670 354 982 20 512 757 475 601 389 527 707 207 598 704 795 871 361 138 759 848 965 158 625 402 483 146 832 944 278 424 767 933 609 443 238 661 415 172 237 630 494 621 682 641 482 305 399 457 329 117 635 590 596 581 19 788 544 482 341 372 225 184 909 358 672 828 13 720 954 239 526 822 642 671 403 581 357 803 692 888 836 596 914 23 690 839 465 254 385 346 323 162 314 233 888 720 886 465 438 466 941 833 336 761 507 75 672 15 700 274 264 276 261 568 30 272 689 429 738 581 914 751 332 59 309 853 744 817 682 661 521 700 866 230 792 893 505 466 574 5 56 298 662 284 70 371 279 984 633 363 301 496 449 828 87 538 967 807 959 223 314 463 73 957 545 789 72 500 621 786 876 717 364 416 640 109 128 711 477 671 890 920 193 27 606 558 742 813 264 919 800 461 47 930 613 966 847 55 998 893 128 736 243 436 113 464 378 393 710 623 430 215 471 592 523 941 31 45 826 382 827 222 42 237 304 783 657 847 747 574 863 37 318 502 357 206 34 315 496 39 353 966 836 867 512 368 764 371 797 98 383 22 432 29 891 904 766 155 330 529 994 140 582 825 139 283 175 25 938 558 870 441 712 954 658 571 481 331 215 520 210 954 661 982 293 645 287 911 60 572 951 524 143 191 266 82 829 357 263 18 862 641 459 73 762 702 595 557 782 902 122 522 247 315 523 307 618 295 197 674 104 94 989 254 885 914 407 977 986 151 137 839 642 36 795 797 63 297 524 43 481 67 748 320 482 620 733 315 784 776 579 931 600 192 759 449 709 808 279 157 232 483 751 831 963 219 159 33 424 235 880 471 479 995 637 238 776 344 422 535 40 370 165 83 106 547 911 536 952 624 785 275 445 190 39 844 681 90 414 653 3 275 807 420 3 950 498 561 189 862 932 139 568 298 486 886 30 288 186 896 115 511 681 449 968 698 834 831 892 919 242 481 812 378 444 12 204 978 541 90 278 737 868 341 22 663 907 169 133 69 865 471 472 115 376 598 676 951 958 518 15 675 603 608 237 8 128 252 572
572 723 605 906 560 989 327 625 135 757 107 469 736 324 998 628 416 880 730 600 874 932 740 81 366 347 804 74 354 671 364 380 135 996 157 477 266 891 579 822 238 639 118 624 382 875 749 677 318 532 656 392 383 818 932 169 601 891 495 707 812 848 171 198 441 342 26 699 363 114 321 953 994 290 8 455 730 838 11 559 868 621 794 395 750 708 126 922 257 440 153 734 800 25 358 894 211 629 772 776 940 106 159 517 610 229 814 797 212 36 236 693 760 818 439 818 396 578 214 603 494 430 853 448 951 356 140 113 219 754 379 620 421 9 609 73 716 348 50 992 804 695 405 169 376 9 624 539 593 707 916 633 852 40 941 979 501 724 662 61 635 877 919 304 446 315 840 38 273 335 854 503 908 368 917 598 119 322 403 806 233 199 830 728 30 401 832 268 895 670 720 319 133 758 791 914 158 73 347 513 882 937 805 78 948 873 813 751 105 588 812 122 125 633 394 194 89 521 441 756 256 168 490 281 307 187 689 94 334 610 250 120 851 392 668 920 181 135 25 669 203 202 646 965 483 358 358 515 878 85 498 831 915 812 20 230 192 778 648 442 396 432 104 92 732 495 167 445 974 68 740 252 767 820 324 448 456 436 53 518 277 193 191 286 107 788 138 279 844 494 687 116 225 292 465 773 17 473 781 972 686 971 498 243 666 146 240 618 612 579 325 634 347 962 742 664 227 375 106 749 370 893 874 528 860 978 655 95 937 354 119 893 323 55 372 430 695 384 618 773 462 684 771 830 168 46 403 513 386 480 257 110 992 513 980 259 233 13 623 287 156 147 229 692 561 767 985 458 942 332 440 555 437 501 809 261 553 150 645 80 700 443 945 372 444 656 117 818 515 715 136 44 660 880 352 462 980 463 453 558 147 423 749 462 795 482 311 600 527 472 478 422 870 232 245 511 694 606 279 620 583 545 275 495 736 711 926 468 172 462 75 763 249 120 910 249 222 797 968 70 92 303 371 432 788 714 622 352 243 252 442 842 594 476 151 334 788 204 204 147 663 205 799 573 280 591 130 372 839 352 890 262 486 526 168 100 544 597 474 216 552 388 826 981 96 870 9 1000 189 64 703 873 471 369 330 296 282 43 488 744
934 426 928 761 622 455 586 878 637 565 937 703 36 463 238 677 439 500 636 661 594 612 205 965 230 203 921 152 171 531 494 814 118 268 312 198 13 649 260 485 553 308 376 26 451 273 79 126 430 572 195 7 33 994 779 850 673 752 423 362 942 308 24 770 391 5 54 22 445 594 221 377 305 919 600 122 523 620 12 575 744 35 691 968 935 268 245 304 376 459 369 478 762 343 964 967 446 232 933 272 662 716 249 683 252 516 457 265 315 328 460 507 565 321 286 6 793 554 637 226 450 353 889 379 926 84 302 79 113 280 997 880 528 88 344 566 716 570 221 162 686 730 950 467 922 710 154 534 330 147 439 411 437 253 636 464 394 129 237 25 177 29 743 684 184 132 64 843 368 788 782 194 530 713 775 101 244 187 882 670 687 254 784 27 322 132 483 658 204 273 382 134 367 693 914 726 941 328 980 221 247 435 838 391 172 47 153 352 597 865 48 740 38 232 261 875 800 36 408 672 411 484 134 373 709 639 488 193 25 231 569 59 710 329 953 21 390 729 885 648 335 419 520 727 47 941 853 489 87 897 648 862 175 377 323 992 818 90 779 895 792 794 454 834 131 221 850 166 837 764 146 228 435 91 337 884 712 799 9 838 813 829 160 521 230 844 199 707 746 899 121 782 423 291 541 288 271 829 745 297 227 921 303 904 998 139 81 126 641 143 944 742 706 70 90 317 533 869 129 330 793 447 83 413 468 1000 597 879 88 31 907 498 332 6 213 740 958 660 40 105 918 589 489 840 478 828 280 650 238 375 931 276 635 333 763 110 576 18 558 742 627 524 961 785 448 708 850 456 964 839 798 21 390 707 597 42 966 823 352 654 820 791 498 889 804 941 185 534 763 966 560 814 159 545 678 963 570 642 310 503 487 248 467 192 763 135 796 783 137 505 713 555 978 235 401 752 644 689 804 205 2 511 886 307 724 326 153 418 725 795 951 888 541 64 726 523 247 679 276 277 403 485 64 894 824 145 231 111 520 202 632 559 704 982 99 306 605 829 745 311 400 362 639 53 441 213 255 418 551 468 152 654 418 104 618 959 689 405 418 656 932 963 754 613 922 505 75 965 503 975 94 250 650 345 951 108 449 423 622 788
766 252 62 13 535 781 606 329 797 254 787 822 484 658 671 748 169 562 558 652 928 366 109 679 877 364 68 90 348 322 775 672 145 948 516 691 990 624 314 213 403 136 804 823 622 405 80 483 282 186 466 573 108 857 33 781 479 938 606 416 176 207 158 671 649 824 521 792 17 498 769 816 501 453 912 174 120 873 353 877 283 433 71 49 400 527 437 193 379 945 931 271 681 484 602 756 867 144 178 745 699 959 489 736 501 170 620 977 452 730 16 379 476 121 134 228 214 270 939 167 863 291 743 858 488 426 717 839 690 735 25 190 124 99 155 980 359 610 129 503 846 60 667 799 41 688 820 181 903 167 711 647 479 120 962 659 768 555 453 300 581 951 403 195 802 390 774 601 983 83 466 346 175 559 956 510 502 824 997 15 670 345 923 807 64 22 239 824 240 266 321 484 148 647 889 55 764 844 910 30 546 527 660 280 668 684 897 568 204 113 376 177 934 782 300 921 913 884 145 528 87 782 323 724 69 584 348 418 625 45 457 22 195 9 474 723 190 902 153 447 346 792 802 118 455 585 150 831 953 374 804 310 757 71 184 808 458 865 694 343 458 800 60 561 635 905 468 864 381 148 238 9 779 976 71 905 692 551 831 350 450 30 849 362 268 983 171 516 545 910 686 189 557 693 578 70 215 783 161 258 838 161 696 442 183 910 315 68 122 631 847 830 629 49 341 255 626 398 26 221 4 132 994 939 569 820 861 442 973 313 607 860 830 793 219 386 293 513 23 726 828 143 364 75 433 714 796 36 909 99 291 99 253 365 45 225 901 643 740 896 121 483 601 609 758 731 885 190 370 9 304 843 512 930 149 347 378 987 454 974 445 55 728 243 785 518 506 698 678 625 197 242 909 974 396 856 970 74 540 730 291 845 683 903 344 662 639 97 774 230 238 313 545 95 59 349 903 144 851 259 287 71 407 847 22 947 88 938 242 302 595 450 491 279 463 426 356 403 485 762 983 117 722 150 920 210 678 682 938 808 884 900 877 591 597 652 43 524 773 24 126 455 734 978 555 96 794 960 129 668 670 445 42 350 570 140 791 943 242 830 688 875 249 942 783 477 107 1000 717 419 517 998 846 615 187 957 225 671 558 993
468 230 293 688 821 71 890 83 354 389 479 69 206 427 792 978 653 146 448 844 912 983 157 828 831 693 25 618 130 148 497 7 908 542 909 16 546 87 742 399 245 847 865 843 665 470 954 540 5 83 548 194 226 416 499 405 917 375 307 809 428 841 712 108 381 346 917 408 585 459 179 411 739 386 838 597 149 840 195 41 371 572 693 300 956 222 420 67 791 943 263 619 934 74 141 845 9 915 460 732 728 685 304 653 331 380 983 103 386 671 615 624 321 346 606 978 470 533 786 240 275 711 56 53 64 829 725 864 716 616 177 155 806 642 589 575 152 328 987 469 593 668 154 791 901 579 772 277 545 592 390 952 389 160 903 2 483 974 11 991 995 777 149 407 545 755 459 407 336 381 35 593 842 501 650 131 592 81 867 595 302 531 842 557 673 500 85 958 328 52 163 958 955 756 262 358 440 207 71 489 433 250 698 457 377 808 552 607 659 226 481 150 1 360 446 402 136 587 851 606 295 364 761 70 593 455 770 33 132 918 838 326 996 1000 42 841 256 605 512 382 93 50 758 633 850 794 178 610 823 556 977 644 644 851 814 578 724 141 540 651 582 806 253 886 825 736 883 893 411 4 372 582 835 627 686 621 996 857 737 318 61 765 801 185 568 602 200 564 551 901 136 547 524 147 399 386 95 309 441 962 859 539 949 752 536 883 875 604 282 228 950 873 92 489 332 977 210 13 953 310 326 164 369 52 258 620 299 481 828 634 240 335 454 834 467 131 950 996 178 444 562 47 635 46 348 340 274 949 363 548 583 116 362 269 461 10 335 656 985 965 277 848 335 63 708 438 378 531 541 642 150 118 322 805 682 124 204 810 340 429 761 220 259 935 213 907 684 298 209 14 841 711 493 600 712 241 337 566 772 124 766 740 403 890 964 158 577 156 326 604 257 638 616 165 550 232 103 913 482 739 681 764 42 33 762 649 82 626 540 282 852 330 852 81 455 182 582 268 47 488 188 985 421 260 379 756 119 248 880 364 902 971 586 980 1 842 51 738 87 391 183 644 109 86 781 745 438 63 568 650 912 76 928 524 862 736 318 360 128 267 517 288 431 678 514 756 364 397 175 545 833 583 456 832 997 979 753 196 606 177
988 770 151 504 904 996 358 378 931 451 736 1000 80 78 77 156 939 34 862 756 467 704 452 568 114 716 376 411 19 640 276 55 342 941 231 141 356 815 601 778 759 914 548 862 971 9 412 50 329 971 557 614 405 102 822 861 399 670 639 244 41 544 331 24 306 568 376 274 830 704 490 486 452 645 778 849 458 773 725 583 307 850 537 599 538 724 65 965 845 358 8 775 927 2 811 18 284 419 207 2 191 536 126 228 440 522 929 519 97 840 961 551 972 816 91 800 490 640 742 579 932 853 909 461 382 858 453 653 320 189 235 967 250 380 729 497 941 781 380 774 786 784 667 825 127 85 242 988 239 201 944 747 184 548 175 811 755 9 913 798 660 988 358 245 822 10 597 952 585 936 495 181 956 384 828 441 856 486 334 924 830 137 732 815 435 359 567 10 544 350 603 847 820 87 142 550 15 41 779 963 34 533 572 865 118 853 543 122 748 767 259 891 148 123 243 484 327 424 86 546 17 280 552 481 486 691 104 234 364 391 995 326 753 125 893 41 268 99 846 773 799 368 952 138 2 201 259 868 29 29 874 592 601 628 950 581 550 623 495 329 625 516 836 469 589 963 382 43 544 730 839 60 251 4 997 841 989 876 200 472 613 812 888 504 60 131 796 424 172 492 623 734 350 607 938 973 848 800 143 375 691 909 268 184 135 354 659 889 254 369 290 914 559 587 479 960 824 378 669 544 192 452 63 470 709 12 132 683 864 167 987 498 130 655 21 338 393 728 985 389 884 633 851 440 20 579 101 662 205 68 959 703 189 567 277 496 534 928 464 300 185 130 477 816 856 341 693 480 936 969 288 630 740 284 258 578 991 931 233 839 823 163 794 225 158 182 934 467 469 818 971 414 174 770 60 738 5 599 392 510 350 562 973 769 597 710 801 960 779 242 364 713 775 146 52 144 570 467 439 147 459 644 385 589 888 178 867 742 660 746 17 424 952 530 163 838 608 954 567 734 954 539 482 249 732 881 680 537 791 700 336 848 20 120 206 24 132 690 929 308 184 214 685 978 628 458 588 109 631 42 499 586 213 169 507 328 563 682 376 825 730 754 977 743 857 339 8 144 121 265 661 329 229 425 625 181 197 348 517 15
403 226 853 249 815 460 977 132 286 351 368 325 768 58 665 843 731 151 83 877 908 463 106 163 702 275 261 83 182 827 32 789 197 471 634 634 73 190 929 989 749 821 147 945 912 274 332 905 852 628 902 640 363 519 213 112 910 661 881 10 820 804 372 58 139 9 824 358 390 669 22 407 453 40 370 871 308 903 608 407 421 989 635 122 206 178 668 741 920 238 585 579 702 107 200 769 358 520 946 867 211 774 782 343 907 732 719 477 452 731 856 664 867 958 911 399 79 758 84 886 634 21 128 808 479 417 443 614 920 399 264 697 576 77 425 442 302 396 946 122 28 920 762 826 874 278 870 308 555 958 552 280 238 231 574 921 723 731 845 95 955 236 12 957 77 461 408 774 726 526 550 818 628 39 967 164 523 635 346 636 280 481 484 661 695 327 158 112 473 912 181 201 568 536 378 146 407 512 224 684 718 948 536 92 347 966 75 14 349 431 445 929 339 571 49 369 643 204 265 248 258 290 963 18 676 370 174 735 573 369 728 978 323 738 306 520 78 88 877 985 260 964 261 162 146 315 590 393 851 463 819 503 415 685 395 425 97 396 531 593 932 692 627 819 317 832 655 593 57 894 294 199 335 73 356 597 724 58 152 177 556 708 402 425 756 840 806 593 962 191 244 79 791 229 775 347 138 668 418 35 470 267 263 672 877 544 28 73 318 230 130 452 904 954 613 310 146 27 432 783 918 510 887 293 814 100 375 205 826 10 866 577 196 166 11 889 891 250 566 642 501 537 248 765 126 755 16 394 253 530 444 284 740 983 153 921 614 70 47 269 121 834 844 742 27 96 744 304 734 388 946 920 929 24 16 200 284 599 318 552 954 150 760 88 88 471 300 399 742 297 700 442 364 408 8 936 389 767 515 583 449 797 170 532 386 818 30 486 473 910 820 972 742 106 75 847 625 988 327 791 383 527 270 17 502 282 752 625 489 477 297 904 753 530 983 428 236 621 96 241 99 755 531 923 694 961 803 445 624 40 615 223 201 820 246 655 660 191 935 675 964 683 230 65 37 606 317 923 953 79 973 579 134 478 251 472 519 739 446 574 189 238 105 815 690 751 650 808 996 450 783 91 693 590 927 90 229 436 456 964
544 871 97 375 457 816 112 963 878 30 170 600 769 579 639 565 285 583 204 830 475 401 436 118 791 917 635 422 813 849 866 326 516 298 94 270 7 280 602 530 996 99 878 485 257 994 853 821 616 827 91 486 199 380 251 858 290 977 775 152 803 807 324 118 198 361 473 182 494 654 798 42 236 25 823 762 281 153 757 161 734 771 400 101 226 88 444 755 373 242 812 723 611 597 663 356 567 824 977 398 645 932 973 226 731 448 788 238 89 414 572 966 840 725 883 880 601 743 80 607 629 211 827 977 620 322 287 975 62 928 269 965 665 547 866 8 843 998 703 854 703 603 29 355 202 647 842 168 783 969 621 703 86 74 209 583 491 933 134 743 516 125 391 146 111 725 80 630 122 294 503 585 194 106 687 77 103 842 462 621 43 532 603 99 258 180 158 525 37 193 726 218 133 550 53 905 732 71 997 72 986 762 886 128 470 352 106 961 17 454 907 985 350 181 475 980 855 172 757 835 12 951 537 965 576 134 268 918 424 30 839 607 677 246 6 739 551 890 7 338 918 731 548 410 572 164 352 453 275 389 289 490 986 717 207 938 765 486 797 989 423 17 905 204 189 50 940 165 720 606 942 74 184 328 111 85 796 9 297 8 242 484 935 864 403 956 611 984 583 148 803 312 954 536 207 485 749 531 911 404 78 631 911 167 822 199 240 935 751 70 201 552 823 732 261 112 78 938 917 444 423 814 146 639 580 237 257 41 159 373 584 468 662 6 413 641 100 767 173 981 308 488 546 656 815 688 387 681 893 863 128 811 299 592 99 808 536 955 312 153 690 237 610 663 393 485 518 873 477 757 827 476 442 9 408 373 68 349 344 368 319 382 154 230 305 251 238 507 487 475 750 50 151 738 718 76 72 419 460 670 303 28 923 76 300 925 38 773 140 698 997 687 593 354 575 641 791 64 281 470 772 585 351 687 939 872 307 549 772 10 12 360 971 10 648 769 402 138 354 51 506 982 552 806 609 561 798 134 700 205 663 41 468 508 688 124 127 843 929 820 439 904 342 492 223 70 659 404 380 265 441 144 792 283 943 210 20 759 467 507 210 685 245 31 846 45 794 438 135 509 868 856 719 124 564 202 755 116 342 33
754 836 769 822 865 267 788 79 785 756 330 278 455 378 77 984 527 217 916 442 464 237 245 978 610 769 320 132 619 23 303 75 58 598 350 824 785 644 93 651 596 589 964 589 98 555 991 396 629 838 5 30 326 877 958 548 808 895 768 365 434 981 510 175 331 284 810 903 482 712 318 63 79 673 981 37 513 170 547 65 115 498 526 368 953 907 678 29 898 170 169 13 844 68 425 660 829 440 322 778 149 177 45 614 621 770 789 765 969 204 149 884 924 193 399 597 71 564 210 460 545 849 25 238 182 706 555 546 650 42 150 339 685 474 139 387 862 366 370 941 477 980 552 288 646 746 919 39 99 597 829 167 421 289 346 471 313 920 557 264 148 786 650 54 703 655 458 837 654 205 953 319 414 381 613 565 426 359 420 129 850 927 414 342 868 607 578 938 576 178 426 639 948 71 955 786 592 460 70 603 246 402 336 213 259 92 690 50 261 536 612 206 568 326 761 307 643 45 636 551 867 142 804 552 832 703 598 756 880 1 693 645 626 808 285 86 697 31 237 407 213 13 856 250 347 471 23 734 315 524 932 443 301 732 298 284 192 945 321 776 739 645 625 30 281 210 761 272 596 954 741 884 693 491 461 317 754 790 750 17 88 657 13 641 532 82 827 54 369 288 681 773 139 791 440 219 267 598 200 760 432 264 90 813 607 423 759 137 64 727 908 198 266 675 996 749 275 873 460 302 544 705 207 399 478 807 564 428 209 863 367 737 111 183 96 254 82 816 564 885 285 802 818 20 703 76 106 721 436 609 531 913 814 39 988 95 500 306 47 943 481 318 530 294 935 732 365 139 496 612 54 77 454 729 40 628 63 894 273 266 823 66 348 422 401 742 107 626 130 463 641 461 452 493 102 473 840 375 413 134 22 726 110 453 647 199 182 672 761 472 990 88 555 330 787 965 638 147 731 847 394 61 199 775 572 39 678 273 724 255 13 418 816 351 521 273 409 369 104 746 245 901 559 409 301 374 321 707 246 593 402 483 730 645 169 550 483 84 191 630 256 774 210 10 693 64 273 288 941 383 862 79 383 300 579 940 891 558 724 760 48 121 256 442 751 28 874 215 733 532 413 138 548 320 849 845 530 522 339 545
799 66 17 607 113 125 875 460 930 71 340 946 917 759 103 469 532 687 564 238 125 142 395 981 897 897 741 765 741 200 625 796 788 781 369 656 588 332 118 208 414 315 623 705 181 554 948 799 17 482 870 526 117 973 77 666 823 40 181 690 785 704 278 357 74 160 650 762 899 914 897 92 40 302 975 313 959 324 130 76 245 605 175 348 758 90 794 634 268 11 707 268 783 559 178 60 791 720 114 361 744 462 20 693 48 510 581 15 82 637 904 856 925 716 976 587 538 602 680 903 952 294 799 333 139 938 972 993 77 991 991 931 509 980 181 339 827 404 643 519 656 780 755 901 205 243 139 888 288 814 727 660 680 513 971 355 594 236 704 376 299 475 451 469 446 739 987 931 506 588 765 908 630 893 886 392 540 388 905 231 298 509 253 814 922 675 963 623 112 829 326 355 909 117 60 599 998 1000 883 577 50 972 223 337 939 11 566 299 908 728 739 525 349 440 752 256 408 661 619 837 562 719 357 554 814 748 185 904 203 395 617 843 779 528 245 413 30 967 598 292 277 568 352 573 455 868 918 324 33 782 13 707 33 984 441 300 554 83 219 68 719 857 833 139 28 3 273 148 996 328 409 633 587 646 690 385 846 205 87 933 542 96 218 743 898 825 386 340 145 139 130 555 646 151 466 104 963 422 648 226 295 111 94 911 269 475 825 442 60 712 251 277 981 443 318 704 615 179 255 902 638 650 409 396 812 492 357 954 640 349 844 107 279 352 668 691 122 106 468 921 155 780 269 350 145 877 575 657 418 818 106 606 671 583 227 221 696 924 277 990 65 530 379 289 446 665 972 525 529 631 295 685 536 167 696 512 874 202 152 288 561 976 550 413 642 835 771 983 114 534 819 894 968 432 842 140 697 938 830 620 101 813 159 27 745 821 7 141 885 195 603 910 275 286 258 542 369 599 405 443 547 278 441 109 583 577 683 616 789 417 441 216 221 795 678 824 134 964 847 50 976 4 428 353 985 575 837 614 640 234 939 360 451 943 728 933 110 499 272 552 90 265 598 983 831 72 41 179 414 289 389 212 940 580 664 467 534 527 562 448 276 410 269 148 59 121 831 482 148 32 189 79 527 277 658 530 59 27 802 337
158 229 357 339 776 915 21 85 600 629 448 83 515 96 61 647 112 834 139 699 620 111 859 47 127 114 636 965 226 64 132 244 253 518 741 235 828 402 616 64 940 668 229 787 550 734 745 267 945 433 183 452 648 115 455 382 811 686 951 400 372 322 984 340 682 261 931 3 512 736 70 983 828 761 844 542 149 412 368 30 618 776 565 716 817 298 564 794 300 521 917 344 83 371 151 230 968 655 556 715 130 493 669 794 899 614 844 344 601 496 337 430 668 563 913 350 560 123 278 447 889 186 605 863 762 874 834 786 41 425 515 141 714 641 618 803 23 777 507 765 654 613 974 809 129 401 431 714 470 757 255 181 664 73 17 977 244 9 537 65 133 416 445 777 116 495 252 19 817 499 189 533 631 677 814 939 652 188 924 978 307 1 858 372 893 51 100 249 852 235 558 553 175 661 304 95 367 275 596 311 913 625 35 164 890 583 654 274 666 275 378 193 740 458 726 454 977 35 841 876 997 330 590 409 984 163 295 974 213 474 584 286 168 766 321 495 866 426 936 175 757 141 184 411 157 269 93 227 841 58 798 275 769 162 765 53 15 487 8 478 915 720 130 880 577 959 675 933 689 460 656 517 630 330 456 90 331 825 732 526 19 422 350 110 695 576 715 935 930 527 481 953 67 615 692 177 684 318 908 612 83 621 839 390 394 679 475 22 806 335 36 77 246 882 423 247 891 418 471 78 299 513 480 117 334 388 707 372 112 697 283 300 853 758 3 7 636 804 650 974 821 760 960 115 206 122 295 993 102 229 498 976 530 574 979 836 804 148 307 409 221 465 809 627 996 229 892 521 684 308 82 321 713 489 171 953 202 87 352 504 861 839 128 402 457 120 481 545 73 565 368 833 302 498 724 168 203 553 4 333 593 882 850 976 788 946 545 505 512 506 857 133 382 201 641 393 642 591 576 570 593 381 466 588 295 816 365 523 888 315 279 141 215 394 664 746 553 767 980 447 650 479 170 578 755 299 696 650 632 471 251 620 898 48 911 549 771 52 468 201 747 436 651 533 848 722 82 649 279 558 618 540 664 85 793 753 150 65 150 353 815 491 167 741 191 766 845 958 68 390 348 762 834 818 790 411 928 313 838 290
757 282 939 342 73 499 477 716 209 25 813 302 131 701 23 499 304 528 36 645 871 549 274 84 51 233 203 274 19 833 421 915 995 978 588 644 679 858 900 261 504 362 696 705 222 510 441 938 528 800 730 614 655 327 66 424 769 155 71 576 473 955 765 616 609 194 463 364 130 788 941 291 10 839 393 160 959 346 200 858 221 164 30 952 575 546 756 638 409 148 16 207 42 680 435 2 194 857 697 351 715 451 553 219 442 79 527 548 476 375 810 352 925 282 965 878 146 14 231 983 377 975 26 289 339 645 324 807 188 179 179 700 751 453 561 974 344 633 393 118 12 694 253 315 321 771 38 624 729 220 108 944 818 873 304 722 665 623 755 557 907 785 649 638 766 809 917 357 20 347 895 111 289 460 208 238 592 605 433 259 131 838 315 974 521 112 733 993 401 932 344 645 623 968 673 286 198 713 983 908 101 153 976 286 308 159 399 339 399 660 245 540 698 747 847 875 790 59 215 280 28 154 773 594 402 285 74 391 232 24 414 175 541 674 179 893 659 885 495 379 852 151 533 385 148 926 377 269 863 662 2 314 523 822 148 845 498 403 306 427 932 693 988 293 406 435 909 549 883 796 297 896 82 970 57 123 11 872 957 138 486 520 460 559 602 768 639 769 973 20 623 925 413 275 727 850 115 691 337 868 66 436 681 769 726 667 502 965 697 307 101 617 441 634 574 224 247 742 203 676 383 185 966 640 18 773 437 916 635 914 213 316 842 743 668 172 640 223 429 993 880 261 748 118 698 164 290 146 111 214 718 895 586 628 571 25 921 598 10 604 234 879 969 297 560 913 655 234 820 614 416 711 89 844 882 211 868 595 268 911 702 818 94 322 856 377 662 728 71 448 66 658 555 78 761 527 108 827 148 876 119 762 923 686 845 294 12 151 872 814 558 914 982 818 446 925 400 666 926 890 150 864 571 936 25 982 852 3 677 398 900 186 494 231 612 1000 541 285 573 686 898 651 824 187 747 753 854 846 617 684 450 217 262 971 803 488 119 984 160 27 896 321 864 531 233 612 421 244 459 846 164 654 264 909 134 319 278 938 992 467 845 417 144 914 719 928 461 53 65 836 601 531 432 600 119 688 434 50 39 390
801 963 691 514 601 120 418 375 211 405 514 816 474 386 467 44 331 252 532 137 110 137 502 600 696 884 828 178 372 947 933 507 992 910 519 976 290 600 536 809 595 460 939 574 589 906 224 95 314 873 884 622 162 810 516 598 612 913 784 785 672 124 581 533 540 322 639 585 103 244 958 581 852 849 94 470 969 270 963 653 956 230 653 606 168 423 409 515 134 740 785 351 584 400 392 170 250 154 465 435 903 750 252 771 209 729 403 457 761 773 4 287 804 318 556 53 655 940 400 651 711 807 613 91 738 553 332 460 350 228 971 9 128 369 776 699 349 744 843 815 187 478 522 428 904 158 622 651 507 329 607 416 964 61 91 934 741 874 650 431 839 2 548 287 587 24 840 108 914 771 580 824 928 319 288 146 837 225 54 264 10 381 34 269 975 46 190 418 824 46 934 279 269 613 6 313 905 4 329 539 189 883 435 665 238 887 213 707 978 680 25 688 139 651 75 741 96 609 325 690 195 905 784 863 60 370 602 303 629 74 994 352 445 839 807 486 726 516 480 12 452 255 153 267 230 43 564 510 241 790 868 768 699 690 84 448 277 861 364 188 878 395 894 22 245 1 675 601 447 758 946 829 475 881 439 978 706 817 351 504 107 496 211 545 205 254 805 346 568 130 891 265 330 403 250 75 612 979 905 124 386 118 265 317 467 858 40 499 11 945 171 25 135 621 112 312 474 698 729 379 224 261 245 117 688 30 956 378 589 264 333 59 30 443 915 540 788 184 419 254 221 706 231 655 157 901 267 432 274 92 518 255 751 93 62 956 435 890 350 371 207 892 653 855 390 27 792 846 80 166 830 129 182 509 752 512 870 201 324 232 175 633 110 197 654 725 210 894 731 681 260 793 653 161 651 284 624 85 10 309 394 530 468 872 945 720 407 260 703 64 637 217 329 608 177 823 781 980 746 58 498 414 207 617 59 589 815 384 948 712 188 984 325 848 419 300 405 410 118 19 665 903 515 126 644 267 978 156 342 121 256 68 119 664 70 286 703 950 681 385 541 795 579 512 517 795 761 381 85 794 945 775 147 128 742 372 644 96 957 778 397 417 263 561 541 513 829 503 83 343 123 583 104 879 288 837 840 485 308 812
958 907 788 724 692 578 892 826 750 326 235 452 993 142 412 522 181 391 763 842 428 786 902 917 546 677 690 938 996 487 632 741 571 555 39 688 172 719 543 446 980 389 552 241 30 409 476 320 667 160 57 830 306 949 322 171 433 291 41 232 24 761 30 333 457 849 38 202 977 918 280 481 147 290 869 666 315 825 446 676 755 632 584 80 946 165 322 558 339 962 140 800 633 725 397 445 285 213 44 237 350 939 207 112 712 737 789 977 850 894 713 360 888 298 305 637 733 913 562 71 684 426 220 594 558 981 860 762 162 237 280 928 910 33 607 713 646 20 622 107 396 420 435 227 70 752 238 173 403 748 349 248 486 577 645 565 491 94 168 838 471 861 759 11 516 403 388 340 754 801 297 747 609 300 592 867 378 716 68 890 272 669 534 459 365 6 989 375 994 916 906 123 643 29 519 779 566 791 89 238 9 755 80 387 384 820 305 124 45 898 765 879 629 565 493 944 575 821 663 265 356 912 671 305 317 283 938 467 736 557 304 876 129 357 331 962 866 98 825 578 309 661 462 359 560 931 409 646 806 855 408 908 941 196 8 497 202 702 868 589 73 950 5 844 600 15 318 573 579 537 609 574 96 524 682 288 1000 929 533 142 746 326 461 483 788 129 793 307 668 518 392 372 725 217 37 509 491 697 649 684 908 254 331 678 637 70 278 869 868 944 349 836 437 551 973 86 46 195 86 160 275 629 614 126 713 797 858 232 75 320 992 847 493 426 285 882 79 620 804 505 592 552 228 238 203 979 465 412 872 317 91 447 735 291 106 948 473 264 212 927 315 811 644 662 236 761 656 903 699 496 562 483 993 901 275 195 916 302 434 411 600 476 449 99 975 672 414 37 893 133 114 394 219 903 783 830 995 826 23 729 981 984 217 418 544 760 219 367 322 90 649 41 335 852 346 119 492 349 697 870 13 651 433 276 340 345 712 149 803 234 50 231 889 18 806 331 696 834 24 272 870 843 815 329 540 829 149 472 228 786 655 815 521 984 664 906 274 710 821 2 631 887 243 17 716 784 695 639 444 445 718 227 332 884 228 304 526 810 657 419 676 637 724 827 929 714 539 325 697 494 765 838 341 430 442 750 721 110 570 147
655 498 598 400 317 501 715 857 483 63 656 756 371 824 491 6 217 151 297 343 931 260 278 730 141 848 114 616 790 627 715 755 42 292 434 681 218 708 837 270 994 764 387 972 297 327 461 687 210 122 487 360 15 864 562 153 373 694 747 542 204 219 37 77 898 514 141 629 493 438 292 761 716 116 578 932 713 303 937 726 247 284 432 850 341 727 255 540 503 996 773 825 9 401 445 622 161 301 56 554 948 569 186 529 533 150 340 745 483 904 776 240 250 303 615 560 610 792 927 295 746 434 303 232 829 103 84 588 174 698 889 177 714 640 917 715 550 442 901 219 145 424 419 420 52 439 42 982 516 600 640 904 152 518 563 555 293 936 562 167 791 520 176 420 67 421 821 622 895 459 352 590 424 703 26 284 401 125 157 49 476 45 253 804 440 775 148 757 946 630 481 435 745 582 95 644 736 395 417 12 452 557 671 860 953 106 213 454 669 560 447 185 947 303 996 937 957 228 121 861 904 191 827 178 865 729 40 564 861 80 951 14 143 192 481 808 324 634 482 645 924 340 217 789 612 243 739 967 238 880 551 624 559 465 331 154 75 458 242 454 398 615 163 4 996 98 664 145 297 195 851 253 535 97 550 843 11 74 135 624 693 329 282 710 960 163 778 233 472 235 486 380 95 635 745 103 955 117 223 466 329 657 282 365 367 717 7 83 459 927 905 428 238 606 553 738 177 129 413 654 692 890 344 287 215 473 162 563 206 997 688 233 49 612 719 567 409 455 351 757 667 303 39 846 661 207 622 19 794 271 295 790 287 81 675 295 420 232 258 430 15 375 399 110 775 304 271 770 344 781 653 619 29 675 121 439 489 372 354 477 1 141 346 685 591 19 610 906 946 79 954 598 775 492 99 1 901 535 456 745 899 741 770 973 844 917 494 980 241 183 765 552 227 596 806 333 494 517 630 692 797 815 426 504 828 193 673 902 714 674 143 925 207 772 944 264 170 597 906 156 756 109 868 667 215 895 656 889 902 201 257 227 138 856 83 746 754 984 852 217 868 739 80 619 641 218 837 386 66 798 575 940 273 5 691 244 81 94 874 805 923 776 799 900 350 218 653 715 992 389 878 931 611 566 595 595 82 133 69 988
201 399 301 200 324 754 896 311 746 914 920 952 885 70 380 534 340 120 867 686 668 753 958 547 21 37 71 738 855 97 243 458 375 243 612 368 729 555 327 550 985 295 894 581 670 516 824 528 92 897 464 543 294 359 311 866 237 290 673 567 167 406 279 283 484 150 859 379 56 510 669 293 383 609 88 595 569 836 574 547 225 560 306 408 230 934 318 736 793 383 277 156 83 860 774 523 249 689 147 834 927 829 925 73 15 179 894 376 894 734 602 638 484 636 541 159 170 589 243 514 443 39 69 824 996 862 508 16 477 569 972 187 783 490 331 210 410 923 884 68 121 802 320 678 588 658 777 400 170 656 59 108 59 926 656 382 437 983 1000 951 483 35 62 192 720 427 677 298 20 281 357 171 142 356 712 41 198 986 363 546 512 136 723 109 932 912 221 567 733 407 323 418 823 915 55 681 774 772 250 883 171 151 695 296 217 837 491 385 932 253 897 513 404 973 871 756 589 303 589 914 603 518 126 524 915 73 675 864 689 118 588 789 583 457 57 355 765 827 911 615 432 971 178 136 905 214 339 242 933 973 442 605 644 1000 874 919 551 254 203 229 556 727 55 226 328 988 939 283 766 929 297 23 759 929 145 762 145 604 896 403 299 476 509 907 723 579 468 376 755 191 485 569 801 435 362 830 372 711 127 579 127 498 821 738 849 229 750 89 391 410 817 700 114 156 414 842 700 545 34 561 752 714 893 749 411 190 213 118 952 659 451 346 201 329 946 463 435 6 947 466 274 373 884 426 831 17 628 859 318 715 453 373 589 940 560 399 72 265 923 660 771 270 703 244 269 246 926 643 783 209 379 545 52 874 307 635 363 428 496 401 109 202 253 793 252 448 509 526 779 832 678 16 681 578 162 226 662 810 513 471 486 127 620 74 813 984 871 303 320 82 102 612 823 572 306 271 728 463 987 526 593 365 2 238 940 393 647 846 16 975 138 582 483 895 707 992 727 419 956 37 266 326 214 580 369 481 912 848 424 164 402 138 857 593 301 258 156 354 780 211 311 168 753 643 533 550 117 63 383 51 637 586 942 655 639 503 809 479 926 260 271 126 196 591 163 561 110 172 839 831 229 502 107 933 62 384 255 94 162 328
815 586 721 908 184 965 551 502 821 706 14 658 252 42 964 452 386 190 292 506 916 854 248 503 431 653 507 538 392 773 316 356 972 721 975 597 908 915 577 369 124 171 988 895 78 609 33 498 180 145 46 946 250 34 84 163 864 562 438 982 177 319 661 519 155 831 978 717 213 265 844 937 573 857 632 252 992 786 474 714 789 269 881 828 155 113 733 67 748 168 576 711 829 455 384 959 956 69 118 587 686 542 675 380 96 768 847 751 837 264 784 140 49 502 343 923 551 425 682 748 780 648 126 526 470 892 224 822 674 257 892 412 899 531 849 194 507 408 228 770 584 190 909 748 313 363 494 723 707 316 477 134 557 672 177 487 29 660 603 55 589 818 268 366 700 771 206 68 326 106 706 779 670 269 30 874 790 974 960 179 991 653 371 353 728 934 357 896 801 993 191 865 51 223 600 36 620 934 617 538 265 42 217 464 446 919 786 539 598 644 566 826 77 192 665 991 842 439 652 156 164 220 830 296 515 466 995 501 168 937 935 994 671 693 505 477 149 387 135 107 741 996 857 954 334 681 348 542 893 589 204 3 293 53 868 975 113 424 326 36 527 926 793 665 73 790 116 305 925 169 466 336 472 829 121 32 172 704 663 935 750 223 174 146 567 324 412 891 79 665 168 237 953 177 824 214 522 207 156 485 359 442 498 228 601 55 308 422 780 931 35 297 360 105 497 866 198 158 7 379 31 293 534 569 506 811 487 318 92 738 996 795 800 123 623 860 477 799 476 524 738 938 933 214 665 534 809 496 409 990 672 850 35 120 963 271 770 993 205 445 94 801 581 348 338 64 977 935 312 663 575 695 896 436 229 604 673 312 713 583 516 84 198 964 463 1000 472 218 146 569 146 898 644 506 416 806 218 528 978 954 670 202 682 555 772 195 914 799 620 257 262 282 648 667 963 334 22 486 705 643 558 785 562 496 965 660 315 356 471 313 393 125 848 653 331 705 141 78 700 180 630 657 351 399 776 430 512 402 157 648 73 685 535 775 316 688 622 717 166 655 10 201 7 762 845 107 339 199 580 770 809 352 993 79 290 927 966 394 837 189 629 214 773 82 579 755 204 532 989 904 363 97 387 896 558 361 630 977 578 945
780 280 797 454 502 892 924 910 783 780 782 35 673 847 197 983 951 441 616 311 311 474 909 629 71 892 318 861 744 834 868 584 408 848 968 674 993 584 381 100 79 839 580 655 162 595 864 467 989 898 244 209 938 278 39 734 528 616 241 816 281 714 414 56 980 544 126 283 724 856 701 448 419 813 587 610 823 886 937 436 907 104 436 152 468 69 254 517 473 116 935 100 289 713 709 289 981 773 468 547 301 771 441 125 377 741 651 185 204 318 336 417 113 67 810 229 679 330 147 664 406 872 55 895 419 460 519 479 440 403 38 880 280 894 314 883 883 305 570 770 476 707 910 509 8 142 898 237 429 163 870 950 809 499 464 949 753 519 549 489 341 226 257 609 702 931 712 752 382 550 661 765 924 958 617 684 299 855 697 44 610 609 306 225 312 129 215 452 686 526 282 643 220 925 768 552 381 871 214 735 826 170 285 301 719 404 647 539 397 336 417 587 133 961 740 558 419 680 335 647 246 238 995 714 256 77 748 300 775 554 675 444 24 278 943 103 921 996 486 765 414 747 33 837 240 53 876 107 987 369 166 311 413 617 64 675 691 913 808 116 436 895 779 129 349 685 655 738 499 114 254 728 606 409 741 568 961 296 652 950 755 738 274 854 571 159 719 225 547 237 24 534 675 407 217 153 860 310 93 300 142 502 921 163 931 111 149 453 634 663 342 351 563 771 162 836 530 265 988 138 342 672 993 411 624 168 932 221 5 923 580 596 810 472 543 918 882 423 599 644 945 720 872 361 386 387 46 831 799 696 145 382 329 471 463 271 159 626 969 463 946 642 137 939 858 928 756 427 827 618 603 946 105 560 519 527 974 222 695 357 805 42 344 475 61 808 343 276 603 834 220 781 401 214 155 175 883 415 513 596 655 20 678 387 222 679 50 790 43 569 665 484 106 369 633 152 494 28 714 273 176 950 797 942 76 709 611 109 244 702 410 798 436 149 122 406 710 389 872 565 62 34 887 122 282 180 780 941 374 583 618 787 230 374 128 351 373 841 11 12 716 727 711 76 500 256 112 451 670 969 849 794 173 969 59 556 62 623 858 246 985 735 427 288 957 930 225 747 892 686 713 984 515 347 708 475 803 847 167 753
197 458 939 662 574 593 202 348 738 883 137 655 461 376 110 756 869 177 306 856 237 438 252 141 990 737 828 609 743 733 830 256 636 987 945 299 839 359 356 433 750 991 500 291 946 162 911 937 76 883 458 303 794 736 27 764 657 43 690 898 18 871 254 429 806 790 970 276 162 128 579 977 352 279 609 280 453 277 185 708 437 87 985 353 770 972 726 144 420 653 939 501 458 263 978 443 502 689 246 874 714 413 149 291 65 700 315 387 15 11 377 518 313 56 986 720 712 178 226 62 241 140 297 869 922 888 15 748 860 483 266 979 815 622 352 396 313 974 709 245 16 600 394 50 696 319 155 793 908 354 922 158 665 693 973 259 793 604 353 381 862 815 266 895 664 668 328 571 110 631 999 772 514 978 50 241 760 88 472 325 625 465 267 762 40 98 71 236 641 819 670 515 3 608 919 45 37 508 21 227 305 93 198 916 303 631 484 2 132 562 243 969 330 705 242 159 874 989 690 380 368 608 156 66 396 865 664 831 547 182 19 274 587 463 190 21 714 214 778 867 629 317 291 536 350 923 326 799 315 46 232 278 641 978 102 463 805 980 309 243 109 121 953 890 923 485 643 54 616 500 912 15 360 272 538 299 564 756 345 163 125 735 729 14 939 755 197 799 954 903 257 420 248 693 492 672 573 480 92 745 465 517 528 756 589 310 597 718 495 577 237 479 492 864 673 26 107 213 10 60 875 981 991 522 52 949 54 152 971 410 549 941 405 292 580 279 635 51 640 516 537 210 317 218 100 928 151 150 153 922 775 733 883 435 733 602 739 176 468 235 961 499 615 654 838 198 654 321 62 635 670 659 754 53 792 192 663 332 785 212 392 81 139 838 1 517 55 319 733 739 784 218 943 325 689 699 354 897 788 127 116 473 108 573 86 709 898 442 853 560 299 314 281 160 496 650 955 864 740 461 489 213 832 996 49 895 303 375 777 843 868 456 167 908 207 391 527 499 428 952 628 423 125 78 523 811 82 488 486 32 844 604 924 714 452 760 223 422 905 60 512 852 785 478 762 298 944 161 173 570 971 622 139 620 119 463 51 83 349 994 690 155 56 914 900 962 74 977 727 141 87 179 464 454 296 593 546 517 786 936
255 586 7 838 600 286 81 868 562 224 347 947 96 514 587 471 305 713 367 557 807 937 722 109 596 775 508 775 381 169 840 615 815 429 936 950 864 226 131 338 456 269 169 190 954 522 82 296 274 961 90 466 676 542 334 878 85 506 884 731 873 332 199 460 599 842 621 15 817 464 219 743 70 632 829 978 444 973 262 470 703 372 712 692 183 21 206 175 487 798 119 485 465 617 874 643 224 714 732 330 481 612 965 779 370 482 669 583 83 263 141 782 309 963 48 490 736 283 243 940 140 430 655 114 302 842 739 872 808 756 682 210 200 203 385 425 54 3 708 147 896 837 70 383 469 445 851 23 487 561 315 277 561 841 811 369 715 36 138 100 518 95 974 967 741 631 911 228 105 495 752 789 713 389 699 604 864 72 307 804 143 141 14 46 811 838 315 811 321 214 518 713 13 618 195 678 188 361 636 30 598 356 337 993 493 237 987 788 174 836 426 32 845 259 43 387 37 406 326 686 839 517 763 745 690 756 865 629 751 937 916 755 444 131 379 63 722 669 970 129 369 253 533 205 41 542 60 195 502 619 135 830 324 337 292 755 762 84 436 384 727 533 102 379 331 39 152 675 538 134 964 680 381 719 747 19 107 622 355 636 499 78 788 452 339 1 502 710 676 797 838 405 826 121 180 339 522 530 787 316 98 638 358 106 615 183 753 837 934 818 583 44 808 842 502 143 410 51 980 258 879 780 227 587 21 721 401 158 659 957 14 992 972 129 435 936 686 213 974 954 480 157 919 346 168 649 125 117 594 672 217 279 261 45 695 16 241 231 142 227 497 554 460 976 33 609 341 406 103 666 731 450 235 183 44 770 884 635 713 407 193 597 943 589 465 416 254 918 215 925 573 131 221 263 612 367 948 929 499 664 270 567 283 394 344 441 75 329 95 824 565 650 268 501 570 555 769 231 957 72 910 121 469 146 314 722 207 906 54 236 765 286 309 591 876 910 363 894 588 906 547 12 512 285 332 376 993 895 466 464 114 384 549 723 590 500 234 2 43 28 48 423 402 565 691 432 416 305 69 407 886 422 611 935 398 945 92 162 210 741 474 943 613 209 468 388 417 594 26 659 995 114 432 927 318 218 92 932 287 511
597 635 924 529 918 897 712 814 444 131 976 820 908 325 479 168 389 927 528 979 425 544 110 859 783 763 912 537 559 223 184 569 140 283 130 854 321 637 668 135 424 433 668 448 818 762 592 815 925 857 636 649 367 546 77 480 297 563 199 994 959 812 974 996 149 652 836 268 767 303 795 753 27 6 130 672 69 505 889 574 642 200 718 142 18 603 277 569 974 807 361 365 855 258 624 551 514 526 388 243 524 459 116 521 597 414 86 673 659 755 288 390 440 42 842 405 249 70 800 743 892 757 559 252 438 961 563 938 69 912 784 392 984 101 9 190 705 932 977 891 402 431 32 394 931 532 966 310 496 324 490 149 233 216 573 656 724 673 642 60 400 835 61 966 63 724 145 944 712 993 484 368 304 757 503 212 930 451 910 2 340 504 704 917 91 824 15 545 787 951 347 175 739 56 524 478 728 786 216 647 555 348 505 609 265 868 886 720 465 434 811 604 730 422 984 937 205 845 483 377 341 810 782 64 876 543 164 105 943 281 730 114 155 648 727 428 562 413 818 606 653 485 856 82 559 725 562 225 822 432 640 939 522 149 893 970 281 465 877 217 420 691 289 957 154 892 730 728 472 312 396 145 916 401 516 860 748 485 114 797 552 654 928 917 847 956 581 219 271 24 235 754 781 26 675 466 616 654 764 415 318 253 614 727 947 411 924 829 821 198 872 839 600 281 129 603 982 16 791 454 562 459 187 89 450 870 501 62 181 542 682 792 888 307 636 280 95 863 317 160 363 446 187 93 752 749 978 63 641 403 443 416 828 93 84 588 736 484 668 194 734 369 114 907 612 451 443 172 619 591 712 791 834 674 332 450 463 19 773 744 938 237 259 525 843 49 920 552 684 391 618 296 151 775 790 126 326 787 50 613 807 613 257 317 214 289 732 402 327 902 86 966 385 443 352 435 900 923 980 28 956 732 861 62 539 326 840 183 503 586 787 738 878 799 428 961 519 430 486 472 725 508 561 672 492 578 240 199 434 434 73 354 157 503 614 967 127 632 864 542 89 335 31 470 495 70 664 955 313 820 376 851 943 540 219 950 903 26 755 491 398 656 764 749 940 244 326 958 689 505 553 344 180 429 125 422 614 552 756 49
232 768 546 247 375 407 376 491 465 321 264 353 768 780 590 873 853 683 176 404 484 83 948 386 930 597 766 173 731 752 239 933 241 21 952 663 689 350 483 544 925 949 758 157 824 526 811 677 285 588 270 256 364 753 88 485 843 511 761 397 303 778 774 812 649 730 799 435 374 763 680 889 618 68 805 429 603 821 282 705 771 460 451 98 88 714 809 393 786 41 789 275 553 160 616 418 455 682 608 243 700 678 574 192 510 466 303 401 33 784 908 205 840 785 382 2 837 705 264 479 551 520 976 849 635 719 38 422 389 558 37 845 390 390 209 983 999 864 406 65 228 747 489 324 234 791 376 234 564 334 329 438 552 726 73 583 489 456 46 393 99 143 149 263 93 635 335 632 378 856 839 7 72 134 330 558 458 505 9 566 415 593 299 722 147 916 525 229 28 11 622 547 588 805 64 410 326 129 133 713 616 712 515 163 857 946 346 159 149 1000 879 193 60 791 478 669 51 131 305 690 745 578 409 341 737 794 642 890 570 896 703 645 80 444 861 330 324 178 348 316 210 224 575 710 730 900 987 103 392 93 149 64 204 710 438 858 440 997 582 162 443 37 694 317 517 974 213 816 311 699 389 584 114 103 895 396 323 536 354 823 752 661 519 396 381 563 825 721 209 280 825 875 31 982 384 532 696 326 323 317 321 164 530 958 399 797 651 24 291 328 20 189 725 883 686 958 477 781 922 412 312 359 31 855 186 583 127 852 56 324 835 733 309 485 204 587 489 228 437 62 68 841 898 915 721 147 947 168 235 121 59 592 901 820 707 439 103 668 72 86 512 181 928 993 60 178 549 102 846 33 609 435 958 803 406 202 908 645 622 843 929 856 519 109 299 774 369 59 403 93 269 870 553 125 396 618 206 42 815 313 378 26 469 466 279 254 975 791 118 501 788 458 696 33 642 993 499 588 890 627 44 482 598 38 361 266 548 285 564 129 111 588 527 245 361 404 577 13 95 760 418 754 173 724 758 281 198 245 906 424 122 215 710 906 607 383 764 225 201 355 813 623 189 268 979 687 719 405 170 880 345 49 217 572 382 172 36 36 25 807 367 528 447 897 294 305 150 933 175 637 166 116 846 60 17 309 861 938 700 219
635 325 310 797 370 493 721 796 956 77 150 995 546 424 666 602 786 953 840 367 105 135 188 523 377 915 772 25 863 989 34 719 907 410 148 458 231 578 755 756 843 487 723 541 390 290 920 389 915 646 886 748 751 471 58 645 297 971 613 226 60 959 480 698 548 446 124 399 745 258 180 716 165 913 983 947 652 382 322 293 163 118 736 386 561 22 111 859 390 671 385 450 149 951 412 414 791 647 378 208 765 60 841 108 665 55 532 976 2 506 203 1000 687 72 289 519 542 37 862 632 608 493 870 143 61 246 653 372 124 932 399 675 12 345 506 97 504 139 298 43 449 553 536 442 121 899 174 623 773 236 587 440 978 528 291 732 671 633 386 70 835 50 685 287 75 708 509 811 977 733 4 799 279 311 639 202 737 293 652 767 867 362 344 262 164 928 17 101 314 569 886 462 514 346 710 706 446 725 245 1000 236 539 660 42 901 522 591 15 88 539 678 397 519 812 253 648 1 353 650 591 141 295 513 845 484 42 48 495 379 272 755 569 563 663 399 9 875 770 595 901 213 920 272 190 778 52 364 10 354 639 568 84 809 836 428 119 287 630 182 792 767 562 699 610 752 43 849 813 741 968 155 129 998 872 635 860 244 781 33 715 943 972 185 795 727 18 994 204 540 329 354 993 747 179 394 73 711 245 333 738 132 832 707 462 65 881 156 406 44 533 172 234 851 240 147 631 292 308 108 6 41 937 278 923 592 593 403 358 108 985 993 418 892 320 135 962 739 700 261 906 630 44 908 298 985 415 2 379 709 347 614 48 631 806 830 394 857 805 140 667 293 748 736 601 446 919 929 990 986 19 912 36 177 138 162 784 632 293 364 843 821 754 87 966 965 573 306 495 259 143 468 806 290 533 232 963 404 440 918 63 605 802 724 570 919 659 502 5 319 137 499 844 366 497 574 156 749 750 93 717 127 370 57 758 396 663 325 745 285 670 325 790 377 601 574 427 789 955 317 298 752 674 647 916 607 903 1000 3 406 604 824 222 991 401 106 341 696 165 669 53 184 686 854 130 725 623 228 846 984 195 999 647 851 603 214 41 699 670 556 262 243 221 859 416 604 5 652 665 852 854 531 738 920 506 256 720 426 152 32 122
474 636 233 836 101 457 287 79 778 859 770 251 317 906 930 648 831 55 473 46 255 189 99 45 184 957 309 432 796 307 885 936 147 302 532 572 68 263 436 993 782 458 119 488 781 900 342 631 840 973 413 140 4 717 213 798 53 717 791 330 461 679 391 893 55 319 895 448 251 531 219 717 623 911 522 95 426 292 370 941 890 870 142 745 491 602 707 861 949 848 122 26 935 276 479 236 86 832 59 343 980 480 644 126 691 971 471 429 911 110 629 858 386 927 603 438 663 366 9 723 49 470 159 886 854 201 23 767 877 645 132 583 660 893 539 358 21 719 752 514 981 711 840 135 615 189 662 868 428 886 559 687 506 230 344 12 262 798 415 587 19 84 938 522 911 264 228 120 229 196 401 889 841 597 823 128 369 132 274 906 2 879 276 42 471 491 85 944 112 875 989 531 443 181 387 405 431 301 211 111 788 879 720 592 654 519 212 353 963 964 862 465 992 366 551 682 292 699 445 903 474 826 911 39 197 659 790 776 161 994 285 900 495 11 339 934 93 823 598 812 426 156 731 340 116 396 28 871 14 869 575 504 474 191 5 282 201 62 685 453 190 728 555 617 640 400 749 847 259 706 962 579 151 929 600 780 101 415 678 444 979 565 216 268 971 378 567 950 287 977 33 233 270 187 678 187 137 694 605 478 992 197 750 972 168 608 80 557 292 309 83 12 9 763 14 633 550 675 229 197 402 535 846 470 797 918 715 724 279 375 879 566 877 183 737 350 872 296 34 783 374 19 820 746 742 913 934 85 759 43 54 405 353 857 851 370 350 577 735 907 278 240 936 301 861 427 747 694 91 130 306 621 863 680 903 298 326 414 106 565 152 639 403 805 873 880 29 38 740 941 85 398 713 268 996 841 616 679 36 504 500 483 701 308 375 918 529 519 33 319 379 486 833 785 888 855 194 210 909 727 168 692 443 83 982 985 408 710 197 586 780 166 191 277 852 780 790 224 549 635 580 191 583 952 486 640 675 389 820 950 318 965 72 771 287 761 241 634 873 663 598 1 426 289 998 241 455 27 555 703 662 731 549 296 611 489 33 999 411 109 598 702 507 662 203 311 591 884 972 225 987 873 18 281 116 541 379 269 158 421
325 956 265 192 909 576 13 880 228 162 30 293 210 942 976 359 66 304 148 773 194 789 856 450 790 67 466 805 982 669 856 716 784 6 134 556 22 799 434 755 142 141 258 735 330 9 47 416 650 161 369 48 264 610 679 693 280 463 767 464 534 670 462 51 70 626 959 210 64 425 505 534 84 999 558 334 534 963 27 903 140 15 689 899 704 433 497 690 142 734 604 702 263 618 566 545 882 8 748 317 592 650 289 923 358 327 433 977 293 29 703 472 437 552 919 27 65 204 489 747 524 221 260 625 934 124 851 800 382 487 334 511 989 305 792 154 985 295 784 353 590 641 22 709 864 201 518 563 371 642 695 830 428 261 719 499 306 405 894 188 983 928 583 333 244 470 992 126 91 976 66 749 869 474 14 622 750 724 58 697 394 582 70 407 606 258 768 346 414 482 799 385 531 636 855 589 23 992 786 697 404 411 891 349 725 243 328 313 253 204 443 233 826 834 53 187 426 489 553 751 185 709 337 91 419 107 492 845 69 289 790 641 419 214 52 396 832 511 626 402 519 535 218 128 255 484 940 534 625 680 481 902 3 147 817 120 942 275 521 855 19 520 831 500 937 61 860 460 916 207 332 340 597 12 763 408 473 730 703 624 89 936 949 288 980 207 823 331 967 897 219 935 577 79 157 709 320 518 329 956 909 940 562 700 652 544 5 389 605 41 824 324 118 996 238 447 439 652 959 413 476 157 169 918 747 992 152 652 522 675 647 63 780 899 798 405 350 731 799 961 99 758 171 14 343 520 154 833 947 205 299 673 15 304 930 710 415 330 525 286 163 849 38 912 61 127 523 657 202 211 381 991 840 314 956 457 944 709 568 191 745 660 103 917 8 163 249 418 947 371 630 735 255 958 351 234 893 882 138 924 870 885 675 817 582 258 984 811 361 366 987 56 26 537 558 411 439 79 73 90 44 578 996 894 834 588 319 28 641 525 746 129 769 82 767 660 644 819 54 363 707 351 983 370 700 617 642 600 426 88 585 555 233 424 403 928 130 801 752 854 584 3 591 296 628 125 442 248 823 419 350 293 882 303 859 50 254 167 415 828 417 542 602 432 126 865 43 836 748 874 380 253 280 597 206 138 806 802 697 601
729 104 290 303 179 336 575 968 371 202 40 108 680 893 189 432 825 909 961 875 69 226 661 78 771 654 412 120 278 998 530 880 268 175 199 237 116 992 415 380 322 663 192 269 326 977 614 849 302 834 170 403 537 858 94 684 730 460 777 870 490 113 748 552 774 26 436 763 307 786 701 690 179 828 398 660 965 924 668 187 752 3 656 85 133 247 826 723 430 172 280 343 323 673 439 397 768 735 269 130 832 286 359 539 482 608 342 520 370 24 926 514 667 110 878 979 437 353 79 804 205 302 627 285 409 718 452 253 235 346 794 87 626 779 957 205 842 79 344 445 405 90 874 735 78 948 15 409 98 684 307 798 125 225 121 810 627 797 454 473 244 528 357 827 980 351 986 69 634 723 106 51 341 867 627 149 740 149 557 244 41 637 877 736 110 352 168 172 744 333 607 7 785 762 531 125 600 911 208 385 364 390 957 796 800 198 15 922 120 709 394 353 926 311 712 958 935 59 988 835 342 157 54 981 348 257 158 402 301 303 58 136 369 926 606 511 27 786 668 324 289 848 50 45 653 831 580 73 849 524 927 301 495 859 503 843 699 168 594 442 443 128 47 993 172 108 924 63 560 265 559 708 915 673 874 627 258 941 224 414 286 639 49 925 115 262 681 192 3 394 851 604 67 223 206 225 406 481 249 565 950 656 657 183 624 156 849 116 890 392 177 243 813 698 107 417 154 802 267 262 666 107 945 746 290 461 322 550 919 320 483 112 680 328 927 106 985 69 232 853 80 644 638 336 926 839 212 192 85 631 404 701 469 491 754 910 413 541 765 36 150 900 700 980 165 428 224 93 886 395 239 719 147 800 44 891 669 922 5 182 484 217 930 621 999 245 351 443 200 566 21 765 307 130 666 518 92 131 576 467 762 966 535 2 83 984 574 301 958 370 538 511 262 318 430 339 397 731 399 779 552 688 983 537 53 558 115 336 380 305 85 449 854 295 172 720 859 683 772 413 549 452 905 699 482 411 602 703 506 585 454 208 863 726 77 698 431 121 513 175 150 362 79 750 424 333 968 370 957 369 552 906 714 901 644 202 845 943 201 571 64 745 802 683 69 837 930 946 760 484 35 33 498 154 257 114 557 285 852 58
477 446 967 711 401 933 887 486 311 782 748 831 419 123 806 627 590 296 665 965 995 927 778 794 149 710 310 127 70 691 849 820 864 548 887 600 905 706 698 100 439 407 893 948 698 227 434 186 130 485 21 562 647 121 577 400 449 686 265 531 530 501 669 399 708 75 813 510 108 834 880 935 987 945 710 2 210 137 499 514 11 872 31 305 340 949 950 819 551 385 81 440 997 965 879 359 241 788 175 62 200 941 7 674 797 725 197 689 62 102 796 584 132 911 767 820 987 389 821 73 579 524 517 385 141 108 219 981 133 183 117 928 412 815 569 181 59 488 425 741 65 431 19 267 379 921 210 163 242 204 659 79 936 31 305 458 762 817 807 437 679 20 93 563 344 821 857 900 571 957 611 573 949 256 796 693 330 532 888 458 423 728 615 537 766 890 4 119 624 861 743 549 541 672 982 728 110 86 196 993 972 94 667 715 177 593 243 768 96 88 978 438 114 574 256 74 675 492 754 408 455 593 949 459 857 870 106 185 463 707 48 629 365 214 559 821 902 263 715 558 672 538 137 795 401 292 617 16 638 65 780 424 909 277 416 106 975 979 752 887 454 417 94 766 28 947 595 666 592 815 219 26 626 562 220 444 323 19 241 354 290 442 935 734 100 518 241 591 591 985 584 33 140 280 971 199 500 102 695 803 202 897 487 674 294 43 136 283 910 786 653 784 1000 268 824 488 624 256 619 115 903 607 727 609 56 366 423 656 853 731 706 2 270 109 730 856 523 44 446 563 510 137 689 947 31 716 848 163 755 990 754 949 10 794 747 592 91 921 618 501 185 822 270 21 761 943 822 303 295 354 261 65 265 311 72 49 689 407 296 364 504 791 215 679 960 48 588 555 88 911 121 864 11 268 11 577 342 75 15 265 550 56 233 620 24 32 815 579 340 231 472 552 314 920 18 755 375 68 913 382 539 966 748 715 130 404 130 8 122 344 693 723 210 437 968 782 851 291 154 305 220 446 972 631 893 975 963 78 272 645 124 673 798 764 661 148 799 239 410 504 798 420 851 47 923 620 199 848 656 73 955 796 62 179 405 953 108 105 327 326 896 651 621 80 980 873 73 652 419 704 423 926 700 226 120 260 47 582 658 677
260 453 495 700 716 534 57 705 796 335 456 855 975 960 649 703 613 18 942 421 28 275 556 305 190 33 75 371 506 460 16 583 415 598 523 939 889 939 932 856 585 639 224 587 812 181 582 535 214 913 77 811 885 733 653 861 402 24 724 929 631 25 80 921 450 396 876 140 948 697 557 519 261 969 70 635 859 491 238 426 357 658 338 25 185 258 541 897 468 787 434 78 110 544 74 820 178 190 317 341 34 610 433 207 657 252 575 905 370 956 261 247 363 954 506 43 826 215 955 23 84 508 766 453 379 948 108 182 511 877 703 196 309 536 108 517 911 76 463 504 308 196 740 956 318 128 891 296 885 623 96 933 461 845 395 403 942 244 472 978 130 435 408 253 182 55 854 862 443 889 768 960 802 401 478 197 702 57 666 440 325 470 741 542 251 208 940 54 88 121 72 685 502 412 554 761 181 635 920 310 994 721 328 318 193 367 190 705 946 160 46 513 202 277 456 630 675 386 730 850 500 522 101 433 346 942 241 58 435 192 323 849 541 859 594 465 361 619 854 185 145 830 285 808 795 535 607 553 90 416 837 65 393 396 258 609 214 770 309 633 25 152 319 745 976 289 954 313 918 688 835 860 552 63 506 864 91 30 448 566 231 569 323 909 348 933 561 409 819 761 772 769 634 441 343 694 152 655 255 6 764 645 585 58 426 61 70 583 992 418 903 847 207 718 29 134 323 237 284 659 507 979 193 935 240 215 699 553 470 672 789 483 955 933 76 592 735 431 849 443 84 662 708 694 710 118 563 402 430 592 533 628 198 875 575 792 373 329 73 748 504 210 311 550 271 151 837 956 142 662 981 233 833 283 627 911 308 215 691 856 673 39 855 25 811 774 563 260 522 939 840 68 217 538 590 712 874 137 143 81 575 604 8 314 910 695 407 685 587 120 657 318 945 553 160 305 218 912 174 967 293 995 622 693 530 467 788 696 868 574 660 985 716 110 341 984 524 854 370 478 556 226 602 268 291 152 572 709 837 734 987 340 370 370 24 434 77 338 218 511 986 121 591 395 324 489 835 961 883 817 186 229 308 752 509 936 855 813 140 328 343 415 707 16 789 686 687 328 832 301 956 87 403 397 430 447 851 802 448 338
697 641 287 424 92 141 893 151 28 527 545 491 858 970 886 861 748 53 54 249 704 670 792 193 761 350 369 696 209 764 339 69 788 570 664 99 93 384 600 590 696 603 635 131 332 859 131 260 678 265 646 952 411 320 345 712 548 273 702 162 273 735 171 185 958 192 902 809 100 36 514 111 173 347 120 267 283 987 171 212 776 140 531 276 121 500 192 461 747 690 994 427 556 485 10 526 487 776 823 226 331 714 356 289 513 367 44 707 358 393 828 761 770 297 120 802 798 717 441 448 93 324 28 577 884 564 135 357 654 286 558 400 562 236 650 794 834 439 447 463 453 671 411 706 692 924 176 899 976 842 742 959 655 759 972 336 505 541 564 746 412 15 282 2 943 411 685 570 227 592 454 227 525 596 82 679 918 72 539 905 364 862 19 715 196 719 186 578 340 883 462 507 485 496 698 255 16 211 99 614 651 669 457 632 903 134 143 41 566 362 114 769 813 607 496 604 234 494 306 42 974 117 768 130 874 610 325 60 170 627 620 750 740 429 128 419 476 434 243 647 744 490 151 216 400 294 847 817 43 60 201 573 693 890 121 520 443 404 141 976 78 691 269 52 462 490 762 726 125 970 525 281 537 771 119 975 283 804 208 106 731 657 306 618 180 585 100 371 309 882 620 151 28 545 115 83 151 73 814 94 576 460 200 646 554 700 545 199 579 588 216 785 64 258 967 641 40 196 385 643 842 531 204 36 579 338 949 941 978 333 373 355 60 905 75 47 926 292 894 713 864 563 573 977 233 213 448 425 198 720 593 820 864 796 260 972 493 492 820 851 356 93 723 758 486 544 790 393 127 468 455 147 226 505 534 690 711 81 72 586 224 767 105 571 724 666 12 213 161 194 10 201 220 601 426 526 697 884 160 406 899 680 448 442 51 679 384 950 199 47 628 689 592 28 683 396 718 987 8 97 514 828 819 436 667 346 900 185 500 750 723 347 291 31 576 947 547 721 619 921 273 190 305 378 392 380 16 363 796 430 200 870 250 553 346 381 670 374 983 634 144 991 636 77 885 174 55 715 992 538 872 932 534 351 573 884 698 150 619 707 935 599 879 892 596 495 495 194 736 893 496 338 347 298 242 869 509 366 551 766
152 80 140 184 172 481 529 64 763 427 594 250 239 182 459 532 562 496 945 120 389 800 570 439 763 961 64 34 324 923 946 453 70 465 513 726 326 447 348 72 855 110 801 187 757 368 958 926 283 469 226 127 722 780 213 828 644 49 959 886 578 633 143 693 777 882 47 490 446 13 317 747 876 402 997 207 332 535 170 18 83 42 81 102 723 111 785 216 618 839 22 217 791 968 482 759 696 512 245 916 87 146 94 474 170 636 989 955 819 289 469 55 744 936 931 515 898 477 845 871 782 237 68 970 442 811 551 808 362 421 763 342 524 995 6 517 744 268 954 844 619 541 107 59 555 833 944 405 128 411 794 300 759 95 635 902 474 949 429 247 666 132 400 793 466 451 792 990 253 999 505 689 926 719 202 831 645 686 954 967 963 51 758 346 694 195 987 615 871 476 922 245 518 264 640 324 401 103 124 765 363 645 180 727 760 123 35 16 312 753 625 335 435 775 222 118 844 818 107 488 152 527 156 393 268 427 296 141 717 414 326 167 257 880 154 832 791 505 938 220 377 846 649 842 383 711 796 198 17 433 215 50 741 67 4 269 567 970 504 635 545 794 719 623 139 767 271 32 923 650 415 305 278 271 801 873 420 334 370 103 446 886 85 365 18 858 772 694 737 484 605 328 414 254 186 958 534 820 198 311 711 236 279 604 538 838 612 480 481 683 61 285 708 312 742 601 65 411 632 776 471 432 494 750 219 321 10 923 208 42 309 614 494 668 528 530 51 782 304 390 1 3 752 919 133 347 696 875 562 586 995 446 911 248 80 255 46 6 487 683 986 857 143 960 549 400 530 190 34 143 769 989 982 98 828 82 420 588 980 622 391 254 950 823 608 740 842 90 656 703 930 703 432 931 358 998 96 410 3 907 84 610 703 154 366 948 862 599 562 994 359 736 813 651 511 185 99 475 706 505 333 14 7 55 859 716 81 252 13 134 284 142 666 454 615 246 795 907 315 873 708 248 376 725 828 676 52 223 950 16 656 301 655 957 212 617 132 816 192 514 814 133 448 639 21 928 525 957 593 86 865 905 753 931 979 398 318 512 939 739 524 926 214 355 509 251 276 494 546 969 870 209 542 701 473 599 656 181 435 466
167 291 625 129 226 637 901 607 882 521 11 47 565 662 629 730 163 162 906 510 899 828 221 967 598 527 783 359 962 749 284 122 202 553 792 929 52 983 674 922 623 605 307 322 315 690 893 65 553 125 203 562 686 826 397 489 74 930 688 313 549 424 710 998 513 485 245 818 321 2 972 755 683 877 250 68 992 518 772 982 525 824 297 576 234 197 904 264 943 396 967 315 929 469 14 125 786 957 861 474 953 469 436 448 906 634 713 755 602 64 685 137 708 451 433 221 648 683 333 228 948 984 506 646 652 392 332 996 917 903 717 866 40 384 843 358 517 115 376 626 457 329 842 170 957 666 875 524 809 345 341 641 663 318 542 814 291 23 233 99 932 546 206 692 743 812 303 273 868 644 425 525 923 679 208 288 561 79 437 621 940 875 689 290 644 534 124 229 12 361 66 257 832 659 856 26 75 419 994 494 925 19 563 312 532 290 212 883 97 381 922 423 995 72 594 834 62 798 270 203 807 754 767 104 669 53 826 159 764 37 931 411 198 463 408 901 641 161 824 395 272 954 722 371 19 735 965 325 233 832 869 435 288 640 700 727 564 452 870 96 646 809 218 656 296 224 200 204 538 568 46 964 626 61 985 845 946 228 87 390 590 566 285 473 283 46 491 490 787 315 148 387 240 464 58 284 908 438 724 616 699 574 467 617 833 828 290 668 906 229 522 286 669 274 471 579 827 986 10 254 235 692 872 497 886 141 769 48 952 390 312 483 95 224 289 498 495 970 329 991 865 436 336 663 480 554 935 502 62 822 362 784 753 756 373 160 554 126 900 733 799 343 539 844 568 149 789 121 125 55 83 401 920 32 126 696 748 299 3 526 476 852 798 516 148 930 690 429 537 151 188 833 959 784 598 256 814 143 996 394 634 660 732 353 770 272 427 140 421 794 322 924 722 98 905 866 731 265 230 409 210 303 799 563 816 953 682 297 378 420 926 399 515 539 453 116 438 11 237 689 732 841 282 467 496 47 624 777 946 753 108 455 81 77 931 301 279 494 402 738 79 900 954 650 318 138 810 741 254 830 179 69 517 813 352 779 730 143 180 938 39 934 503 289 42 675 271 489 862 182 785 136 187 280 283 379 846 163 276 569
366 52 149 786 992 263 957 584 104 472 50 513 868 561 182 173 922 304 632 637 530 637 704 978 594 21 418 107 254 249 487 496 324 543 178 346 832 560 998 533 766 372 161 930 400 564 402 884 847 859 838 635 234 795 86 271 176 761 40 844 820 644 872 54 43 571 942 511 2 145 456 651 11 916 634 229 97 417 193 716 733 565 667 494 701 987 398 455 70 589 464 858 480 274 167 999 733 692 536 974 173 370 699 129 556 817 466 585 468 914 43 423 396 410 492 813 592 935 888 69 411 177 714 126 319 619 987 916 539 346 397 502 31 29 33 97 824 961 718 44 938 8 72 5 949 925 239 355 917 80 147 699 25 19 924 668 237 174 842 612 87 413 472 646 60 637 423 324 717 307 654 176 680 530 485 129 539 25 508 675 287 957 347 927 555 170 134 127 373 561 990 862 695 385 810 350 645 186 18 409 576 680 959 671 630 630 964 84 660 387 42 691 646 16 718 486 234 155 524 201 542 566 135 416 682 846 698 131 483 569 9 55 758 709 852 90 285 728 519 289 172 738 103 949 884 911 46 71 671 100 437 10 852 29 109 588 844 594 899 827 888 195 706 541 510 741 158 714 270 505 505 516 168 721 645 449 455 3 534 152 664 822 586 710 160 860 492 683 543 240 925 623 178 653 789 588 946 650 959 368 587 365 264 577 617 420 120 777 290 733 110 273 231 270 221 796 550 560 1 803 161 128 607 436 832 418 626 214 114 738 261 992 701 562 62 567 625 99 278 334 713 139 286 669 963 388 451 603 472 599 16 575 754 492 938 877 391 152 15 707 561 253 241 890 551 151 830 372 874 918 621 12 782 768 766 499 775 653 143 292 232 73 879 811 384 291 311 436 906 660 43 495 950 220 993 579 907 614 993 394 294 431 235 207 231 513 668 558 633 610 65 596 548 500 643 277 479 792 674 440 161 784 784 80 177 172 820 638 667 738 16 680 751 615 800 713 718 761 751 57 156 305 602 106 380 656 924 378 196 571 918 673 401 277 241 910 180 54 811 505 865 766 245 271 365 41 250 3 723 780 378 334 573 849 896 626 398 307 165 729 928 577 137 581 394 671 613 262 997 613 467 377 268 633 366 645 240 825 997 550
276 488 162 680 812 666 848 555 407 565 775 138 330 857 378 728 373 99 544 17 23 176 506 487 102 394 544 571 31 829 914 411 671 193 146 878 605 946 632 876 29 149 659 357 997 549 583 354 136 590 188 227 176 746 865 451 688 100 282 372 980 978 591 43 209 908 194 370 116 275 300 750 957 187 585 227 525 407 235 35 798 200 494 747 277 185 602 576 192 94 420 714 247 832 999 313 138 695 493 54 876 917 71 948 203 942 318 847 886 277 858 857 783 444 92 531 321 15 232 988 263 264 792 970 554 666 70 475 224 137 661 664 629 20 323 154 403 690 39 503 207 68 940 144 547 232 646 576 521 142 453 511 138 603 42 539 749 961 396 252 626 723 433 28 412 46 90 752 750 95 170 890 986 824 866 900 499 448 509 497 465 162 65 744 791 218 310 62 175 701 821 90 823 173 555 379 431 812 51 56 160 216 909 262 24 780 332 216 847 709 974 259 43 711 186 108 812 890 242 598 479 579 357 284 567 560 967 494 56 489 226 542 169 901 944 359 307 734 757 891 436 57 456 479 537 504 187 713 83 89 755 583 160 444 549 497 945 603 475 413 281 298 428 943 828 436 631 784 892 916 893 46 467 633 116 365 306 565 780 395 743 478 232 716 830 96 194 922 177 972 487 679 485 876 565 382 717 150 224 787 840 37 551 135 181 878 980 664 390 908 107 788 33 130 197 288 580 160 244 474 985 879 996 266 322 427 173 456 987 563 428 353 159 880 739 676 785 910 205 251 572 447 129 982 818 875 199 636 979 566 523 699 219 755 803 308 576 388 933 474 25 883 909 250 168 249 695 628 50 828 620 712 896 457 353 877 210 844 48 389 432 338 936 236 702 308 440 531 292 540 203 589 191 806 167 631 897 66 213 744 351 277 271 917 432 988 271 536 279 481 647 8 272 451 759 412 293 25 604 619 655 555 233 206 678 103 309 799 949 796 343 700 105 782 551 720 810 760 239 498 563 646 167 878 926 610 776 298 542 989 52 597 105 888 236 6 285 422 581 356 988 163 657 268 168 568 506 356 725 47 156 559 669 188 322 519 877 89 482 542 372 996 12 193 285 908 145 732 875 730 94 972 818 323 475 63 685 611 932 910
887 958 145 152 438 931 149 549 544 991 210 978 235 94 565 808 165 497 767 409 545 930 518 146 396 429 547 838 410 276 44 640 232 911 705 371 921 856 837 628 887 197 287 989 140 924 653 181 644 960 810 445 492 297 789 216 482 676 195 338 22 823 795 708 21 913 450 257 588 39 380 857 805 950 985 409 780 697 891 979 556 921 602 10 562 154 260 930 738 936 597 246 716 351 828 291 803 159 532 305 540 627 249 17 477 126 769 858 234 18 346 118 520 637 576 850 905 909 578 230 338 698 249 161 500 337 270 612 529 128 638 334 774 883 100 718 210 228 550 104 716 72 47 957 492 72 584 356 890 799 147 260 125 595 20 553 713 498 859 255 124 675 741 36 255 315 957 645 680 718 819 624 755 555 29 917 751 502 902 100 847 233 246 73 198 271 876 310 680 123 60 251 464 512 755 377 76 149 460 559 345 743 995 115 88 856 908 846 769 622 810 254 645 191 506 677 75 957 992 733 326 52 649 395 875 791 245 977 987 452 125 803 359 400 398 20 445 188 282 945 850 923 221 459 421 725 322 155 705 901 69 756 204 415 687 597 537 802 913 955 433 841 261 126 546 857 487 409 692 222 499 358 908 946 489 510 640 883 455 903 42 491 263 464 638 602 449 929 661 882 752 970 150 712 780 552 790 169 333 838 201 128 847 619 796 398 608 859 999 765 662 415 618 586 946 68 721 996 50 143 5 911 153 780 461 965 33 68 133 193 478 737 829 539 729 42 304 301 963 353 731 762 601 504 948 132 854 343 543 623 527 975 780 255 273 744 479 34 720 431 497 255 839 264 401 259 577 244 894 925 625 561 633 768 698 774 810 381 590 352 353 416 785 491 720 797 812 10 724 851 12 312 349 774 379 624 210 541 698 177 82 667 830 264 566 193 856 150 869 298 302 132 19 911 156 376 670 470 21 91 236 433 118 21 582 99 549 196 273 771 177 535 952 579 592 728 75 409 951 861 325 541 507 39 763 150 65 57 870 53 410 557 667 279 140 333 516 122 610 432 892 204 276 537 316 861 807 628 279 312 440 804 595 940 874 366 500 706 705 424 526 131 953 18 532 558 609 96 233 303 894 106 518 237 444 719 202 894 555 445
109 434 38 7 201 775 696 898 967 274 447 287 40 582 130 943 772 747 615 410 388 909 155 946 182 690 169 662 709 145 858 324 949 372 956 127 7 324 643 748 732 839 882 783 956 985 250 539 881 212 929 432 842 153 923 551 866 862 5 240 733 879 99 341 823 258 832 898 817 179 744 583 135 808 245 27 873 575 434 686 674 580 302 417 991 259 979 268 784 357 281 499 921 864 149 441 762 313 721 625 900 198 258 339 601 942 218 792 629 348 239 603 778 923 170 103 168 421 567 521 395 225 807 652 334 765 113 124 523 229 185 268 411 902 576 395 695 353 820 484 905 910 538 42 984 912 275 521 6 187 757 337 446 339 952 429 4 735 593 742 722 995 159 515 27 217 666 229 813 501 292 996 863 826 601 521 820 764 665 736 626 509 107 826 680 302 35 277 119 127 145 812 118 491 256 727 547 35 503 365 729 794 307 873 817 865 286 451 291 544 957 97 449 957 825 99 929 850 355 547 910 959 434 581 381 203 51 713 780 233 265 949 628 350 476 651 417 191 746 329 573 903 467 803 179 957 182 856 832 806 456 873 73 778 211 23 74 136 70 491 491 641 838 185 380 327 545 998 216 15 688 286 387 948 978 44 422 687 4 436 116 817 805 150 30 683 459 32 342 920 811 110 771 898 521 362 63 933 51 175 949 167 188 576 228 73 120 72 60 465 407 269 974 60 346 405 204 521 876 690 419 694 70 136 978 792 823 989 783 224 907 663 660 244 841 108 417 943 302 288 9 532 73 18 139 125 993 806 491 486 916 780 514 59 53 30 719 972 760 849 580 675 918 266 140 361 195 203 753 183 208 408 996 156 961 415 931 542 62 199 824 443 301 648 993 47 808 166 346 465 521 283 575 146 585 524 734 395 196 343 672 972 947 586 115 798 555 639 787 418 212 267 305 360 129 876 186 831 266 166 64 96 88 841 115 36 165 995 32 250 70 941 687 537 100 893 359 489 434 972 684 623 241 18 778 801 963 337 567 670 647 922 897 678 833 10 59 423 212 559 956 702 1 616 547 421 600 820 73 87 498 855 839 45 873 236 481 81 983 236 147 360 429 700 155 228 509 874 331 350 719 126 878 695 757 429 964 64 471 817
361 603 449 949 532 620 706 317 316 572 219 781 778 420 801 15 597 422 334 302 665 483 311 404 478 241 971 746 789 50 681 424 559 660 236 689 442 470 8 976 188 257 412 709 488 975 111 205 642 799 835 996 892 142 616 449 321 80 982 858 653 749 805 631 652 374 158 247 429 314 446 957 518 123 206 598 54 849 153 919 944 641 754 639 620 680 328 337 22 306 372 448 226 740 732 922 80 455 136 193 192 215 217 202 865 597 696 903 224 496 40 284 628 389 936 33 352 77 442 519 262 701 174 273 57 445 70 544 960 709 781 709 815 615 211 178 631 122 201 166 395 584 904 490 619 435 392 88 714 960 592 785 774 585 863 289 727 270 521 844 927 120 884 542 458 881 876 715 601 477 974 211 590 66 410 972 392 842 635 206 471 842 48 637 643 982 570 686 173 434 703 820 799 176 62 46 553 972 741 411 517 796 339 993 302 265 529 164 617 941 120 485 403 360 330 906 887 79 468 360 810 906 582 103 428 753 592 334 356 839 953 469 225 139 214 49 799 828 884 622 88 268 917 290 479 578 973 724 444 795 880 337 12 487 439 703 103 61 417 107 256 605 745 64 351 283 812 279 178 83 953 146 40 94 24 215 169 753 34 752 391 870 471 343 985 946 895 435 287 448 108 695 393 241 864 7 548 358 112 590 49 555 671 944 508 512 805 857 392 572 511 119 162 931 561 647 513 974 716 976 14 818 755 892 298 271 575 124 557 339 91 295 829 847 964 997 684 307 476 718 502 732 621 335 409 774 390 295 943 257 51 661 65 20 969 848 642 134 157 217 301 942 572 803 39 917 98 711 837 291 122 435 251 657 979 297 453 773 327 310 463 87 559 664 157 626 127 117 367 973 326 318 860 291 351 232 216 7 840 979 764 288 205 813 839 763 700 676 121 297 59 654 92 649 959 74 701 331 806 638 790 163 972 998 715 143 654 844 517 298 379 146 909 83 617 403 415 436 77 89 983 101 755 999 985 738 373 369 107 342 339 989 338 110 225 274 825 226 659 134 285 634 467 978 503 279 575 774 204 102 240 701 323 692 109 12 201 95 269 188 341 483 300 309 916 473 955 577 438 137 9 778 141 692 576 953 674 980 198 677
598 808 170 215 978 487 654 393 144 69 514 587 823 714 465 75 996 799 184 735 996 70 199 609 640 457 96 704 203 853 239 625 614 788 255 965 846 736 449 765 309 162 852 522 223 924 15 283 400 108 857 950 365 169 86 343 841 910 54 765 291 89 228 388 162 820 613 958 325 481 595 778 367 951 533 603 73 534 220 29 387 692 374 737 639 695 501 939 108 375 363 323 932 909 352 368 50 794 132 24 633 417 306 362 326 304 123 804 827 208 233 569 913 233 782 997 738 837 570 279 590 277 790 545 514 746 67 39 273 75 969 151 716 983 259 434 76 153 336 689 286 418 747 654 978 789 685 40 633 358 454 24 531 92 939 631 63 897 970 355 231 230 206 268 452 92 289 54 399 43 794 49 356 716 945 517 805 449 293 900 693 799 145 923 474 149 460 683 600 950 220 694 946 4 589 127 566 677 167 374 33 459 479 80 630 877 122 972 561 970 824 218 295 101 454 212 917 598 339 215 114 902 268 626 640 915 273 974 541 899 563 9 695 599 474 851 656 677 393 924 353 329 155 324 981 216 596 725 840 298 495 603 676 532 995 872 402 905 994 686 18 601 355 407 827 884 972 949 376 132 17 205 155 478 889 678 53 979 818 129 74 132 168 986 500 430 338 783 636 363 154 628 605 267 52 915 419 573 299 213 973 334 991 663 786 924 700 903 574 924 43 990 584 87 703 305 444 723 438 663 751 581 694 794 117 528 953 541 350 749 268 827 881 415 581 425 305 870 473 302 700 530 978 901 884 889 764 21 572 59 235 379 197 189 689 223 902 664 658 927 789 766 441 164 655 437 832 274 706 334 820 589 961 418 934 385 424 808 918 685 231 137 1000 860 454 314 934 211 727 751 833 678 192 373 316 532 702 913 161 62 986 457 98 56 827 866 367 130 405 975 484 454 664 154 568 62 479 734 808 745 911 823 615 656 795 436 327 100 572 942 564 852 795 899 117 797 246 816 66 995 158 465 742 615 341 846 442 364 873 823 574 921 928 901 1000 274 527 243 51 928 785 584 903 589 961 185 327 121 337 89 307 126 653 226 408 841 238 88 122 842 743 257 815 122 379 443 743 951 38 909 863 126 475 973 275 362 918 22 401 584
71 740 832 442 831 256 951 164 551 724 523 462 355 236 62 997 373 774 78 543 648 871 37 763 67 92 837 26 520 274 298 893 856 313 940 558 493 73 964 608 169 440 246 262 698 13 762 4 80 261 876 40 26 865 196 671 833 822 250 134 99 911 474 397 442 331 745 802 922 516 926 119 325 634 835 880 942 789 687 629 308 399 990 170 413 218 539 979 691 46 108 497 287 453 827 617 558 467 993 337 701 68 440 487 930 652 136 6 177 928 231 912 152 668 983 295 947 251 133 956 420 84 681 383 211 668 936 657 53 143 289 392 408 387 376 901 389 244 953 261 745 367 678 743 574 910 696 312 510 849 816 294 226 760 888 67 304 716 67 741 321 864 537 862 475 398 570 883 897 345 500 614 748 602 814 150 262 779 151 675 233 350 991 859 402 428 761 679 733 577 822 470 107 658 272 976 675 707 881 668 194 888 316 998 642 22 914 878 857 96 337 367 696 645 392 805 815 710 117 454 868 54 657 821 667 930 223 374 837 147 73 69 719 773 32 686 372 626 792 398 19 139 222 557 623 852 400 638 87 95 298 452 74 717 521 353 483 24 802 841 748 245 418 143 751 12 910 76 194 323 250 772 161 397 992 85 420 924 891 183 120 833 430 734 193 272 987 915 734 182 995 686 953 7 60 751 832 631 46 647 702 391 320 93 29 959 695 244 721 473 672 554 633 957 259 459 25 389 393 879 44 95 130 495 218 67 816 970 169 405 605 859 443 802 224 827 429 669 769 43 764 398 269 278 527 797 126 477 649 539 8 683 72 824 262 430 428 598 919 595 290 147 920 953 472 478 235 372 404 635 828 574 816 258 37 491 610 496 809 803 778 400 681 196 631 89 200 656 957 290 820 82 600 465 517 54 150 364 960 833 885 289 71 265 548 208 145 18 483 131 99 2 265 728 536 329 813 889 337 858 199 306 868 255 356 173 708 661 14 819 831 323 813 301 283 712 959 549 257 469 637 359 80 746 291 35 457 73 897 862 780 568 595 830 860 18 136 566 593 814 475 33 608 918 34 180 100 305 652 156 903 922 448 174 589 656 210 717 741 216 894 341 849 357 283 720 407 986 419 20 112 424 536 192 46 681 160 584 586 98
313 579 476 754 584 195 878 2 262 450 829 250 203 685 371 979 609 819 535 142 356 621 564 55 561 971 927 692 209 550 772 137 864 291 105 220 626 159 846 634 948 782 111 725 557 975 919 375 295 723 159 156 586 206 989 264 709 284 210 35 99 867 920 829 57 916 886 236 315 558 319 159 13 315 489 242 416 114 64 921 494 956 772 721 681 236 109 25 580 209 656 281 693 49 780 202 825 849 704 268 51 302 466 594 572 963 948 462 992 129 225 90 572 446 569 931 630 31 434 433 391 979 810 115 591 593 385 864 823 422 876 859 68 268 971 655 814 888 471 462 274 14 727 120 368 935 978 297 166 961 525 417 146 420 761 568 480 702 693 561 132 66 633 995 982 248 297 803 491 106 150 460 807 966 550 493 169 20 834 108 917 383 986 692 764 812 453 637 588 378 533 164 145 597 849 601 944 856 413 466 838 712 881 80 857 102 750 435 792 757 550 984 891 200 389 222 557 828 939 275 579 872 299 798 60 538 21 749 969 60 907 473 532 109 518 778 732 267 729 855 633 161 953 288 72 147 887 987 3 39 745 31 132 1000 338 811 435 945 594 837 876 32 926 723 567 314 457 965 555 355 614 141 917 439 183 231 772 141 274 311 600 57 443 397 227 291 27 865 387 585 509 75 340 805 305 85 39 556 237 213 409 404 252 202 262 96 193 38 870 949 106 213 494 582 735 235 334 979 589 517 356 905 218 175 798 69 9 302 206 673 288 514 410 750 3 332 129 15 843 266 791 285 113 961 472 290 678 934 598 192 694 911 805 155 371 812 772 721 938 931 288 204 215 750 563 297 995 379 707 561 376 509 624 869 220 931 335 150 236 103 288 251 39 519 246 482 702 432 693 625 704 875 113 889 998 884 404 389 404 513 252 884 176 137 124 383 756 179 390 651 395 959 39 787 7 467 241 913 121 365 335 840 337 374 324 355 730 871 985 594 152 302 845 568 299 373 58 432 822 683 301 419 212 661 923 886 532 883 607 360 965 919 746 526 649 983 745 967 559 995 362 725 376 75 275 811 172 753 785 59 694 841 307 110 307 117 736 230 922 891 390 298 128 97 640 970 607 595 265 371 607 880 726 710 444 563 832 26 154 867
444 20 47 210 429 843 574 576 720 643 510 769 122 88 510 164 276 828 121 389 592 666 924 224 509 649 100 732 624 5 422 939 976 822 291 659 959 702 345 565 677 286 22 490 333 621 273 839 810 267 796 693 476 732 690 28 775 773 648 869 817 216 889 240 689 317 707 624 36 272 226 64 37 678 355 167 770 732 690 941 479 5 198 467 68 723 366 646 40 773 39 285 169 506 412 396 259 463 847 966 60 83 866 490 722 468 122 758 993 293 354 242 121 31 92 377 265 47 57 617 339 99 205 822 629 316 926 354 458 618 207 779 701 603 466 113 183 982 412 869 494 974 545 779 682 376 614 595 168 930 557 414 202 347 893 2 4 291 946 860 47 98 131 196 412 539 291 843 449 183 759 859 934 620 514 408 250 601 314 662 919 452 603 144 870 951 543 845 31 971 728 900 310 616 132 129 381 328 740 988 779 652 448 846 845 964 905 932 778 74 347 963 274 399 139 418 974 297 317 30 560 43 664 832 398 418 557 541 557 473 10 607 125 408 72 441 295 323 109 38 893 649 284 562 887 969 937 410 996 606 397 314 59 644 68 115 912 701 634 473 228 603 663 358 429 166 326 818 521 209 104 411 750 870 83 389 351 101 934 241 828 146 517 513 363 496 82 552 474 395 391 165 385 527 607 298 611 721 96 870 446 117 717 514 144 940 735 521 245 47 768 908 229 609 579 553 303 276 106 15 927 406 212 337 991 87 219 859 630 913 644 685 318 696 413 673 421 188 671 623 660 730 123 707 606 753 305 680 426 969 491 79 722 214 951 840 628 324 866 976 352 319 426 541 309 155 31 677 174 997 375 843 766 565 590 755 175 106 565 734 802 474 747 188 35 658 182 206 158 238 372 530 49 634 124 246 562 121 936 800 278 803 636 828 610 140 207 977 115 485 679 740 284 580 943 96 930 596 430 23 163 638 466 146 337 928 431 982 144 316 470 359 26 646 72 254 660 802 974 787 327 264 809 947 536 307 767 791 423 4 604 579 295 253 399 931 439 747 802 868 38 115 710 993 110 302 607 831 647 458 212 489 547 300 391 810 470 147 116 204 770 14 595 998 541 443 809 4 268 668 497 515 465 535 151 322 216 661 304 878
314 348 462 931 362 758 585 871 876 732 81 92 295 899 315 156 539 864 143 437 220 604 373 568 516 650 312 386 673 590 753 298 55 705 880 973 964 404 21 95 742 476 847 32 64 735 579 169 823 422 608 276 969 444 738 101 330 778 453 801 276 570 534 1000 965 731 407 13 677 118 438 37 818 615 467 441 500 414 353 320 560 585 103 87 802 507 906 371 606 395 315 285 999 398 24 289 568 582 120 162 109 179 261 225 140 677 319 110 428 320 685 952 637 933 669 891 199 266 739 189 806 866 2 870 371 447 223 257 165 835 996 99 932 876 95 248 117 555 452 876 424 995 45 607 225 782 988 968 454 199 867 761 270 355 52 314 140 513 945 776 560 426 354 631 696 420 617 554 980 196 233 1 453 995 895 439 241 875 883 708 452 265 137 365 215 477 33 19 72 659 689 867 784 229 69 651 809 494 573 110 611 383 937 782 807 181 218 317 762 695 405 382 307 586 667 169 148 631 987 265 538 517 400 377 73 931 883 934 239 735 70 940 217 833 197 110 292 749 609 152 239 296 309 785 695 367 29 50 220 311 630 265 948 155 510 459 252 658 310 630 689 822 458 730 329 389 555 582 192 784 323 593 941 418 237 564 639 12 774 986 911 634 690 538 589 578 753 271 189 865 423 672 531 830 662 180 412 762 5 678 703 24 204 428 649 967 634 377 1000 710 98 932 734 647 91 453 882 134 215 20 529 764 620 427 771 375 616 32 678 332 430 141 356 568 529 753 407 255 820 716 148 106 195 47 775 628 388 950 90 568 311 349 286 241 446 719 13 611 574 687 494 74 797 847 574 151 525 706 800 787 780 342 468 345 667 661 718 531 62 539 713 797 346 531 398 803 204 989 522 33 853 414 933 223 408 497 416 217 585 696 194 855 723 308 115 345 139 589 915 307 7 760 203 528 92 406 257 228 93 57 118 594 510 266 922 249 700 498 772 618 470 88 6 767 314 586 148 621 842 894 899 256 918 947 350 252 290 992 535 910 757 952 654 665 464 474 225 994 738 87 138 844 437 238 925 63 650 219 201 192 440 631 932 617 850 892 978 818 859 442 819 875 39 644 36 333 991 493 593 211 540 48 273 335 961 744 166 788 157 341
489 984 925 329 392 533 643 770 616 535 978 528 222 15 978 576 199 151 500 433 415 254 399 236 453 313 729 439 962 673 980 684 762 103 297 848 610 735 795 863 101 442 301 896 674 870 934 557 661 894 660 396 987 413 163 78 190 750 913 449 514 149 770 322 426 464 262 124 92 480 132 429 307 927 373 383 451 379 407 857 300 222 911 45 68 974 240 772 603 528 631 661 164 437 177 911 597 691 200 628 664 24 121 85 932 645 238 478 244 665 269 752 665 315 925 98 329 161 11 274 314 761 328 210 529 733 947 890 422 973 536 352 267 648 107 391 681 456 815 825 509 593 310 991 568 755 65 840 14 644 807 780 790 364 517 785 180 599 780 274 174 36 499 57 834 148 338 526 688 574 180 725 924 11 489 908 298 994 438 818 305 56 481 375 191 857 956 103 798 671 564 364 360 64 993 135 321 441 45 281 476 151 123 903 379 869 923 722 912 374 870 297 805 415 49 830 719 894 78 211 716 43 131 329 264 76 89 144 249 998 270 771 516 370 828 175 184 807 278 905 719 442 628 632 996 647 612 823 236 106 171 433 937 847 689 597 72 373 82 567 275 565 573 339 407 196 112 348 635 479 818 347 635 123 941 214 998 384 326 711 262 7 895 218 362 397 780 412 964 661 208 796 831 484 559 708 651 319 978 61 360 605 623 330 336 448 292 515 303 920 130 797 923 800 770 227 486 266 42 97 110 67 546 915 206 746 544 373 497 955 837 283 259 702 744 572 451 115 307 742 895 492 221 631 576 491 633 287 513 832 827 671 543 121 627 867 862 176 790 363 304 631 519 891 199 179 316 645 669 116 576 923 298 85 354 503 310 851 952 83 437 564 466 795 727 680 34 602 732 118 704 47 680 863 626 736 186 676 450 780 591 74 296 170 504 58 629 126 883 556 19 133 100 392 870 574 553 22 286 943 871 765 46 763 446 243 221 550 926 937 810 771 837 720 421 326 559 962 89 553 370 677 776 332 805 357 404 803 334 151 300 594 957 416 88 632 901 273 190 71 631 102 766 536 13 462 244 578 264 102 802 892 141 801 811 104 428 532 560 305 517 342 725 806 915 839 726 469 258 896 551 569 877 549 462 494 726 275 511 302
897 352 13 648 602 225 463 755 763 110 300 801 948 828 788 520 60 598 903 204 296 259 744 586 995 195 173 272 449 91 438 433 954 757 725 987 923 381 735 772 704 959 501 898 894 48 84 881 291 867 561 27 244 910 251 251 690 335 836 711 759 771 455 887 662 989 396 521 746 621 932 489 736 198 945 736 279 851 526 527 954 802 138 83 897 678 84 24 739 887 726 430 11 800 429 945 430 804 849 90 349 973 353 374 502 629 575 513 978 534 35 12 317 906 477 557 782 932 340 328 377 633 952 298 910 28 15 451 706 963 441 945 522 37 404 835 381 801 544 457 2 730 498 364 811 556 630 956 146 507 34 207 376 277 894 794 314 950 467 610 34 726 93 93 556 501 50 271 345 515 781 873 460 680 724 455 184 723 30 663 739 638 957 431 718 659 273 435 259 98 717 242 613 173 515 112 47 523 306 870 58 1000 478 355 509 23 477 256 377 120 690 52 499 959 439 641 957 981 827 737 229 346 459 687 566 35 592 752 724 863 430 222 423 991 982 15 507 367 774 593 696 739 82 642 450 417 48 452 167 455 903 706 143 260 474 778 343 265 308 257 73 155 930 569 147 428 683 363 759 955 113 212 963 1 210 805 500 848 285 297 415 727 738 775 181 920 585 285 821 97 462 793 425 376 921 725 151 833 163 613 32 495 265 145 248 511 61 177 685 581 573 42 196 53 204 785 763 895 557 688 385 932 32 1000 251 87 240 277 815 783 552 555 691 85 860 319 170 423 354 905 173 40 780 318 927 311 408 372 258 643 334 709 994 796 385 524 577 713 185 951 652 598 559 651 83 716 665 131 139 608 933 605 607 907 128 871 111 202 147 799 760 903 286 831 928 233 134 330 607 853 236 660 658 243 5 735 513 83 286 211 691 441 174 934 172 89 948 847 726 401 760 92 60 277 561 706 253 830 387 39 591 136 278 288 488 338 164 139 283 360 55 597 741 552 776 842 506 157 614 501 718 409 370 331 181 709 662 312 651 146 697 463 377 465 343 501 338 60 458 631 24 993 572 35 251 731 362 16 122 623 731 398 48 360 280 571 47 885 354 407 276 522 215 904 323 370 31 521 866 361 673 600 698 596 407 502 473 54 442 673
581 454 194 585 664 145 156 340 76 392 895 823 502 74 206 950 189 792 144 37 694 908 880 830 554 195 934 985 626 129 617 563 693 303 897 109 644 685 806 28 220 717 419 870 31 64 71 377 698 76 230 19 738 527 580 779 544 609 581 226 663 433 46 727 199 866 515 262 267 924 983 371 229 269 273 826 232 918 884 662 524 729 247 288 654 662 63 713 883 710 944 626 488 219 846 729 868 251 303 872 769 743 402 129 823 588 974 7 844 86 245 938 163 923 488 611 54 173 23 39 273 35 576 815 242 285 643 851 459 428 775 143 801 382 733 501 387 284 7 272 607 3 825 14 172 349 806 598 894 552 370 496 377 600 148 665 227 125 495 397 730 801 89 276 435 703 255 732 997 256 406 254 414 751 960 965 595 538 29 437 965 279 980 599 88 158 186 651 780 211 441 264 701 933 418 713 677 397 700 290 193 908 459 621 20 868 482 818 462 818 582 53 134 70 717 536 857 968 755 723 728 779 551 783 628 478 473 33 481 651 81 178 640 230 993 927 365 662 562 710 741 960 816 706 428 174 763 516 137 813 69 651 108 906 703 956 559 841 681 436 420 364 774 615 739 461 549 818 198 507 821 156 737 398 875 541 706 639 434 799 762 77 31 686 884 607 216 555 219 724 381 240 242 809 820 820 495 850 875 768 221 894 362 433 548 251 209 532 149 405 522 954 806 755 426 974 747 272 153 922 51 826 7 37 660 653 349 313 636 382 714 45 630 91 181 20 990 60 539 333 555 892 637 257 368 664 444 192 304 738 234 821 238 573 213 23 400 115 773 505 55 188 217 244 416 380 10 684 847 94 321 726 129 129 800 681 849 964 775 931 190 586 459 871 267 377 649 116 906 308 795 468 863 928 174 405 131 410 166 268 150 340 240 317 84 95 103 939 204 295 734 410 358 382 864 600 206 259 374 398 314 105 715 770 108 750 134 268 635 749 984 360 654 798 812 888 440 694 883 183 738 352 394 926 395 186 501 472 297 761 592 862 320 294 12 833 116 874 238 822 342 894 742 703 884 27 243 303 259 916 847 644 157 98 453 282 247 617 40 332 170 905 276 668 603 125 647 518 629 133 772 258 53 563 96 612 773 824 191 315
301 377 811 488 831 81 987 348 714 590 255 948 637 890 705 780 936 792 488 114 365 245 269 279 1000 251 255 364 797 197 334 769 751 58 881 745 992 989 268 416 183 398 652 987 412 238 807 177 213 120 972 458 570 252 294 803 100 38 360 166 572 96 863 725 652 118 786 284 191 745 618 781 364 755 742 230 954 576 335 266 895 266 176 1 409 473 408 74 948 172 202 443 840 793 120 169 516 866 705 916 935 100 200 83 625 639 658 488 981 434 894 690 514 147 858 439 750 575 462 952 314 395 161 788 195 599 434 5 128 234 312 686 524 214 198 84 640 377 912 540 756 9 540 36 10 568 624 154 974 618 296 425 97 629 74 317 474 580 208 350 106 875 396 902 317 272 752 461 172 492 678 236 892 491 608 15 644 382 351 808 769 64 489 632 841 304 861 287 38 764 749 749 921 446 753 388 165 92 141 99 610 932 5 25 449 883 463 664 822 292 150 995 435 592 1 781 920 389 528 80 88 743 273 620 45 542 918 808 181 39 629 314 11 7 158 866 740 488 38 109 954 395 605 224 936 169 875 377 192 52 87 569 694 306 323 891 697 985 828 548 971 305 275 476 343 412 97 332 567 602 963 908 473 847 953 202 458 593 626 89 143 106 808 693 373 59 297 307 476 823 757 358 766 114 277 223 636 844 51 589 172 875 993 748 668 833 475 322 481 1 876 609 585 631 290 506 500 941 730 861 995 470 704 734 643 772 387 503 448 529 188 685 855 920 651 539 342 551 341 876 217 365 25 237 609 888 653 379 695 884 797 181 883 375 971 232 119 255 614 748 619 435 856 172 945 340 612 986 368 543 904 140 836 243 962 535 228 839 113 971 996 123 609 700 666 162 65 843 745 424 978 27 356 506 195 112 22 630 484 815 731 339 874 209 18 141 830 738 854 50 705 127 674 544 655 387 460 741 430 590 431 509 857 767 6 68 494 108 51 494 719 382 142 916 563 951 119 165 299 483 843 293 577 377 657 80 912 651 25 330 695 802 94 325 915 678 630 299 297 506 18 686 751 464 395 820 801 444 875 214 662 468 259 368 130 189 33 634 799 406 547 393 665 647 274 883 812 371 586 543 195 557 90 13 403 388 169 699 458 560
414 907 460 56 270 338 912 389 579 300 345 556 532 813 910 537 392 72 483 606 50 861 634 726 361 871 240 157 762 35 865 446 496 879 249 286 382 82 974 175 189 346 134 330 729 310 793 686 351 487 988 300 507 398 783 399 433 412 948 803 102 789 885 797 942 215 97 859 505 118 548 68 544 512 595 864 27 956 820 371 368 63 762 62 295 398 652 853 200 966 60 931 955 984 309 696 96 746 254 93 98 301 800 536 114 430 136 381 942 34 158 556 151 188 101 48 264 726 811 637 778 447 699 468 318 484 985 842 608 520 593 449 27 116 971 596 708 400 694 802 368 631 675 790 70 926 605 14 128 359 278 13 856 393 360 869 184 273 574 79 553 380 397 499 216 819 872 257 988 905 466 843 273 493 736 923 313 280 861 642 721 612 371 75 832 261 74 627 390 585 742 286 283 584 84 551 772 540 807 38 852 461 264 396 770 140 762 813 971 112 494 939 499 629 287 44 155 268 239 183 578 198 254 322 665 79 537 77 147 807 598 402 393 287 347 627 57 598 995 68 701 955 180 127 846 74 862 864 939 974 801 679 184 200 992 514 99 597 248 72 954 882 726 476 255 268 153 205 728 894 375 994 969 855 120 122 216 702 691 33 197 169 455 66 681 641 298 435 68 876 173 796 20 513 407 648 470 280 771 323 287 614 613 263 953 154 27 544 950 856 446 179 506 636 942 850 83 190 362 754 91 518 755 248 165 418 404 896 760 137 505 53 677 439 916 101 673 198 903 328 539 161 131 171 25 807 229 472 69 901 484 573 623 420 257 496 634 30 662 259 715 304 887 223 152 766 879 39 84 521 17 217 182 676 392 908 866 895 552 12 488 449 476 149 934 704 353 460 706 313 606 997 888 253 202 876 741 894 746 433 452 851 887 771 72 348 716 362 39 406 385 803 492 61 131 998 72 891 930 334 761 913 242 178 337 895 88 556 560 632 473 946 205 536 155 926 437 422 106 406 108 252 863 627 516 504 289 348 512 365 790 987 638 366 831 157 99 626 818 482 3 144 834 89 833 692 405 680 136 463 88 13 940 714 506 839 731 78 919 766 557 830 885 4 150 681 204 205 143 556 407 351 15 56 743 769 796 441 711 458
307 79 166 676 780 300 441 877 228 276 591 76 607 553 911 429 111 167 762 157 864 126 518 29 68 408 288 67 119 833 973 585 425 457 625 560 475 880 961 751 410 670 156 393 347 333 864 752 521 791 412 376 492 56 29 97 156 454 484 74 220 947 103 626 24 716 871 874 175 487 371 810 544 544 219 302 351 689 213 691 290 310 541 705 805 184 506 138 263 997 26 952 850 673 115 559 238 59 439 877 651 978 551 276 775 723 624 114 969 544 964 403 369 683 423 652 688 421 753 579 460 867 636 177 774 757 224 893 797 997 375 341 436 639 133 776 87 234 952 914 69 911 288 659 674 411 582 653 541 893 642 102 178 480 220 23 116 187 988 793 279 50 147 645 344 907 552 585 450 526 694 744 659 670 518 61 691 432 611 784 144 177 920 259 218 8 887 124 543 87 302 276 998 206 299 582 177 113 652 974 867 499 355 307 227 401 532 943 420 871 508 737 527 44 64 536 316 295 757 725 641 347 648 631 432 448 854 383 179 79 918 593 900 601 36 857 292 524 614 851 573 518 639 998 592 289 63 842 571 449 927 644 818 772 494 352 527 69 512 438 537 622 831 902 608 646 374 107 448 18 382 780 799 901 761 411 191 271 554 422 139 733 44 300 781 94 416 380 910 179 659 908 53 614 478 92 470 115 958 127 740 60 742 852 633 75 31 213 345 442 208 104 58 247 541 731 389 184 186 465 52 612 381 748 872 812 509 861 34 686 861 916 284 102 14 263 860 668 336 202 600 962 534 65 578 320 464 378 296 604 115 647 902 260 864 648 551 484 345 738 108 55 45 867 870 704 582 552 761 550 296 80 583 762 527 952 678 876 134 780 368 59 603 854 493 45 756 776 395 917 270 832 791 504 461 866 308 503 734 992 114 699 665 968 486 643 474 431 910 277 800 300 447 578 281 867 126 420 822 824 187 809 801 839 195 455 244 749 808 558 220 283 435 683 549 939 574 287 404 190 805 899 732 46 221 793 826 539 189 331 504 235 741 164 649 15 177 682 896 410 898 698 126 967 50 452 826 279 994 261 672 487 495 393 89 742 627 3 295 12 350 581 44 391 272 757 272 185 254 784 732 13 8 671 890 574 651 149 983 931
259 878 501 811 755 323 588 255 606 143 330 508 974 310 412 349 306 336 232 416 330 705 331 904 420 255 598 918 798 313 749 997 626 307 427 960 27 243 533 872 1 444 258 189 653 337 528 991 618 881 142 320 718 832 180 551 821 861 1 597 204 915 394 780 723 26 568 383 664 734 697 415 36 355 606 752 300 163 452 639 276 628 278 244 574 254 970 885 415 995 113 586 563 313 508 994 819 80 593 789 807 123 569 775 513 553 875 88 92 744 438 724 190 940 585 430 665 501 776 293 597 325 923 499 215 998 224 981 642 344 914 347 564 643 722 24 192 359 22 895 545 115 939 566 504 600 684 465 793 6 194 414 436 642 667 818 403 290 934 290 406 642 475 885 760 836 61 804 187 381 745 915 304 290 55 882 563 333 37 486 793 222 691 551 463 591 802 644 511 778 67 993 516 982 29 485 640 911 206 759 576 429 400 396 977 799 735 485 739 261 114 733 808 444 204 1 729 326 656 481 388 745 714 610 891 521 441 631 371 210 730 6 700 14 917 654 573 794 51 567 770 961 41 426 258 506 368 304 651 707 946 542 370 722 29 384 783 704 450 408 425 31 930 25 659 79 208 295 486 118 320 538 765 341 33 740 562 815 187 373 57 420 516 364 678 299 656 837 550 51 11 339 576 828 271 440 257 733 607 612 398 736 987 17 841 573 928 546 31 79 740 74 632 601 126 354 120 459 776 345 700 373 203 44 4 709 383 427 138 647 254 799 664 784 948 835 635 710 368 658 298 684 386 136 922 558 634 77 558 336 392 127 545 605 64 182 177 738 989 46 440 171 982 206 836 241 152 528 483 304 582 784 641 879 330 405 23 52 291 842 886 149 402 679 231 561 446 118 673 620 493 836 261 207 933 566 84 167 518 670 430 638 772 187 430 798 32 369 85 789 814 402 63 811 335 730 379 650 244 890 539 409 792 694 637 381 75 573 492 447 699 605 604 111 567 297 663 683 413 906 581 486 150 25 868 175 365 559 887 903 9 735 453 847 418 632 571 427 569 294 534 187 300 214 702 725 205 304 646 888 993 774 560 373 489 240 402 822 383 667 280 744 346 85 764 569 259 668 834 451 776 512 725 504 969 629 587 946 319 355
816 147 778 896 450 288 170 31 322 687 257 579 757 773 766 62 161 499 238 909 304 648 273 687 520 977 879 32 483 823 502 198 899 195 209 48 964 47 931 739 398 774 74 899 55 9 449 945 198 648 775 295 375 708 968 321 879 504 849 498 856 659 384 549 701 972 397 998 729 725 197 172 216 997 12 853 159 219 561 100 76 630 369 130 659 392 302 709 220 415 874 562 871 439 830 737 660 999 162 108 859 216 273 652 600 442 277 357 462 225 209 933 587 143 180 416 773 736 705 397 913 586 625 329 412 815 245 550 628 583 826 262 493 288 433 812 972 361 976 816 914 370 995 732 181 704 13 140 226 847 493 750 158 246 767 703 235 493 362 888 516 511 73 88 754 100 780 187 379 654 664 896 594 126 440 99 613 518 964 146 828 634 373 509 136 577 307 513 579 779 247 82 743 51 749 419 513 756 144 294 5 201 885 1 34 115 399 499 772 337 310 71 976 347 54 788 366 768 160 29 641 867 559 839 973 100 311 464 807 397 769 676 971 260 609 213 913 261 491 294 513 30 998 529 378 194 185 848 690 949 367 831 108 510 979 660 503 652 466 280 742 700 441 163 103 321 209 173 919 458 25 37 907 354 382 572 231 790 362 166 680 916 913 579 140 439 496 218 444 143 44 667 344 125 501 374 18 596 55 770 602 472 275 186 23 437 456 167 995 255 130 890 806 660 484 384 812 649 542 926 723 152 821 130 945 786 316 772 571 26 270 455 926 822 823 630 303 709 63 64 147 794 384 99 371 149 700 751 192 266 854 455 124 816 940 356 875 601 800 612 202 466 572 131 664 807 420 354 925 640 554 749 418 484 297 710 76 964 123 809 186 155 561 176 247 918 804 814 425 218 913 600 103 189 80 766 838 790 137 746 554 372 484 531 650 368 444 268 241 624 759 413 220 707 375 113 855 629 137 245 556 640 282 187 502 335 680 117 118 518 812 358 486 737 934 926 754 106 675 28 631 505 288 828 539 667 639 173 465 776 298 469 741 946 1000 763 139 902 578 226 877 930 302 514 634 274 264 961 851 675 783 307 376 895 989 934 357 466 642 263 645 479 253 441 469 264 43 175 982 999 978 509 360 418 366 207 862 119 181 548
631 126 224 853 545 747 763 767 90 322 994 731 121 792 739 635 894 775 805 837 199 551 279 880 153 403 903 177 489 301 533 706 318 695 400 394 262 734 50 988 762 207 200 234 206 337 58 371 649 527 277 564 227 488 35 57 458 647 426 364 540 965 243 57 784 130 769 793 604 907 857 963 52 855 845 65 361 71 214 364 239 808 250 366 671 841 671 769 287 930 724 779 754 233 249 151 59 359 504 459 420 861 62 301 539 136 118 682 208 787 957 777 217 578 543 376 429 198 233 916 885 151 990 324 44 703 521 243 420 271 10 423 477 4 186 578 78 120 503 500 350 214 920 787 534 754 4 694 728 993 978 966 26 599 357 549 582 713 543 215 537 233 977 921 603 966 591 831 646 626 168 277 880 653 340 180 723 180 701 216 290 685 208 799 993 13 97 52 57 868 271 775 624 70 219 935 721 897 719 965 297 907 440 43 58 904 936 548 971 752 560 956 740 995 190 824 554 455 671 918 728 62 25 955 489 188 76 381 350 105 201 852 124 38 536 587 464 796 778 158 305 631 659 96 667 224 742 931 87 515 325 14 569 40 844 555 283 927 288 88 291 231 478 19 889 759 551 529 243 404 545 376 217 228 461 268 258 769 887 700 798 882 177 728 827 356 429 816 694 406 358 565 580 725 80 247 526 979 589 407 97 672 48 478 569 13 135 837 859 698 868 20 652 212 166 387 876 407 156 519 144 825 259 100 271 155 491 53 344 303 276 232 228 150 165 596 929 478 877 88 923 178 542 805 856 145 134 270 816 248 250 274 693 628 238 145 820 837 67 565 313 217 73 812 686 9 47 889 493 599 353 355 247 903 113 688 601 838 260 730 277 325 391 665 158 474 901 622 466 454 486 161 693 532 753 906 67 883 178 320 457 334 211 791 745 17 424 311 783 712 120 689 643 118 94 459 463 617 152 175 724 572 831 389 904 300 692 444 362 987 561 974 672 165 546 249 867 654 698 309 934 427 932 310 811 86 777 86 627 123 181 123 454 437 771 619 38 210 308 137 448 841 594 793 244 924 913 924 882 878 527 711 755 401 519 62 910 180 223 420 529 602 615 734 288 9 596 87 479 567 733 808 254 542 118 786 651 886 312 202
170 110 319 158 723 599 221 26 571 710 384 488 557 431 15 769 278 998 188 652 700 593 686 343 962 7 218 362 538 305 434 137 410 840 114 868 102 178 521 908 7 508 550 751 435 107 357 250 135 87 281 417 446 710 311 145 463 819 678 364 960 385 572 210 724 937 484 818 206 907 429 919 462 398 827 647 275 257 71 169 559 872 24 740 652 277 599 260 978 923 388 504 873 462 64 331 429 909 783 569 540 508 876 916 817 57 249 280 998 860 265 214 326 859 746 515 334 394 84 110 614 403 756 952 404 368 908 706 718 690 484 453 17 550 398 412 967 292 985 406 327 389 367 236 863 628 728 445 171 361 844 414 80 880 499 270 883 624 220 819 393 936 870 22 335 527 221 852 74 259 476 666 61 547 927 108 233 636 458 194 24 354 884 785 96 428 368 548 115 238 109 690 903 622 25 391 757 841 740 339 470 155 758 163 796 73 898 377 602 419 859 180 377 373 287 319 682 545 929 239 110 995 195 255 855 264 616 86 610 522 134 937 767 744 266 340 908 936 501 774 598 804 24 526 861 313 569 83 269 368 159 882 991 862 690 606 442 66 474 863 766 401 119 920 565 531 411 889 514 315 714 463 626 145 283 308 424 399 367 653 495 468 816 183 339 350 820 338 520 971 153 806 153 376 500 324 708 545 24 800 996 665 497 842 814 867 159 91 94 44 525 505 446 445 393 210 801 281 347 537 765 889 449 273 338 573 342 180 6 231 972 585 407 556 639 64 566 778 155 112 723 403 184 922 7 24 342 346 374 823 43 939 745 764 454 25 341 866 450 455 986 456 224 906 57 965 917 654 430 830 344 832 247 338 999 405 4 694 711 879 518 550 285 275 902 19 593 203 826 483 147 298 789 277 155 443 78 247 206 17 318 543 982 882 800 83 678 991 793 463 182 603 502 458 411 13 809 552 467 979 809 596 569 966 23 528 897 902 305 211 227 537 882 732 494 325 351 90 90 354 366 701 68 40 733 47 618 38 486 561 437 328 293 785 789 278 610 118 855 980 301 69 365 564 608 274 658 252 719 904 121 542 402 524 458 197 639 382 183 304 331 4 989 26 738 505 995 315 277 693 898 681 72 951 598 464 400 999 961 979
920 535 236 918 36 849 83 79 714 906 925 401 63 30 70 273 178 147 85 661 144 992 586 24 75 299 567 89 94 694 309 231 221 285 658 247 466 735 502 322 670 737 999 642 240 852 561 932 262 661 367 262 736 201 126 2 500 602 965 230 678 64 687 242 386 419 663 906 928 599 639 305 170 912 203 498 572 832 772 171 760 611 259 761 206 232 335 351 475 872 932 394 11 373 901 166 323 816 700 620 574 452 932 60 150 674 671 132 137 19 576 556 470 360 512 294 406 260 468 369 187 595 310 860 721 920 982 132 752 34 332 710 25 975 170 408 202 679 926 898 16 46 548 958 688 133 981 2 916 674 476 483 990 237 114 30 446 678 809 827 860 453 890 257 805 785 270 553 285 875 801 315 637 275 610 203 565 704 79 377 2 820 639 458 327 152 649 871 168 6 950 67 931 403 469 526 955 485 774 640 890 260 960 178 248 462 901 952 907 431 598 806 278 439 411 107 29 962 226 627 904 196 699 450 333 200 899 229 22 705 988 153 29 894 810 154 30 334 790 490 737 915 670 698 630 57 103 737 677 576 942 757 352 707 845 525 315 68 164 518 876 424 187 306 987 240 812 749 718 226 248 283 894 163 906 804 847 24 353 443 140 717 628 686 783 497 553 550 791 551 457 434 96 660 910 295 993 187 411 315 982 987 99 51 157 70 218 422 552 930 805 202 921 954 434 661 787 544 78 897 558 402 239 363 667 972 275 370 165 814 14 780 826 486 677 649 278 598 998 717 695 740 523 684 346 504 609 594 528 810 471 651 206 950 724 619 879 726 871 235 258 33 203 313 333 127 316 298 616 994 133 775 997 4 587 676 432 907 731 943 638 971 722 441 607 53 936 315 449 319 374 960 291 881 811 184 14 456 819 578 325 269 541 113 541 494 636 79 521 756 744 553 437 400 670 124 25 964 612 840 657 175 358 842 963 902 682 853 829 765 299 895 529 547 895 54 436 777 473 813 415 24 442 816 276 79 306 623 90 956 85 678 169 458 815 629 722 917 631 158 232 116 999 639 236 33 668 345 188 239 60 837 200 4 614 958 293 988 703 568 693 646 473 232 993 377 680 858 515 736 135 957 864 314 92 911 937 296 82 134
963 265 865 291 916 423 580 913 998 477 601 466 143 767 492 227 395 331 146 285 549 981 351 722 34 976 80 418 557 872 343 626 535 173 965 508 898 344 900 193 530 470 144 934 396 865 858 211 678 508 142 947 990 777 696 823 170 129 343 138 158 202 660 794 309 861 489 957 339 838 954 770 709 947 39 284 28 447 780 323 998 16 958 983 304 698 899 716 844 449 961 680 674 751 597 34 823 954 183 971 205 743 193 979 763 631 528 106 591 757 61 923 721 651 639 462 107 263 705 479 405 137 580 837 505 830 675 970 891 616 302 474 800 867 445 750 725 721 266 105 235 313 674 361 439 847 686 661 223 320 650 945 940 462 13 527 289 620 550 210 963 485 265 384 308 346 70 373 330 701 429 690 33 750 130 644 280 533 837 789 968 543 899 731 789 733 821 630 679 932 252 425 604 378 823 8 733 479 336 663 435 247 861 121 19 891 80 766 888 192 416 565 828 721 140 533 864 561 344 388 890 948 199 83 29 706 950 466 43 145 696 875 262 830 22 490 484 813 317 181 363 137 221 307 233 581 342 21 652 317 702 550 196 199 825 524 439 555 1000 947 128 705 24 683 750 723 355 677 547 874 631 764 339 951 715 95 904 671 440 403 684 523 556 493 78 251 519 529 392 82 29 572 572 583 147 73 322 374 348 568 639 393 351 246 970 986 448 673 421 340 518 341 811 367 322 541 649 532 667 801 365 204 194 61 31 932 91 803 802 615 505 132 760 119 859 744 129 899 501 277 601 1 714 110 251 329 255 797 934 216 139 443 64 635 852 715 146 227 18 912 951 55 520 418 345 854 867 273 942 396 988 25 216 157 425 469 348 533 787 502 161 831 453 996 382 27 840 729 744 132 964 646 685 266 303 774 326 14 378 291 295 863 455 843 205 408 260 515 813 153 33 14 738 590 942 686 778 449 158 375 567 985 203 388 151 508 226 45 680 865 625 293 117 883 836 828 983 821 168 84 21 796 569 952 596 669 865 467 342 154 619 601 878 174 865 3 836 517 43 128 580 953 125 832 392 43 172 234 179 586 957 728 819 66 714 532 926 785 14 970 800 166 246 800 879 352 163 108 959 896 362 57 272 178 941 971 378 635 71 848
112 568 486 72 590 295 697 413 476 975 324 485 242 776 444 312 933 870 522 186 937 488 519 609 584 71 835 973 81 984 491 137 974 681 379 109 246 357 672 433 101 338 207 112 949 781 564 407 58 108 313 58 514 736 195 520 892 723 607 627 391 539 532 641 942 507 877 671 190 332 422 988 20 495 344 695 78 485 293 829 235 389 828 860 204 17 505 613 232 794 376 117 452 551 605 996 710 100 856 674 262 820 904 957 116 260 609 66 751 819 958 794 518 791 414 880 1 689 778 136 980 519 778 201 315 561 977 173 154 851 662 414 117 837 999 138 192 788 898 201 140 347 865 796 441 990 167 636 333 778 742 120 740 131 885 836 383 145 868 929 820 141 409 808 134 970 332 534 775 673 228 114 648 902 520 862 663 839 294 844 269 640 461 380 454 601 9 257 194 169 805 232 121 287 588 702 797 838 632 568 480 522 237 844 358 289 677 531 935 443 572 508 676 793 67 278 470 774 860 958 747 588 101 633 202 836 644 121 126 30 533 443 534 426 267 98 203 68 474 534 2 268 433 179 773 527 573 228 209 274 606 393 967 832 882 745 858 984 700 275 534 388 870 967 373 335 892 411 157 437 762 195 370 171 677 580 677 796 427 254 535 678 601 813 301 476 988 934 436 268 72 703 1000 750 66 52 342 977 6 915 284 759 881 541 503 138 668 192 908 765 343 594 412 386 205 872 513 586 910 722 87 298 992 669 501 539 106 933 410 858 423 453 310 49 839 60 34 838 643 452 401 201 259 734 353 940 891 438 724 876 684 512 174 830 647 138 442 748 840 563 181 6 89 791 850 293 1 215 209 305 64 965 682 870 403 200 536 36 782 239 117 347 769 836 303 786 692 185 665 184 706 68 622 967 645 553 191 940 946 22 448 609 187 319 319 957 395 6 612 816 6 378 611 190 451 255 735 684 458 100 741 842 193 187 803 813 428 78 787 283 362 808 427 233 393 792 1000 285 640 843 397 143 651 900 53 982 544 889 91 136 417 855 173 816 337 380 428 601 87 275 609 897 463 901 94 732 292 800 937 277 363 261 302 991 282 400 693 169 310 946 107 221 333 851 744 422 927 323 309 197 100 640 202 267 133 734 571 142 371 484
541 119 77 564 86 131 586 381 751 470 348 853 407 172 485 861 916 432 43 6 318 318 756 223 906 286 89 740 588 248 551 694 634 410 855 715 643 799 512 980 355 870 270 918 747 676 681 403 933 47 760 923 67 163 233 461 748 45 544 300 20 813 658 510 343 773 57 943 145 637 517 502 449 160 596 816 918 835 758 158 497 7 12 22 216 223 188 178 221 402 992 478 117 817 806 633 868 296 507 940 498 670 47 819 26 161 255 793 148 713 421 772 781 689 650 294 743 416 712 258 704 577 60 416 362 633 144 511 433 608 942 13 403 485 180 31 699 320 268 212 957 487 629 245 776 630 926 337 474 503 267 549 926 126 910 643 101 784 828 95 263 437 123 944 734 414 85 381 870 153 184 543 479 380 27 397 442 791 49 226 750 198 115 63 755 304 846 693 303 26 318 251 908 649 845 420 413 195 329 284 123 652 242 750 346 971 318 223 188 573 331 608 330 305 17 586 627 768 980 205 144 566 941 207 32 64 893 526 139 118 216 803 662 757 513 599 574 953 854 962 697 145 254 822 450 391 5 498 761 971 15 552 850 648 647 805 611 169 759 602 595 637 819 187 415 840 863 212 287 317 58 790 55 498 266 169 815 61 415 363 525 573 214 243 926 612 263 316 125 713 320 224 427 481 492 344 157 94 990 742 508 17 928 294 639 679 540 795 925 706 958 930 160 661 239 781 425 796 825 162 809 680 657 925 438 737 802 746 401 309 640 884 992 724 269 677 964 283 550 571 916 481 806 142 52 505 882 4 667 828 507 619 477 686 19 602 714 89 69 528 589 598 703 547 21 526 720 187 816 944 969 774 772 376 565 5 667 86 97 761 624 176 301 150 214 18 665 204 769 625 432 61 931 328 547 154 670 436 596 651 753 531 832 453 555 804 26 383 192 486 51 504 852 403 800 132 440 621 872 989 404 649 881 883 288 719 541 181 520 561 364 325 677 665 135 473 302 339 542 315 800 304 276 275 506 956 463 895 941 6 457 373 642 944 911 414 847 416 612 582 371 865 256 469 409 595 363 15 508 352 331 656 102 67 159 341 791 367 330 925 86 434 50 746 304 617 654 960 292 353 340 818 582 984 210 523 746 59 259 833
499 349 513 275 708 753 997 212 544 523 664 676 189 735 611 28 308 333 37 973 611 996 359 132 865 347 73 656 794 244 215 810 441 465 458 901 709 313 929 973 10 972 644 46 29 249 668 750 843 100 361 843 72 698 811 558 101 993 858 474 551 47 887 570 18 785 718 93 123 516 382 86 546 649 751 507 690 848 191 633 259 223 507 733 820 957 76 509 382 20 903 575 533 916 555 333 408 412 238 1 282 508 176 150 175 874 139 84 973 823 284 854 19 433 444 234 987 886 800 745 494 72 635 70 223 601 525 267 195 844 709 956 203 612 982 424 402 546 744 393 437 378 800 639 315 512 237 938 228 351 835 318 32 667 853 238 47 706 699 930 900 129 942 110 289 823 63 916 786 268 228 138 489 593 299 374 947 71 522 347 570 462 374 10 874 16 170 78 287 719 306 748 251 749 163 296 12 193 194 655 673 658 143 514 433 282 309 327 520 564 245 136 207 438 820 856 658 165 624 421 936 542 71 292 106 984 191 988 167 286 764 996 946 464 534 8 144 912 462 812 931 871 946 23 378 444 898 717 744 834 613 535 748 627 32 435 833 506 518 600 157 715 514 158 705 854 784 523 79 126 4 622 775 425 259 73 996 614 731 482 787 981 807 616 309 169 570 701 385 986 915 502 191 264 939 826 425 923 531 180 938 285 482 11 394 301 454 476 207 92 64 231 144 950 794 752 69 553 298 767 612 416 465 749 832 884 274 394 981 168 242 804 653 942 113 629 484 651 16 517 736 482 933 883 399 486 31 524 558 890 276 215 242 420 109 802 931 768 880 500 7 655 563 938 38 761 219 37 32 152 317 747 353 314 161 94 565 345 161 861 671 162 170 69 687 693 828 893 925 22 424 865 178 380 96 178 540 764 117 360 890 527 982 73 406 327 505 241 652 689 704 968 52 849 156 333 490 576 799 497 770 522 3 6 629 658 816 145 206 540 540 278 659 23 778 816 342 827 916 45 106 622 641 968 481 997 634 482 399 765 357 982 168 773 502 343 712 295 540 182 253 34 198 805 633 290 50 762 339 382 235 129 431 761 707 387 674 879 968 974 683 525 544 395 834 878 921 321 201 979 768 500 673 83 957 614 209 791 375 196
985 130 998 248 917 665 772 467 624 365 79 464 751 833 504 587 612 14 912 630 820 483 110 346 510 60 265 945 358 240 633 719 818 773 712 742 386 439 479 947 964 772 435 158 181 128 869 879 862 105 66 178 655 675 207 90 566 151 858 574 984 982 238 506 519 115 762 548 660 418 725 979 668 480 955 28 952 235 541 863 972 195 873 987 521 383 804 771 669 116 625 534 327 236 221 973 578 352 377 435 82 940 332 724 847 382 764 95 184 798 224 198 446 759 877 560 379 372 133 227 894 987 592 437 903 395 4 439 340 378 917 664 445 667 521 145 326 752 100 965 590 873 499 191 210 6 591 565 927 109 239 858 60 745 446 707 43 321 589 80 590 250 711 234 727 537 102 396 69 511 539 357 462 94 356 773 461 934 552 702 19 883 188 110 344 519 282 272 128 316 865 504 553 267 594 225 720 282 305 193 72 919 250 526 616 462 739 226 413 920 473 662 349 846 720 708 438 897 602 817 901 208 844 542 316 867 8 116 801 346 646 698 70 343 145 684 551 900 660 557 177 653 811 600 304 800 438 278 671 928 60 564 929 22 779 378 102 782 657 384 182 244 934 361 768 825 820 168 927 466 91 719 579 677 429 522 415 146 499 122 622 920 351 208 898 856 616 59 505 314 472 159 126 652 51 112 157 752 409 465 817 164 692 385 946 449 819 522 732 901 613 324 429 554 446 11 13 857 39 96 209 871 757 974 139 90 297 499 840 942 467 598 100 43 58 743 776 470 751 726 747 566 374 139 1 236 609 938 994 476 712 430 801 123 49 896 325 446 432 802 566 965 874 200 514 382 671 477 964 652 330 517 420 843 156 33 405 351 902 261 735 381 625 705 57 554 157 139 690 952 262 343 408 770 294 613 434 341 25 392 458 265 625 533 84 835 16 227 750 560 899 896 176 189 532 792 970 509 637 494 402 409 922 75 869 160 241 974 390 5 903 748 328 851 314 756 221 426 634 863 529 116 462 180 174 228 119 482 710 297 851 281 38 544 706 243 342 238 775 125 43 146 89 251 303 961 985 185 398 349 892 815 346 866 135 282 209 969 220 186 168 934 108 698 157 203 418 112 97 621 928 666 599 461 8 827 814 751 20 647
746 671 813 499 254 195 476 154 912 484 243 648 487 776 428 905 853 184 109 690 499 707 450 145 484 212 358 952 461 11 560 536 757 573 193 982 326 435 621 370 364 53 821 490 643 225 66 713 645 971 759 441 792 626 594 181 323 489 637 610 444 941 280 170 838 757 12 467 170 961 385 701 904 211 545 298 458 201 154 43 907 762 855 208 971 19 220 76 507 808 174 509 771 413 95 766 458 549 82 285 768 314 557 565 152 856 517 663 449 229 659 897 812 963 329 788 482 591 865 800 240 411 736 152 753 593 962 309 399 604 109 467 706 111 12 345 891 862 397 358 621 15 38 464 490 616 897 144 762 644 999 958 689 710 853 978 483 742 330 339 913 857 539 185 982 865 575 674 648 546 523 492 315 744 562 436 405 95 629 834 879 181 511 421 189 417 338 607 183 999 118 939 72 650 105 10 289 36 629 678 973 341 979 619 624 979 411 509 669 879 516 963 492 126 704 407 454 262 709 104 792 133 933 155 808 317 940 7 792 3 610 993 287 298 290 23 754 230 79 431 656 387 581 972 552 36 181 62 327 814 182 843 464 94 122 601 503 48 733 841 823 828 693 258 976 164 332 750 48 376 116 472 649 57 455 746 575 307 533 116 260 593 11 905 821 449 356 455 243 524 994 86 324 831 534 551 498 897 652 74 691 712 806 249 361 851 205 659 553 118 543 919 239 199 456 51 353 169 687 356 982 502 175 366 996 201 616 743 926 341 510 354 722 129 579 571 194 243 327 603 76 677 958 877 749 144 937 615 421 74 593 431 128 185 111 830 963 128 907 334 88 149 191 585 999 568 699 206 995 448 652 335 470 84 284 321 549 776 864 320 561 270 905 232 981 645 737 745 413 791 2 732 920 111 716 103 998 126 663 295 466 665 343 873 861 365 297 668 630 494 772 520 598 987 843 983 589 534 695 743 549 126 140 393 891 417 23 331 182 690 788 432 380 402 856 591 829 322 629 339 917 591 527 768 934 870 823 405 288 889 570 219 403 527 548 59 346 807 496 629 391 724 630 406 191 42 34 157 481 83 595 191 429 182 949 266 329 616 314 316 863 624 788 869 826 984 243 34 803 910 693 65 639 686 270 290 887 640 146 966
941 707 819 48 146 323 443 270 13 139 673 569 692 255 631 779 440 761 873 541 968 21 878 380 581 322 214 414 155 202 129 810 46 47 771 404 124 550 496 656 832 338 298 182 74 494 841 941 136 502 573 603 672 205 132 55 954 272 881 718 272 371 379 951 14 385 773 771 244 321 936 440 263 410 650 366 267 305 470 607 250 633 463 948 984 711 753 112 50 765 927 1000 413 219 224 999 3 492 206 468 201 876 832 591 571 593 134 105 815 699 858 696 858 9 64 716 82 743 238 130 75 789 405 853 905 180 728 73 519 486 879 281 283 326 177 473 316 158 114 774 212 129 431 291 884 846 124 69 875 47 139 209 344 555 591 788 430 66 465 744 587 551 280 513 476 906 385 195 835 462 301 824 163 602 709 8 373 28 568 188 717 973 575 182 272 261 397 286 859 221 145 594 37 371 127 353 638 106 773 773 563 213 185 50 785 2 887 437 357 360 553 907 305 361 418 550 785 692 569 956 909 874 104 525 357 187 549 549 216 595 876 989 995 313 588 465 793 402 178 785 244 887 154 220 974 542 155 203 35 155 205 240 339 106 769 322 517 767 842 493 834 809 652 8 850 21 393 656 934 418 714 232 225 921 898 500 502 60 734 670 81 250 581 453 507 376 493 771 840 705 31 145 644 634 621 176 959 518 470 216 35 503 160 217 258 714 218 198 613 979 892 746 12 187 447 399 52 870 160 139 792 243 70 30 894 180 952 806 886 352 575 393 125 312 310 917 203 140 100 304 155 604 161 788 581 970 255 452 955 621 920 291 562 733 323 780 756 348 854 709 643 29 590 999 565 798 804 748 660 673 436 705 462 931 536 65 259 96 49 951 517 494 97 897 344 726 163 218 880 688 825 608 430 739 264 834 269 3 89 262 797 904 273 705 921 602 972 294 306 554 39 200 534 567 284 241 8 662 496 610 204 202 800 375 364 452 254 527 33 487 75 667 473 570 271 474 480 55 813 81 158 991 543 660 624 264 49 967 875 294 195 165 401 708 57 586 912 521 548 204 717 997 265 457 770 651 983 610 777 690 7 175 501 987 408 208 322 574 830 958 423 639 184 906 89 638 115 125 997 900 703 167 520 95 401 722 395 481 600 491
490 158 680 206 239 646 440 649 745 104 55 893 959 707 779 596 477 540 812 106 734 823 6 861 227 279 230 923 2 126 402 761 587 531 696 358 187 457 183 410 712 434 904 77 987 720 391 955 877 231 844 134 563 452 491 644 328 580 95 698 835 513 422 595 659 666 600 157 789 834 405 419 403 402 301 842 141 177 645 129 845 486 106 513 593 456 269 129 837 907 935 237 248 359 135 201 647 133 981 437 256 478 793 494 210 86 163 782 110 820 53 570 12 208 234 764 5 381 508 644 787 15 10 476 512 420 372 155 314 134 117 440 724 875 919 477 481 985 780 174 51 430 9 145 416 617 994 885 258 948 366 492 485 85 573 718 460 519 118 240 829 622 950 59 919 842 862 93 79 68 270 389 709 277 637 707 582 993 404 393 358 206 273 496 140 744 124 303 243 281 373 772 11 700 297 220 362 216 67 526 498 427 5 298 985 140 658 456 465 991 400 888 295 461 187 750 227 114 484 730 513 455 464 157 292 539 800 836 670 486 312 642 974 924 898 566 915 197 192 525 104 610 746 331 209 745 674 950 137 224 195 956 129 431 726 750 850 888 732 181 189 568 649 58 34 95 860 986 267 542 320 900 270 904 119 686 323 371 937 593 736 120 283 379 642 760 724 972 96 581 843 905 752 1 681 127 485 636 88 580 307 550 350 242 151 807 767 615 661 303 433 278 157 961 211 951 938 12 726 136 664 426 501 550 36 94 432 658 794 443 232 444 842 641 46 793 569 557 274 663 419 215 900 575 828 247 180 513 214 68 115 435 977 673 223 622 398 639 899 802 975 460 989 510 952 282 915 162 596 512 534 547 548 713 991 422 188 728 693 875 67 450 459 30 205 897 304 357 564 483 57 911 531 672 769 590 272 609 281 85 609 475 501 853 565 102 445 958 271 20 838 379 112 878 990 516 249 86 624 390 344 757 641 80 361 69 972 912 476 981 96 627 859 617 937 199 780 709 177 165 134 965 989 344 447 986 232 841 843 804 99 161 875 775 523 59 300 900 248 159 364 186 393 137 33 668 659 594 171 644 629 454 946 687 399 751 396 722 672 356 318 287 914 732 952 74 855 266 266 572 651 220 112 781 873 552 80 306 550 606
78 363 6 386 157 107 575 112 553 299 136 678 148 884 839 390 281 119 933 754 425 769 17 477 195 994 492 597 391 211 953 601 692 463 541 583 669 321 440 621 194 79 823 267 55 632 681 792 368 681 377 582 344 872 238 571 104 218 369 500 989 436 377 599 530 847 265 592 418 54 161 801 886 460 452 813 857 631 551 634 297 389 158 629 66 154 125 20 813 703 673 790 786 527 566 237 26 456 869 16 489 181 144 627 460 777 731 662 26 340 316 80 201 767 1000 611 337 163 287 431 811 40 742 383 92 169 274 299 489 159 115 180 918 238 972 305 254 328 301 177 398 824 461 937 880 597 429 158 386 622 364 518 733 203 435 930 985 411 441 940 72 627 717 227 882 66 540 162 733 981 911 969 280 531 266 204 624 389 632 810 517 751 534 843 150 251 630 971 978 700 729 257 601 645 770 689 5 924 688 818 582 823 718 269 477 140 4 113 205 908 54 579 374 901 846 935 751 249 795 19 346 707 531 269 406 800 376 433 463 491 886 733 184 831 859 424 112 190 601 347 154 353 386 886 771 370 862 992 435 193 909 766 669 770 60 28 490 372 102 138 585 860 658 176 666 473 258 381 190 724 281 571 740 602 955 688 951 990 99 917 250 600 336 655 467 364 762 768 283 234 802 651 867 131 536 467 766 663 942 996 498 178 879 786 314 668 40 478 798 204 498 704 870 68 361 436 306 24 452 764 922 369 285 511 378 845 870 68 623 577 744 897 897 599 393 691 294 583 466 710 491 773 490 634 512 749 503 688 571 525 741 91 850 941 67 878 836 771 267 413 200 827 905 375 85 506 328 971 446 368 769 726 388 789 431 151 581 522 666 172 472 166 775 634 791 313 833 460 39 532 201 490 895 360 789 489 32 866 292 310 174 671 953 623 731 206 724 891 762 440 267 147 760 203 774 983 157 624 714 19 503 451 518 596 146 383 97 404 319 714 374 118 93 629 41 862 716 832 131 476 418 832 662 644 795 843 824 798 658 698 603 793 638 627 925 981 391 190 208 159 81 528 520 596 98 71 103 82 367 283 128 876 340 978 6 796 19 514 955 138 930 354 213 656 200 161 503 960 140 357 37 872 402 270 262 737 887 77 797 790
294 904 705 854 273 974 235 842 89 567 754 12 583 770 255 470 700 991 411 279 667 501 463 985 991 405 197 216 482 164 747 111 439 832 940 593 245 310 282 418 917 846 667 133 590 878 607 304 585 860 483 389 392 801 527 128 243 707 376 179 549 683 78 305 378 847 326 931 438 403 249 52 798 97 351 36 392 628 567 590 622 132 969 331 483 575 908 641 585 67 821 585 65 290 458 203 217 814 146 719 732 972 286 894 234 422 414 62 807 48 204 993 942 764 518 503 7 39 342 167 160 291 144 409 323 409 613 34 674 780 922 838 160 958 149 957 72 284 559 125 108 558 543 653 244 697 264 372 124 726 54 328 363 259 395 441 768 337 878 255 506 518 538 342 354 820 322 687 164 273 482 536 977 109 904 454 348 530 633 200 934 848 976 775 830 902 718 416 804 735 500 163 988 983 272 803 159 998 303 293 792 736 869 706 224 792 257 196 567 491 742 30 745 590 931 542 252 159 452 643 833 71 694 846 644 434 267 669 274 450 127 270 290 247 436 352 756 309 335 550 953 147 68 412 600 977 896 12 994 83 810 501 227 864 57 655 757 302 920 589 577 221 32 970 315 412 140 649 744 320 148 960 645 213 613 546 63 767 501 177 146 172 172 802 785 314 371 128 367 788 583 178 69 572 874 586 293 989 407 970 165 856 950 889 184 122 341 291 896 368 539 872 788 214 265 391 427 629 580 82 865 58 32 360 861 704 746 275 311 143 435 359 884 862 561 139 225 641 548 841 462 940 791 62 716 835 273 681 303 66 336 347 699 468 239 337 578 639 257 805 895 858 390 340 569 145 315 55 27 367 216 63 759 395 892 707 978 463 84 953 903 115 217 228 660 89 296 676 379 871 393 353 876 145 372 721 810 361 897 467 974 702 283 900 765 950 290 543 922 430 644 721 709 438 12 347 645 983 77 799 757 115 756 218 226 20 850 161 842 265 985 435 718 502 329 943 247 995 531 582 141 495 350 498 985 575 645 546 284 692 222 63 303 86 822 775 290 207 543 88 846 505 365 932 90 902 746 136 993 864 258 178 869 32 844 517 841 16 641 551 596 513 185 31 373 830 824 425 708 531 605 834 577 841 324 429 299 581 963 452
490 540 426 683 76 41 455 656 587 831 482 288 882 535 451 228 714 531 744 174 967 848 244 263 364 732 463 34 527 600 77 739 412 877 992 841 623 340 531 751 487 655 102 371 610 225 322 342 98 836 692 166 576 20 381 206 704 487 969 723 304 409 799 291 542 835 701 778 34 915 590 425 45 376 738 415 327 615 833 769 880 546 507 942 365 244 667 477 252 679 951 739 643 325 551 786 847 831 45 681 147 166 483 696 368 925 786 463 774 998 519 650 136 302 216 37 106 510 256 249 314 943 420 755 744 888 531 466 411 275 648 277 831 928 11 55 799 803 287 306 301 528 521 224 471 606 145 635 104 50 778 726 402 143 395 480 447 68 23 151 504 442 594 168 186 611 607 933 206 960 308 878 903 104 44 533 234 680 966 864 327 366 904 290 551 828 459 377 239 86 286 220 176 734 357 446 36 767 957 1 792 136 845 797 113 358 156 979 536 615 377 869 727 464 768 512 507 573 46 454 183 425 583 429 37 661 535 197 188 141 389 689 923 238 97 524 516 519 360 524 705 366 220 851 367 271 280 696 609 596 936 258 655 954 752 20 777 374 514 211 565 799 747 166 963 270 934 602 519 188 273 933 264 901 827 184 503 492 524 775 535 865 564 139 231 127 284 656 939 799 497 860 957 862 215 218 332 881 394 62 406 911 576 946 52 643 801 393 63 870 213 348 490 17 864 860 656 791 240 112 375 996 785 134 755 217 898 838 164 15 575 583 466 237 520 865 681 356 263 456 396 773 115 718 307 940 284 227 328 647 319 989 37 746 444 486 668 967 864 819 477 645 528 659 78 279 213 183 804 752 605 951 100 220 25 422 279 486 333 112 116 853 288 911 497 223 1 680 16 908 749 199 983 406 680 624 897 226 24 442 907 409 771 958 342 272 887 237 954 254 644 337 801 845 131 990 33 706 955 244 170 686 847 69 533 731 821 415 299 630 291 245 381 146 578 631 654 311 702 408 496 728 716 560 944 956 800 982 674 748 13 277 678 118 761 43 759 265 575 378 75 372 229 453 715 666 235 646 724 540 917 487 78 587 743 988 713 162 7 301 154 393 113 661 346 236 909 298 198 185 103 467 195 854 977 188 673 103 864 363
497 527 591 650 810 696 8 589 632 452 639 431 145 477 204 52 375 71 915 335 985 98 749 608 767 732 170 244 731 361 883 150 84 238 131 219 785 317 785 891 638 261 254 486 485 612 820 594 942 836 271 139 964 470 284 438 644 533 733 835 250 926 52 251 761 194 702 226 761 973 621 827 476 201 412 157 932 837 446 246 984 152 931 733 696 882 521 17 583 827 115 206 405 172 430 906 942 551 666 496 493 515 161 52 921 850 460 25 887 420 259 973 543 361 708 817 797 608 306 705 258 966 821 456 972 909 869 223 13 491 701 220 540 504 2 37 15 316 679 720 35 480 23 77 966 292 507 27 946 402 957 7 351 186 70 912 451 583 741 157 453 313 984 229 323 611 451 321 601 590 470 373 3 960 244 368 805 203 424 761 229 435 379 711 624 197 384 41 330 530 889 617 571 835 234 17 245 963 25 806 886 979 783 738 632 5 146 492 103 109 892 46 336 471 869 667 672 850 277 263 403 425 371 798 86 712 700 231 680 948 763 149 795 62 777 980 90 149 816 922 308 801 882 878 314 251 97 361 131 932 193 640 839 237 653 530 393 1000 720 852 750 894 148 281 760 113 816 67 112 653 86 732 490 575 555 177 701 496 667 202 559 385 534 406 526 702 199 315 803 105 245 226 234 650 226 735 140 810 202 851 456 111 508 335 107 505 873 454 132 432 224 746 438 775 475 879 512 667 695 157 258 985 549 397 881 793 446 619 360 911 363 224 423 250 938 143 831 401 600 675 830 813 650 347 595 824 279 156 309 527 670 937 493 481 649 296 774 178 398 839 73 870 528 831 149 102 409 546 115 995 553 527 509 148 45 145 368 839 258 197 583 234 401 410 184 425 93 856 22 442 260 888 768 346 469 3 768 995 394 760 513 448 15 984 675 737 623 62 457 375 573 628 533 945 848 708 386 584 218 920 597 292 616 605 411 207 708 570 193 147 77 26 694 488 316 831 985 215 793 864 230 812 949 494 331 257 46 967 590 159 206 545 755 998 533 295 855 45 6 863 532 155 917 172 717 323 748 811 16 319 807 775 744 746 136 476 825 375 974 704 471 280 797 858 497 743 850 309 964 505 917 871 792 28 258 366 666 134 710 383
425 322 740 101 643 283 424 730 290 65 615 304 971 501 577 463 672 995 705 218 126 585 629 109 609 680 360 138 143 855 156 538 916 830 436 274 395 861 558 333 344 508 119 137 365 559 417 465 774 435 948 987 378 243 218 53 802 168 438 97 803 560 90 888 471 7 25 703 630 590 953 475 861 922 938 616 21 450 746 371 635 112 739 444 738 200 114 46 822 929 771 194 912 838 152 655 377 378 14 989 970 271 809 518 282 619 862 324 560 853 401 198 497 249 158 42 796 758 409 445 125 418 917 253 150 468 538 776 114 173 266 547 619 733 78 627 312 11 63 726 485 338 767 461 424 107 420 54 407 123 58 955 129 392 775 935 689 405 294 121 894 558 924 366 389 768 226 804 628 84 673 360 623 689 986 224 875 343 124 871 873 821 472 395 135 960 950 484 349 595 833 545 169 306 456 979 172 656 725 7 159 244 587 390 375 334 779 534 217 353 333 211 154 491 589 181 64 665 45 59 258 954 78 996 181 512 888 941 482 69 572 376 888 926 874 161 642 455 589 486 658 77 323 671 925 631 966 587 291 31 393 568 305 85 819 916 747 783 251 351 431 321 505 731 376 247 710 488 599 908 690 987 474 75 857 490 420 872 42 111 624 128 836 138 429 16 122 420 513 402 352 324 852 128 2 495 788 213 239 638 9 638 914 996 8 633 775 836 648 235 785 476 108 251 208 351 382 156 673 985 19 473 558 103 124 280 976 625 672 527 122 42 47 754 599 744 565 527 837 246 451 522 370 935 554 60 813 546 654 410 934 467 647 464 715 140 551 325 913 670 84 791 707 817 436 871 52 465 276 625 927 308 717 598 61 899 961 390 911 348 511 986 356 771 749 788 71 357 531 569 876 77 417 250 84 518 462 468 790 283 533 865 67 66 952 266 473 872 295 703 260 768 223 547 554 754 828 939 905 317 881 369 888 897 727 257 773 175 499 581 48 106 959 851 812 81 362 766 604 670 33 237 255 537 468 242 450 192 218 546 73 108 574 408 562 993 967 816 380 589 491 743 151 968 971 723 125 482 958 411 700 78 713 654 70 58 839 383 769 583 728 821 61 46 870 611 516 714 597 9 291 217 508 823 23 499 915 899 308 879
817 168 948 681 814 303 190 72 161 401 899 17 274 832 891 566 353 661 871 126 767 254 362 647 883 315 796 700 483 130 797 636 363 845 537 243 580 381 932 398 86 937 706 485 668 259 770 930 5 241 240 260 935 918 296 522 329 748 914 776 485 895 357 357 93 56 389 37 73 94 17 792 256 204 609 778 765 875 440 8 646 187 953 637 462 571 62 241 377 994 998 974 46 523 309 992 698 945 555 667 468 177 932 474 577 860 464 693 37 382 503 167 838 287 311 135 964 167 895 632 168 51 984 338 997 525 667 207 502 23 573 9 997 880 79 120 940 613 369 594 451 874 317 178 615 5 793 277 718 267 683 353 994 277 349 313 802 331 10 653 310 43 712 489 656 441 491 851 941 583 231 301 258 971 193 348 175 776 595 265 850 343 230 174 820 768 150 379 960 691 547 563 992 893 779 490 497 209 519 601 774 431 176 57 194 865 387 133 398 820 952 905 141 626 892 657 721 297 577 75 605 350 771 258 493 948 951 971 285 658 808 264 177 690 584 545 576 975 445 316 411 375 313 954 857 449 903 344 371 510 970 959 102 352 797 52 616 824 391 849 61 771 811 897 261 415 46 408 610 198 77 146 231 411 537 229 248 366 40 124 531 846 53 285 483 357 85 879 156 416 84 382 879 55 622 576 409 767 322 725 335 392 470 950 355 693 118 196 381 326 36 564 185 12 423 908 414 16 677 199 985 824 52 317 520 231 709 635 555 189 406 766 741 837 381 369 28 942 837 729 605 74 297 191 379 163 987 355 199 65 683 815 119 192 842 185 280 471 206 869 519 896 879 651 943 679 650 993 769 531 344 106 951 348 840 248 686 782 424 670 20 522 428 588 200 864 552 560 927 785 328 652 372 668 536 818 691 641 423 777 901 460 75 622 43 695 585 155 230 876 525 216 622 203 939 198 215 48 994 817 603 750 730 929 760 534 671 897 210 215 319 373 770 446 47 279 39 110 463 915 157 533 606 225 149 416 700 393 866 304 125 131 886 976 514 781 118 967 849 152 210 339 448 417 276 574 722 629 273 193 368 570 502 67 484 720 543 169 567 665 423 29 144 969 193 934 81 460 856 457 658 561 505 676 684 577 102 117 337 830
363 367 655 784 232 770 366 787 687 577 846 139 645 141 688 899 721 272 412 457 198 10 435 378 843 587 433 3 885 780 365 396 876 866 457 791 362 786 229 700 848 978 704 797 795 917 326 779 554 557 7 627 589 48 526 299 475 364 825 728 546 701 895 849 21 855 443 213 571 56 373 641 521 528 863 381 757 812 402 428 445 934 249 826 60 864 294 81 989 553 310 16 660 38 920 482 673 555 607 2 436 276 332 900 634 881 461 930 788 789 601 569 4 570 858 781 450 335 648 352 771 663 262 558 897 356 967 30 140 740 903 953 545 941 385 160 904 749 279 651 910 178 276 337 325 178 910 891 987 280 454 15 873 288 983 223 614 910 199 841 114 407 310 660 87 723 896 980 337 607 744 377 722 855 725 220 201 525 257 835 840 825 360 815 338 753 325 785 215 854 863 939 23 398 890 141 152 524 385 336 9 565 41 445 596 938 631 971 801 392 619 932 617 753 111 911 589 390 315 910 738 667 891 128 283 568 264 195 546 696 975 944 415 535 126 153 490 525 635 619 733 33 659 490 661 718 795 537 181 82 354 524 997 375 436 923 241 138 447 199 686 283 831 931 363 631 538 263 275 37 881 68 473 858 26 692 118 513 946 221 693 308 93 725 931 51 611 12 827 943 278 4 816 331 165 25 433 979 181 419 385 836 375 733 705 222 174 293 608 210 623 120 184 684 320 670 524 673 51 369 846 892 559 182 721 390 351 581 96 920 152 947 755 673 573 943 210 852 604 251 659 827 130 17 667 521 845 968 9 960 585 880 495 497 767 33 151 905 821 200 868 573 318 741 895 544 736 987 46 580 100 752 159 44 84 578 295 720 995 111 407 275 752 495 911 941 393 247 494 651 747 849 901 177 66 873 136 9 338 801 831 887 403 145 909 64 255 475 292 618 383 746 813 948 469 307 468 708 260 309 121 470 965 787 978 881 566 279 373 287 188 238 32 784 63 947 45 72 936 712 162 913 564 451 777 52 893 698 855 426 676 791 759 183 732 40 540 300 357 284 954 767 41 165 580 589 190 582 917 639 929 584 507 331 247 295 194 351 688 292 969 703 298 410 95 840 158 535 187 801 698 875 513 642 457 214 750 828 520 172
686 654 438 524 553 959 945 467 932 303 422 575 696 952 874 993 926 772 558 630 873 257 257 88 737 45 47 714 87 612 553 608 701 968 225 907 767 150 291 154 502 359 804 950 450 469 700 291 276 111 454 599 484 38 967 426 947 360 519 355 244 927 1000 951 697 583 294 891 816 576 629 198 885 68 318 974 442 486 825 23 35 668 455 414 226 161 813 621 7 2 991 664 167 80 825 504 914 219 400 367 995 682 468 914 215 752 220 487 455 391 501 219 220 98 605 627 952 740 981 336 926 400 148 25 219 205 683 474 53 20 737 386 833 602 705 214 798 907 501 429 3 169 820 898 1 718 72 813 950 169 188 732 500 662 840 228 83 519 205 110 697 341 724 156 22 482 558 12 188 63 324 532 558 498 299 294 987 919 976 790 882 128 582 5 600 302 226 18 370 652 722 262 216 92 329 593 778 593 464 550 124 851 684 729 572 178 841 534 626 453 333 680 165 637 988 207 540 626 645 177 937 519 697 247 315 17 521 95 222 937 537 969 151 167 532 573 729 716 466 419 424 893 289 841 457 338 889 303 752 925 211 281 785 926 836 367 893 569 841 961 849 244 675 28 580 984 170 607 215 314 310 517 246 13 593 511 711 408 170 816 470 590 346 347 772 806 893 437 206 178 284 296 468 294 6 777 738 778 730 867 893 344 541 202 812 851 664 631 866 138 209 964 318 995 526 552 155 255 367 557 359 564 481 664 12 751 361 29 397 213 370 14 283 724 858 476 442 987 702 549 797 405 573 988 234 611 201 158 168 70 367 889 248 750 598 782 878 447 346 974 121 773 602 892 934 499 384 966 620 39 559 97 124 217 625 193 169 463 342 896 865 672 170 379 770 652 166 114 260 112 124 477 953 352 405 46 928 43 292 747 884 717 759 438 513 66 836 915 419 792 866 156 646 904 891 771 834 322 567 42 599 223 319 307 431 416 261 388 400 616 990 237 767 476 335 336 652 583 53 477 670 402 357 915 949 402 185 418 985 840 354 383 875 736 874 983 407 764 878 461 563 728 408 98 813 882 114 472 280 28 343 32 734 790 948 347 102 333 580 537 852 813 45 237 869 912 894 185 75 584 305 931 573 425 877 917 86 251 625 251
367 569 464 204 69 771 394 506 161 334 431 378 798 499 69 99 448 347 70 634 759 848 643 429 761 372 548 739 670 680 416 982 48 243 910 788 983 806 833 142 643 922 841 586 743 434 169 153 690 475 532 908 376 822 549 556 236 384 970 285 684 791 191 168 885 321 185 917 645 413 396 462 381 575 602 941 791 8 449 840 356 224 181 849 261 444 564 675 379 286 456 709 228 371 703 254 262 906 231 193 584 585 331 257 880 151 914 960 62 363 351 290 2 230 53 51 537 274 401 667 192 96 235 346 812 338 328 78 740 804 447 633 999 777 834 448 89 573 218 190 57 660 190 484 149 260 912 182 658 174 292 301 14 797 781 237 813 695 257 631 925 970 863 328 311 994 526 303 258 45 844 518 799 785 357 488 475 115 968 515 507 633 908 534 794 584 825 204 716 640 369 384 411 447 433 884 262 366 485 811 551 83 217 745 420 469 259 600 998 946 860 304 13 757 251 410 566 779 783 104 763 85 966 380 892 959 593 507 501 865 89 693 13 206 317 209 828 600 845 125 405 29 201 919 702 357 126 26 447 607 168 233 100 731 765 741 364 251 523 895 343 796 337 892 69 904 223 192 804 119 329 717 748 121 131 249 962 295 533 969 207 318 378 777 966 272 921 138 860 470 907 78 415 306 644 739 429 198 926 890 608 618 586 270 613 244 212 629 701 366 210 880 744 289 281 48 588 991 456 467 334 891 625 529 565 595 258 795 786 995 511 784 81 572 448 55 641 450 509 29 486 130 458 452 449 511 280 510 696 532 808 567 393 49 824 578 515 294 757 600 128 721 136 449 391 337 928 816 754 786 732 273 568 469 481 694 7 294 386 753 492 345 974 628 618 365 826 666 983 949 808 933 363 816 80 233 234 325 899 311 497 398 15 767 238 3 990 126 738 221 625 485 33 10 313 579 813 150 632 953 307 209 621 915 702 331 313 884 200 865 801 511 847 411 551 908 789 694 848 944 521 248 268 1 977 82 93 409 143 881 114 80 132 723 782 389 851 954 770 802 775 80 690 921 231 130 171 350 125 476 865 842 746 424 452 128 265 986 136 789 943 784 94 367 456 347 874 1000 625 170 489 36 490 564 467 854 936 115 442 804
580 142 22 399 179 902 81 852 55 442 383 399 383 309 460 135 942 147 512 563 576 959 523 223 941 56 825 589 889 162 549 746 234 26 577 932 788 793 547 601 355 674 499 634 99 390 785 493 144 585 544 638 259 656 797 210 767 332 518 447 759 324 201 55 875 11 572 87 359 631 19 330 114 99 72 427 511 528 216 730 228 195 291 781 662 186 580 960 561 167 496 602 863 437 78 762 725 996 187 46 791 143 858 94 505 999 938 712 817 118 168 81 916 22 863 951 785 645 444 65 156 178 631 94 720 415 255 452 682 404 842 700 515 435 211 879 880 130 437 627 801 856 6 356 758 204 419 504 79 613 252 363 860 238 589 271 975 578 158 955 59 744 858 921 419 86 632 922 269 855 852 686 894 243 821 320 158 470 313 878 616 428 712 944 60 439 257 345 792 353 619 646 439 865 603 370 495 374 563 652 344 290 870 667 185 474 351 664 834 635 565 551 533 555 786 410 825 910 314 421 106 521 907 375 83 966 176 435 390 911 127 57 114 351 195 512 738 321 912 979 555 19 345 973 391 555 414 698 907 140 966 524 467 739 527 739 956 951 767 940 144 280 163 35 449 850 682 380 489 46 824 646 21 799 996 638 44 860 832 478 140 431 418 988 100 309 370 242 500 82 1000 38 808 975 812 65 238 784 884 862 132 460 646 412 406 349 369 617 117 232 670 778 555 799 947 826 506 578 684 844 269 722 777 360 252 986 22 436 77 840 577 132 888 513 995 657 508 817 583 519 181 106 580 952 930 586 265 276 823 689 807 154 208 636 152 521 696 498 189 676 536 239 417 389 791 832 357 132 664 36 730 727 444 137 351 890 259 815 280 505 614 353 82 388 393 281 570 124 672 684 563 175 792 787 991 384 455 826 45 97 436 28 792 677 156 553 335 988 541 141 71 914 498 251 356 158 428 269 219 977 217 288 118 602 67 723 548 623 735 216 968 405 968 263 358 971 590 365 786 580 233 47 681 677 671 893 694 500 292 331 214 990 497 848 685 881 79 194 826 491 168 706 149 861 384 651 503 188 32 82 347 558 179 266 60 11 238 158 752 170 673 816 14 975 84 882 929 596 731 232 739 882 937 322 733 35 683 522 800 340
614 976 686 747 496 366 697 350 925 779 112 361 160 966 498 544 762 601 585 136 399 362 192 413 836 81 518 135 490 291 741 124 133 749 818 134 673 420 786 292 549 210 816 978 612 522 655 201 487 355 818 685 277 577 347 566 600 159 276 925 229 47 951 20 996 927 512 121 462 341 868 678 903 460 496 47 854 474 466 98 794 970 49 247 709 552 521 596 221 38 217 130 518 388 608 873 575 383 53 249 980 192 935 379 892 935 962 530 211 788 585 683 508 77 340 224 878 355 305 477 360 586 109 594 159 92 752 68 450 561 878 894 9 953 650 395 533 750 937 892 464 687 463 860 910 491 584 116 458 259 509 860 244 268 258 793 647 956 892 686 957 827 111 113 123 300 100 428 135 600 914 168 439 877 773 981 489 590 552 734 471 142 859 979 121 798 74 199 450 201 231 725 348 777 92 301 944 138 207 277 481 464 344 507 641 404 218 802 132 131 910 399 198 674 124 155 57 378 455 3 847 348 268 920 531 120 945 173 160 659 135 491 722 510 601 87 984 240 564 118 174 163 879 147 879 412 731 421 797 977 126 141 763 734 923 695 650 533 169 530 529 403 984 893 891 613 775 606 11 978 610 769 737 780 979 784 30 224 491 364 36 212 501 703 566 433 5 256 783 788 162 788 109 989 250 487 610 43 750 119 277 1000 246 246 730 485 843 213 845 540 852 239 299 496 612 730 157 649 766 706 725 38 49 120 90 834 547 253 284 387 71 730 455 745 379 488 397 908 500 75 217 209 761 397 225 329 473 127 89 701 595 839 675 656 923 911 353 194 346 878 175 550 728 325 827 866 486 347 846 986 413 175 161 103 232 331 559 501 311 509 256 586 29 999 788 738 680 479 228 715 309 120 46 227 305 17 70 966 242 706 658 208 733 334 348 522 68 646 701 904 259 430 660 641 670 284 731 97 965 117 49 332 346 523 650 992 913 361 184 560 449 931 868 887 752 829 377 74 776 447 300 975 235 321 274 93 607 895 688 941 411 523 896 806 739 324 188 427 130 666 342 795 27 184 451 360 360 31 943 459 222 523 976 441 434 153 495 823 658 811 889 106 854 243 488 550 610 808 23 779 142 657 361 157 274 551 223 330 72 685
116 235 648 975 20 867 200 618 582 801 145 811 383 181 841 244 681 98 163 490 504 723 107 449 946 351 120 764 737 762 756 135 671 17 529 492 471 339 495 938 689 503 851 802 152 586 744 53 407 582 272 75 560 612 358 875 218 527 522 134 473 282 182 983 540 739 653 966 90 660 879 264 498 939 263 105 380 600 781 221 306 677 872 418 424 987 786 195 695 634 359 899 907 86 201 903 134 337 791 368 34 368 869 452 273 268 446 660 897 923 271 490 925 213 793 397 350 901 403 752 822 990 486 683 280 132 677 514 207 296 546 112 737 872 966 86 132 638 112 417 339 431 925 801 535 586 744 973 459 147 337 51 832 1000 85 177 439 719 957 712 466 714 158 372 813 639 284 803 428 585 649 679 629 45 169 608 999 327 316 136 619 139 915 153 859 915 302 721 141 586 233 789 378 251 439 910 189 112 668 278 882 312 768 355 318 846 733 307 45 396 89 133 389 258 249 738 462 537 796 515 500 266 455 620 233 82 668 844 370 650 538 728 583 187 611 860 622 737 72 282 400 530 616 632 223 259 745 911 956 372 567 453 144 150 827 534 262 518 933 72 402 9 873 386 817 779 771 737 998 183 250 189 692 564 727 818 657 196 457 38 618 266 48 938 667 873 310 389 162 159 871 64 131 871 775 804 218 85 384 955 379 583 136 322 410 964 566 944 658 134 862 177 8 386 682 180 364 613 396 23 463 993 752 638 148 599 567 496 575 393 489 120 513 93 607 573 183 329 723 426 786 70 80 560 808 989 187 971 148 4 450 685 468 849 461 990 697 239 422 144 795 259 707 371 564 126 327 314 289 771 622 899 210 730 373 504 392 523 43 795 439 376 422 162 100 148 261 841 850 367 167 160 495 550 330 186 399 412 353 634 406 414 748 703 523 782 69 5 715 432 65 763 456 972 779 196 949 124 526 667 956 322 598 397 602 36 967 195 286 300 884 870 28 512 958 832 16 484 868 810 679 599 779 908 871 242 191 690 470 89 150 995 162 391 659 620 435 444 852 304 816 101 796 105 221 465 681 374 819 24 164 479 177 168 161 630 786 950 357 285 992 52 118 914 301 2 918 785 429 618 793 346 161 214 658 107 880 335 80 370
738 465 308 318 748 607 853 138 60 757 191 683 276 768 682 243 137 37 336 679 217 21 777 552 662 485 39 711 125 350 249 777 625 56 853 23 685 994 629 300 254 621 287 441 203 968 203 795 377 112 598 27 181 496 292 292 684 987 7 566 348 86 607 651 713 53 756 727 12 831 266 414 643 333 229 705 242 78 242 787 561 746 652 86 59 623 910 918 615 430 852 318 743 329 86 410 747 600 895 170 484 486 457 648 54 838 923 834 440 174 987 882 748 101 552 596 94 799 271 317 604 308 947 104 570 974 642 133 921 654 299 625 377 464 486 512 491 66 792 819 637 317 675 468 206 998 177 565 665 761 461 366 598 359 427 410 274 756 838 440 692 469 86 974 240 134 900 508 691 769 252 210 16 525 684 68 541 914 795 322 578 807 275 764 757 398 313 359 556 439 865 96 11 868 836 947 733 466 973 104 102 746 199 572 712 731 756 185 468 537 62 409 233 453 988 471 464 281 232 606 742 944 79 691 121 165 352 41 164 780 316 629 31 262 495 883 913 345 178 201 671 640 192 891 533 681 91 486 467 952 978 62 458 859 952 136 225 733 785 905 40 124 493 599 637 65 1000 484 979 786 700 352 298 860 389 838 740 951 260 501 142 815 648 481 997 594 804 107 18 344 31 993 120 478 873 173 611 841 83 9 314 748 316 678 390 322 723 86 537 137 708 854 131 378 671 746 872 444 259 596 639 254 961 787 819 777 480 78 607 50 722 571 513 435 529 910 126 968 807 669 891 446 538 447 86 29 171 216 471 184 429 547 349 559 882 16 169 53 697 147 141 889 186 652 500 153 911 761 8 36 444 320 144 269 466 716 281 867 446 541 885 552 158 775 402 67 139 329 613 188 18 837 304 838 943 542 142 771 366 838 579 225 175 117 417 926 834 1000 645 315 431 93 590 689 277 882 449 159 831 128 1 913 945 259 6 265 186 335 711 674 926 357 626 69 678 553 962 23 695 41 585 285 14 807 612 777 463 669 580 366 501 310 285 802 362 128 412 316 890 813 821 833 873 23 364 547 297 801 554 453 476 563 393 353 356 503 330 154 500 177 283 21 493 161 286 326 208 636 553 549 431 826 977 725 782 90 268 563 500 618
422 108 290 878 343 147 115 134 494 84 818 405 29 956 547 417 397 768 471 424 543 480 342 101 604 87 351 900 913 366 761 301 548 977 555 348 780 753 238 976 573 104 440 162 550 628 644 692 864 802 290 169 1000 569 512 464 670 139 781 946 782 75 465 697 939 962 917 814 266 180 983 554 711 799 752 955 817 549 847 666 662 615 691 906 474 814 431 802 99 232 355 616 9 1 494 720 137 682 605 44 44 235 279 612 967 85 580 697 404 978 511 159 874 560 802 186 470 737 360 268 71 854 13 452 359 736 667 62 841 340 887 405 892 161 946 673 845 410 917 352 888 930 958 388 435 500 375 264 408 718 528 788 825 256 138 514 857 711 76 786 195 940 618 983 479 202 595 900 931 282 538 270 889 3 869 324 988 916 858 748 930 727 915 125 22 911 745 928 855 786 5 816 614 191 655 637 135 996 517 72 260 977 258 143 107 617 825 627 468 320 238 432 804 305 873 39 865 283 408 317 901 81 610 889 111 808 230 846 782 814 188 946 867 261 856 713 277 536 49 714 947 503 730 318 18 606 100 399 61 394 422 439 49 655 922 65 377 167 678 187 792 261 87 438 768 360 690 853 569 861 395 522 930 331 159 680 708 688 286 693 669 740 449 95 715 405 191 613 738 488 471 746 799 521 779 941 605 888 434 503 92 233 121 76 855 359 811 787 395 271 404 114 207 957 972 810 801 59 853 445 742 614 74 709 737 295 798 149 972 804 365 748 184 756 845 243 784 742 184 73 914 958 127 885 181 735 143 741 954 895 516 188 715 488 496 926 395 597 976 119 888 557 298 924 938 525 709 287 267 236 172 643 63 22 999 614 139 602 876 233 698 301 725 332 651 329 622 819 340 989 91 544 604 416 853 785 556 768 900 128 644 750 684 667 488 844 701 493 427 449 290 988 617 536 173 524 832 26 643 164 479 713 11 889 811 574 663 332 944 673 992 775 819 31 977 974 57 812 176 1 328 2 878 264 469 459 864 167 351 746 23 736 217 171 111 594 817 522 343 291 967 529 671 666 203 506 156 845 438 650 708 841 839 183 847 637 496 705 396 540 385 838 956 247 812 768 47 214 539 35 576 651 597 256 13 247 504 433 7 54
130 515 122 29 742 607 165 516 546 480 572 758 141 469 208 438 941 56 537 896 648 696 333 469 71 79 271 655 458 214 309 235 924 723 853 400 890 144 194 726 680 68 386 863 659 763 348 857 548 350 53 675 420 138 307 620 548 486 900 342 992 722 115 505 921 999 721 115 71 864 112 481 560 60 725 116 870 554 567 868 409 525 267 278 898 484 943 251 675 440 516 199 264 325 525 673 877 727 3 828 479 872 65 911 768 720 55 521 782 855 710 636 568 714 556 751 46 638 699 178 101 454 387 125 773 977 217 291 298 183 247 345 737 963 342 584 840 73 286 93 869 293 388 192 303 120 877 531 754 117 537 99 293 816 114 329 598 592 637 599 83 500 805 569 605 694 412 801 961 612 225 334 411 639 704 872 237 384 668 128 416 544 402 923 790 10 273 451 120 694 847 114 424 331 660 369 908 838 479 351 982 835 829 729 548 663 509 759 347 124 448 582 14 641 585 573 945 944 510 2 916 139 635 868 989 909 159 193 607 419 291 10 710 544 784 452 136 891 225 214 10 580 87 429 741 808 325 306 257 384 780 366 231 395 975 618 318 950 350 929 235 347 728 596 183 643 224 754 330 94 177 754 563 616 246 416 45 859 660 396 485 886 478 215 767 734 775 75 867 105 512 189 883 303 812 625 338 500 554 911 896 207 443 686 808 285 133 63 979 391 427 919 890 92 512 15 480 996 695 548 620 288 702 449 217 497 632 909 770 824 243 392 476 316 486 647 424 698 15 4 42 964 847 42 419 203 431 929 51 941 224 215 906 33 253 486 621 105 255 207 166 867 726 130 506 428 592 791 955 436 428 397 438 622 198 179 457 903 178 268 493 510 671 324 169 356 377 764 598 138 781 411 572 118 872 703 197 125 896 569 30 209 92 256 757 737 59 6 980 679 142 736 459 791 987 87 374 350 233 298 600 164 197 200 506 118 104 221 456 319 835 759 914 467 242 512 807 845 455 977 795 566 767 3 850 52 699 193 868 355 803 66 821 897 100 26 67 877 507 276 743 252 490 619 384 88 918 922 732 598 423 318 389 352 255 705 350 232 649 879 667 904 559 522 119 996 212 630 674 82 293 962 308 859 190 251 466 995 312 734
48 841 942 738 548 347 447 663 881 149 97 684 733 722 806 102 605 716 267 918 494 605 352 133 266 81 567 398 174 834 710 443 904 309 474 723 608 644 760 202 38 782 394 793 583 401 30 418 219 120 371 97 11 631 302 938 354 617 978 232 723 715 371 927 9 291 179 375 369 299 717 170 709 149 980 442 268 774 887 571 841 577 492 110 252 920 815 197 163 849 210 901 184 943 336 302 246 315 992 10 659 26 895 621 232 97 103 907 347 140 130 694 54 217 640 790 725 106 878 56 373 114 611 395 54 535 585 81 223 967 505 214 991 197 462 690 937 816 74 782 744 966 100 79 53 148 317 503 460 410 80 564 250 74 959 861 866 86 182 421 715 202 151 652 724 317 557 313 955 129 574 22 977 137 124 935 6 954 457 533 984 63 494 506 491 846 930 577 356 319 22 512 848 642 101 684 484 204 231 22 845 265 143 70 282 227 996 563 779 404 851 349 682 191 32 398 148 427 246 653 711 619 822 812 88 595 172 679 579 794 473 533 692 613 213 264 473 888 806 117 304 689 957 357 577 22 257 38 519 240 842 506 776 167 157 324 991 932 627 52 494 104 60 994 458 91 905 933 851 396 26 586 515 162 609 482 285 440 59 973 378 901 249 80 924 897 272 595 882 40 634 753 11 194 631 667 360 916 480 451 508 524 518 873 49 685 938 107 305 600 673 862 366 642 233 58 739 85 145 448 553 497 605 376 464 996 5 313 973 366 162 356 530 520 621 414 127 302 857 442 990 741 53 589 697 150 837 1000 387 163 270 610 317 464 566 817 738 704 451 717 678 872 39 33 837 189 213 102 883 670 93 61 125 958 699 507 815 264 676 974 444 104 467 744 793 789 714 263 13 308 149 55 164 428 774 57 602 979 529 920 581 256 478 979 436 717 795 938 347 188 678 494 111 154 33 896 472 287 591 490 5 895 973 191 585 586 932 5 758 677 385 890 385 636 404 17 135 20 824 521 349 126 491 454 310 837 339 57 702 441 76 240 792 218 532 751 632 999 6 577 899 635 546 743 348 4 181 550 675 695 284 200 679 379 627 788 383 457 818 352 182 422 883 476 94 287 308 751 394 994 396 311 250 641 884 578 421 498 809 995
80 693 96 797 815 377 611 556 618 397 955 709 624 323 4 17 857 292 451 827 816 406 734 734 972 821 457 182 659 996 947 847 881 670 867 897 89 121 969 486 673 975 107 681 412 165 336 28 802 842 921 575 607 940 617 583 794 223 44 91 16 575 863 68 522 912 763 414 799 803 80 15 112 512 535 263 366 766 667 699 850 208 416 947 984 812 695 792 993 93 419 267 576 795 110 221 464 56 687 647 664 886 768 613 762 204 447 247 710 975 830 179 105 878 77 746 446 247 400 204 86 416 356 471 330 827 232 145 902 997 333 134 240 323 576 88 144 231 11 267 671 788 761 758 564 274 663 573 613 216 373 634 579 779 754 448 359 378 874 547 291 53 27 519 932 522 516 951 9 576 775 470 265 513 156 474 559 539 854 803 634 891 220 414 873 534 521 161 131 238 484 552 406 48 727 934 54 946 125 171 846 990 109 829 804 796 153 471 277 487 457 724 526 785 910 691 412 861 407 777 465 876 471 292 993 247 254 533 7 860 481 457 501 381 930 349 882 118 574 426 336 835 333 448 265 262 92 699 497 846 262 782 454 474 104 108 813 938 23 988 254 3 923 602 275 644 755 755 118 215 938 900 777 866 130 801 620 496 680 898 667 419 207 234 101 740 916 226 624 995 181 505 500 860 93 275 223 520 702 762 44 249 206 469 967 66 806 235 740 994 31 23 185 715 261 48 19 276 417 343 166 603 339 646 935 113 752 808 827 127 669 144 335 960 500 636 901 118 935 618 927 960 428 585 68 716 132 530 90 685 752 974 680 19 159 702 537 405 677 466 32 557 18 342 918 81 501 105 186 881 278 280 975 555 693 172 371 938 694 396 677 555 287 920 585 62 962 730 17 637 225 430 359 266 177 944 203 680 25 406 792 863 429 890 506 242 480 738 359 289 828 101 169 679 104 89 54 905 141 591 686 591 632 777 238 2 73 783 298 531 61 234 742 416 647 325 863 339 835 972 23 669 610 130 282 172 813 256 655 253 698 371 875 9 968 767 741 10 552 806 237 506 163 196 859 733 16 89 398 8 993 936 927 696 579 192 729 625 285 968 286 839 273 537 859 424 326 731 629 664 11 399 346 273 75 392 373 758 55 888
505 248 403 487 439 867 7 693 846 407 698 196 791 650 690 590 68 607 511 678 834 877 500 167 702 961 526 711 828 741 375 171 245 261 698 917 396 236 5 124 391 580 152 476 19 255 161 680 952 241 608 771 139 810 834 707 532 143 716 210 675 562 470 282 683 856 917 237 681 918 54 35 979 873 62 523 388 787 56 353 832 631 100 458 658 871 238 211 413 32 516 744 960 150 794 632 646 133 343 282 139 885 94 441 313 46 447 468 675 424 425 179 353 730 991 264 85 189 173 667 791 557 652 694 191 855 509 575 840 113 575 353 387 630 813 517 122 566 273 554 981 203 568 50 649 553 910 935 415 920 564 690 351 956 733 919 196 703 750 776 245 84 415 406 654 698 619 404 908 634 601 762 749 493 322 895 814 466 448 24 860 796 582 455 464 162 367 707 996 560 73 888 237 935 308 741 527 247 651 57 183 619 953 396 719 138 862 620 510 72 806 77 278 855 417 610 629 741 990 630 843 518 760 650 446 87 743 117 412 543 890 367 46 79 237 815 158 829 596 651 42 265 595 775 432 814 819 11 683 467 579 990 798 793 846 160 818 815 82 718 24 880 454 668 52 229 146 957 200 259 583 721 299 315 859 420 921 280 22 620 887 234 241 932 924 333 35 398 592 334 6 73 943 281 216 236 630 268 262 23 880 3 320 341 561 369 542 823 799 956 60 182 413 649 137 30 786 550 428 353 380 117 808 914 115 881 816 845 43 140 577 329 207 402 764 548 314 55 130 487 877 501 919 924 951 588 858 758 966 496 275 20 760 238 710 669 50 421 351 193 715 137 129 175 220 463 894 948 7 232 947 826 108 957 662 813 510 943 734 310 737 755 741 355 837 659 902 36 155 78 13 846 540 509 982 160 859 52 23 327 57 67 680 32 589 362 988 147 766 693 279 932 554 899 577 336 853 337 819 682 756 219 864 595 255 345 275 986 832 518 579 624 88 971 545 895 124 372 968 885 462 381 379 189 273 93 608 587 306 919 916 457 670 691 505 145 410 168 836 323 598 897 79 762 640 694 145 3 572 983 994 202 846 556 284 930 284 7 436 182 88 951 525 688 682 912 730 310 725 8 995 498 700 467 546 427 609 536 150 675
666 678 644 208 89 738 645 555 143 631 896 792 632 239 992 516 500 91 798 434 717 970 179 257 968 805 843 139 460 564 159 133 193 356 72 580 310 554 167 10 399 609 981 315 135 283 390 48 46 907 379 295 131 562 648 896 540 454 343 844 777 401 214 963 997 830 397 57 723 942 408 666 705 783 862 398 741 729 739 711 237 776 422 788 642 713 137 949 76 894 816 210 985 84 117 452 733 122 201 39 160 357 130 655 731 735 594 282 838 431 237 560 144 3 697 227 548 704 210 101 301 505 460 858 508 937 339 665 200 542 992 56 282 655 968 647 816 853 784 114 628 958 353 40 853 899 584 48 749 560 674 544 475 668 282 650 512 993 594 294 714 879 120 481 876 60 211 702 587 546 147 390 890 786 288 235 423 608 483 164 641 34 282 431 928 504 841 822 562 499 688 214 572 393 850 560 636 445 645 163 467 108 742 589 782 441 346 866 462 481 482 98 916 328 175 581 620 72 65 28 687 460 457 956 863 54 985 15 916 721 610 965 956 889 797 921 310 888 700 336 320 133 739 358 862 482 93 753 598 132 369 60 388 40 260 629 364 420 179 892 15 9 649 148 380 3 962 705 356 815 224 187 635 615 773 52 511 451 355 989 48 759 215 37 19 243 387 603 857 218 598 818 753 786 815 368 787 816 315 619 250 950 511 759 308 411 269 503 700 233 421 648 837 215 215 311 152 529 991 188 314 766 663 458 327 518 144 59 928 937 559 970 888 99 671 618 679 129 168 526 938 13 333 248 689 257 145 646 320 494 951 687 434 608 292 5 817 174 171 753 434 18 591 177 70 108 782 542 72 533 810 216 822 563 571 175 425 196 848 168 690 238 274 284 601 605 759 914 596 19 236 561 321 961 966 409 408 539 491 207 204 996 918 323 808 477 615 488 14 354 344 336 37 736 743 993 483 795 167 987 918 128 412 524 767 3 919 400 563 950 734 956 599 874 878 279 750 993 738 999 284 281 675 692 380 484 816 133 518 258 886 227 220 543 237 657 271 857 621 431 946 888 816 647 760 487 923 98 319 422 744 892 420 7 966 721 961 393 820 922 615 106 513 862 945 53 453 110 832 885 952 381 157 691 281 222 586 953 378 466
19 602 952 260 788 165 827 742 473 435 178 994 926 422 95 423 833 672 720 559 804 486 838 913 839 280 198 458 549 295 520 574 718 462 920 339 886 359 229 327 135 73 589 9 514 120 141 715 402 52 379 701 372 442 842 814 878 354 504 811 250 656 131 864 73 752 899 899 9 848 519 624 730 622 498 661 527 340 100 439 717 896 607 814 968 883 645 52 271 22 555 80 778 654 617 198 31 797 178 861 45 124 938 305 976 320 936 569 382 737 254 317 311 377 355 33 577 391 537 726 324 988 59 189 376 666 259 224 41 630 612 498 497 468 895 755 854 806 561 996 482 942 649 661 453 415 705 68 867 39 584 905 114 752 338 711 975 185 269 86 759 966 710 578 841 962 30 510 665 751 186 933 871 230 519 705 270 858 691 115 88 9 80 708 195 732 953 61 70 493 695 886 135 811 303 913 90 262 613 355 603 163 895 984 153 787 218 70 204 937 329 969 707 113 644 81 741 812 835 818 794 569 749 571 271 457 621 921 875 691 871 551 143 547 39 804 51 908 766 66 792 310 768 554 577 660 58 121 923 284 34 116 687 315 291 346 124 366 591 25 656 422 41 32 417 621 910 847 337 728 793 111 243 976 230 761 906 140 277 956 309 801 428 324 154 452 821 20 570 986 102 928 558 261 786 534 936 559 173 576 103 66 590 125 411 186 872 568 192 223 931 612 297 642 779 546 603 855 585 723 170 351 872 70 358 179 57 684 419 776 78 583 359 232 336 861 263 457 173 999 350 835 405 330 707 701 55 183 801 699 719 948 18 658 341 584 961 236 526 749 559 4 679 676 833 444 793 479 248 676 873 794 505 369 698 952 59 632 278 152 656 325 226 196 416 761 636 818 21 505 956 485 408 231 526 696 799 968 908 163 835 892 594 217 631 793 884 949 702 211 687 344 811 758 297 567 341 181 171 99 800 463 922 635 863 437 576 433 764 113 684 656 215 310 632 759 228 534 154 235 84 1000 462 557 599 37 557 538 536 9 382 496 324 218 362 696 802 641 435 550 935 479 203 215 29 726 884 483 438 673 237 869 372 217 769 589 472 344 149 519 440 412 714 287 563 932 847 880 17 245 516 266 345 394 882 820 112 959 346 454
308 697 826 691 45 906 679 121 97 481 824 922 494 694 18 462 329 645 552 474 698 299 974 622 608 501 41 781 223 901 330 937 680 979 939 2 399 367 371 558 714 407 5 557 344 641 630 410 290 616 811 325 247 862 176 157 269 477 333 685 232 985 181 136 503 950 243 87 426 590 453 164 770 960 182 953 365 880 526 135 914 486 779 858 580 764 836 884 522 163 421 282 517 62 933 323 30 123 240 158 469 815 848 978 294 6 969 271 230 652 386 763 78 219 103 429 803 945 419 647 76 928 578 463 647 26 295 483 977 295 188 445 80 5 130 277 122 540 706 160 516 689 690 763 370 38 386 352 766 595 351 945 55 768 29 2 920 643 420 373 909 975 683 990 95 409 855 946 385 831 456 554 387 465 899 453 228 531 19 587 173 566 208 291 503 500 635 140 870 382 188 494 967 142 6 614 297 752 20 177 430 240 582 509 714 628 110 613 801 6 209 553 307 6 430 487 371 226 282 774 940 309 523 856 461 711 268 755 298 80 678 985 927 679 775 332 24 703 259 973 336 268 199 156 605 60 807 775 47 294 585 921 454 110 751 789 29 45 869 88 773 56 641 210 870 41 713 208 108 583 621 807 219 150 922 581 439 993 815 415 199 112 609 276 17 379 70 997 725 303 197 678 398 50 497 334 963 947 1000 1 549 131 867 651 496 552 250 683 568 430 257 431 81 832 886 113 817 479 574 176 410 583 621 670 186 499 979 947 390 542 71 389 645 204 301 124 211 916 285 15 920 504 361 647 654 621 119 669 643 12 144 918 653 258 963 801 756 339 146 697 776 514 161 375 772 809 114 937 241 316 777 518 966 228 992 751 825 224 6 787 880 499 292 43 127 487 442 809 156 923 873 618 455 464 524 285 458 633 641 235 281 85 229 232 35 984 262 320 661 643 457 396 822 289 451 587 206 916 777 770 614 260 346 826 105 780 420 921 459 196 214 258 595 566 22 153 54 831 641 67 58 423 747 355 366 67 444 621 651 99 388 882 821 825 571 125 87 964 222 59 217 851 463 320 674 782 707 544 877 877 472 326 147 337 710 174 471 449 718 96 256 988 874 352 350 198 502 888 822 774 90 215 274 330 192 251 459 867 470 582
775 977 324 200 104 755 344 548 14 499 558 211 122 741 354 925 12 717 905 669 836 853 770 830 954 517 662 653 828 563 509 788 312 130 458 668 690 582 58 879 157 161 644 846 52 594 315 891 241 715 51 608 967 856 722 916 12 63 345 555 334 431 871 521 46 689 569 677 9 13 976 958 314 351 345 912 389 741 221 3 559 225 765 752 673 615 852 443 345 111 89 773 155 835 348 618 948 779 101 114 98 417 991 666 565 455 499 358 714 552 161 910 3 98 82 684 230 459 959 983 294 288 184 528 137 391 700 367 627 586 593 507 498 886 936 442 397 337 359 388 16 535 205 382 383 508 329 481 953 762 442 153 389 538 117 195 740 518 7 705 686 439 132 110 114 830 825 356 322 534 969 770 132 322 589 188 288 349 854 801 254 391 961 902 241 286 316 894 676 263 848 481 131 265 968 329 918 164 529 728 911 38 893 624 421 139 471 925 431 228 251 413 990 18 201 786 796 615 543 559 984 664 522 624 741 767 284 284 366 622 306 395 253 529 752 901 503 798 356 74 887 758 646 730 586 206 778 127 506 37 524 544 920 785 489 208 591 685 418 7 745 619 710 460 185 702 940 61 738 563 540 193 251 185 875 987 669 334 366 490 744 204 164 749 798 261 384 559 447 782 278 47 969 840 350 649 290 447 966 431 931 691 33 206 554 851 381 719 466 607 717 277 266 152 874 743 890 658 876 725 401 641 216 158 829 620 251 469 187 157 672 550 437 528 123 211 650 701 608 827 834 36 963 121 162 448 307 826 212 623 763 743 481 711 408 778 330 166 539 12 158 515 841 207 871 983 877 82 776 397 590 500 878 109 868 511 486 894 45 244 979 265 733 184 375 884 560 581 6 552 595 846 965 677 378 984 157 322 228 118 293 769 114 213 295 551 562 28 260 259 900 115 780 568 264 921 168 951 285 230 783 787 46 918 880 710 622 433 317 201 35 521 711 888 24 772 64 809 121 224 314 726 383 659 886 782 276 987 332 710 90 606 454 940 10 578 86 679 943 803 316 658 495 309 848 251 981 51 354 944 977 107 332 410 904 507 389 174 710 124 222 982 921 672 50 897 314 549 936 818 78 206 847 621 10 894 325 21 804 79
442 943 111 258 299 400 325 597 148 879 496 95 40 707 169 884 426 400 507 22 640 87 30 150 553 149 97 494 450 897 528 633 606 840 354 756 303 90 638 942 827 68 688 212 884 510 664 559 804 537 642 920 946 297 54 139 148 569 681 149 361 704 866 774 480 678 57 585 101 933 116 757 203 711 878 726 689 426 149 366 627 865 646 84 687 765 897 879 117 395 510 158 805 470 511 463 689 817 182 930 172 798 279 137 87 38 384 213 484 730 410 448 548 316 372 98 112 487 914 618 473 857 307 94 783 189 508 603 789 459 219 394 546 384 62 951 756 656 333 380 698 661 556 564 449 888 622 78 693 418 916 999 309 569 42 642 38 653 546 174 639 995 922 588 536 115 39 418 532 653 868 40 305 177 647 379 960 732 115 805 528 278 60 924 909 905 772 557 892 112 274 98 844 869 188 31 732 523 374 713 277 834 489 714 831 245 269 43 133 312 971 61 663 574 343 127 509 277 549 275 922 549 496 690 566 887 616 507 373 974 752 766 407 629 844 892 563 854 634 68 449 501 482 831 220 944 197 943 859 240 353 343 70 276 501 793 903 795 300 232 777 226 493 644 184 854 707 358 525 893 471 799 666 982 815 564 534 134 847 154 618 972 108 847 359 753 595 875 379 710 513 420 776 980 98 368 70 751 800 201 299 676 488 247 239 895 607 859 155 165 824 212 400 693 725 104 254 415 476 743 560 461 470 1 633 393 333 291 16 216 723 464 488 973 46 463 352 855 901 215 284 365 342 887 871 613 148 170 954 268 879 545 664 83 545 693 741 467 236 396 409 220 594 888 101 659 388 593 102 451 228 915 781 467 55 338 417 74 615 708 937 781 759 508 171 836 152 842 674 487 845 175 914 258 186 916 724 27 908 146 764 48 56 264 316 54 770 815 544 100 450 494 321 663 502 281 832 828 849 20 371 261 510 82 857 260 537 410 950 364 179 687 740 130 557 25 177 657 570 768 519 227 438 608 507 672 796 203 603 8 813 177 780 902 921 314 493 874 395 190 236 538 360 114 168 368 75 907 701 385 381 82 611 217 110 216 1000 277 955 585 495 736 654 579 219 764 284 721 197 670 170 370 990 243 767 915 259 274 240 486
881 108 602 264 355 249 846 730 982 889 74 59 678 911 533 281 469 711 176 949 53 331 981 360 458 347 15 864 403 897 774 252 718 259 435 304 749 748 116 493 551 593 220 685 633 313 974 372 856 99 417 423 394 151 617 660 146 933 720 682 87 552 533 911 98 842 183 698 529 2 593 573 398 228 394 261 288 905 742 77 903 404 800 464 258 507 426 493 338 792 46 635 427 137 936 3 78 458 330 379 552 756 164 54 354 119 670 442 420 753 474 877 171 573 58 417 868 325 160 3 386 708 254 264 909 687 102 689 446 391 209 345 641 149 108 367 68 374 325 38 217 900 11 623 447 970 809 779 610 398 117 889 794 481 376 998 222 903 5 688 707 3 173 168 124 724 758 587 561 579 191 974 911 911 346 789 829 434 656 596 78 539 418 624 558 348 97 108 279 591 692 447 683 890 167 398 275 311 243 301 621 519 129 169 371 730 905 256 890 371 39 510 929 54 899 197 993 230 642 594 281 842 39 734 652 380 604 209 385 966 381 449 979 734 467 462 875 703 697 648 392 293 474 369 602 588 761 640 281 716 142 789 129 808 407 658 433 241 48 943 24 823 38 785 441 834 733 11 702 233 721 586 844 230 537 827 870 505 232 228 399 297 286 399 207 564 737 638 285 971 151 815 530 641 207 70 665 86 839 177 911 202 856 39 960 845 191 950 721 255 656 258 401 417 271 415 739 958 73 874 97 722 70 98 735 46 505 863 779 739 45 340 595 457 392 324 86 383 295 267 916 869 985 785 381 373 832 691 937 553 914 83 316 988 139 913 360 941 883 243 340 913 524 484 861 426 604 992 471 262 73 337 929 127 530 921 909 421 275 291 330 973 453 300 216 831 305 780 498 952 239 875 163 337 972 183 459 480 850 141 791 279 906 958 285 814 788 532 697 159 630 856 994 285 174 536 279 971 564 693 385 450 661 675 995 822 576 352 66 561 111 317 156 535 990 101 916 852 855 919 995 227 73 801 563 455 24 574 504 732 412 392 39 422 334 651 806 814 264 703 875 162 295 95 574 397 356 631 677 206 235 233 282 415 661 657 242 630 860 250 463 837 166 112 108 151 921 277 369 42 715 156 240 200 955 207 312 310 865 109
774 236 414 531 531 273 481 922 373 157 15 108 959 784 853 835 250 899 252 244 48 681 752 783 604 559 808 950 399 866 316 113 427 650 971 94 753 857 861 687 725 260 275 336 603 485 376 736 708 637 683 585 752 909 671 512 491 54 307 753 859 53 93 381 767 866 91 115 174 848 100 778 336 591 792 496 195 680 963 457 26 109 625 808 698 494 806 952 162 20 921 439 45 323 301 743 489 530 362 781 710 988 759 401 496 154 419 437 644 795 972 433 328 725 210 794 939 883 62 260 490 550 728 664 359 651 18 678 865 629 92 415 654 994 260 77 438 487 826 524 881 790 178 954 603 699 449 795 972 669 246 876 408 468 838 125 995 195 702 382 809 61 445 53 268 791 840 499 648 485 289 975 379 72 245 547 354 72 597 647 771 475 608 906 42 2 490 370 78 289 902 90 537 70 130 577 715 953 720 819 233 821 112 915 690 172 541 323 397 939 789 384 208 481 237 84 288 983 356 682 755 639 690 450 340 296 18 226 666 614 6 34 952 690 838 317 156 484 483 503 480 734 900 109 911 967 824 563 91 683 644 998 453 314 725 594 168 218 790 391 999 212 96 905 373 164 463 768 347 714 833 40 572 240 653 868 886 22 791 728 447 425 955 600 776 458 475 787 293 421 300 714 36 622 367 72 70 419 982 344 202 739 914 602 537 148 893 102 574 228 240 139 121 890 195 23 141 706 264 181 882 580 823 208 949 337 276 58 165 10 454 733 526 598 974 432 925 585 457 505 761 866 329 847 401 573 244 456 39 495 760 583 273 448 957 496 540 308 30 8 869 300 25 190 290 576 10 751 589 774 409 210 996 157 226 909 875 310 215 558 227 149 34 98 190 840 350 688 720 374 940 133 150 335 721 335 239 314 361 42 987 106 382 218 27 876 866 130 918 819 533 695 569 640 640 8 133 140 822 123 162 798 82 818 835 894 334 300 135 481 418 235 667 882 902 476 898 765 864 137 84 42 856 460 796 607 688 169 321 449 641 877 326 260 75 917 191 711 760 779 865 424 66 180 374 489 623 399 736 62 353 548 438 680 241 537 970 509 589 464 246 219 502 420 398 328 724 967 752 919 484 495 734 575 862 330 522 215 929 936
797 615 864 81 236 59 610 335 659 121 229 537 397 48 265 116 959 684 226 653 195 142 58 900 397 58 184 722 430 687 428 932 476 910 594 806 428 25 843 227 841 948 752 834 479 779 350 908 820 991 882 5 272 53 707 444 500 319 15 640 779 187 380 637 634 922 886 892 208 249 132 908 127 694 366 534 811 715 410 671 980 438 909 860 597 508 714 632 878 972 329 450 437 172 983 169 392 194 52 971 642 440 500 244 359 702 572 17 635 171 359 779 660 672 170 911 608 293 530 466 917 926 850 532 531 283 222 145 226 886 570 20 216 453 920 276 467 88 166 564 330 530 1 748 343 381 946 614 31 563 850 634 341 731 528 348 265 236 403 278 619 171 850 258 695 371 265 914 870 634 711 789 882 478 799 461 526 790 561 482 266 70 190 581 341 624 143 474 196 794 410 978 483 529 869 167 398 604 817 139 288 439 620 831 344 154 884 180 260 663 39 91 277 477 732 620 157 32 783 184 949 569 940 930 561 730 815 429 41 49 476 573 968 119 833 63 97 233 936 243 975 868 933 712 833 747 292 601 465 52 335 11 446 805 415 196 634 448 518 795 472 204 488 19 363 955 185 254 910 328 786 365 594 112 58 252 501 239 189 812 887 676 195 790 308 131 13 491 514 113 450 977 380 530 85 684 559 712 574 291 671 216 838 530 224 449 890 839 566 928 756 26 523 24 957 18 356 144 389 471 145 290 327 338 144 85 299 927 690 88 500 525 403 192 256 25 121 368 257 610 918 604 292 181 466 101 682 280 764 585 636 849 56 467 714 338 414 16 261 831 431 593 663 894 622 476 906 347 657 209 498 453 746 743 120 334 89 281 581 877 656 810 789 708 283 287 258 890 253 588 155 256 872 572 611 875 447 479 157 395 367 419 487 398 431 108 971 700 343 804 237 37 453 662 876 493 605 196 294 492 306 752 430 241 164 458 147 562 498 337 412 183 383 439 717 802 602 620 388 169 661 347 128 857 853 505 687 331 551 721 301 256 147 190 692 84 479 172 901 945 575 896 155 108 173 665 792 52 897 640 753 737 61 681 45 957 369 491 638 634 532 572 34 634 559 336 957 63 642 208 71 63 621 590 334 407 428 405 794 701
443 57 914 223 351 71 809 771 836 700 940 579 379 179 89 68 987 816 208 917 365 434 704 607 821 218 978 146 677 751 479 783 191 611 100 406 831 389 414 841 805 622 410 676 544 202 908 884 495 328 446 306 617 760 213 674 953 163 914 931 89 226 843 222 362 798 440 656 318 639 322 814 264 388 547 996 793 180 112 239 937 269 604 243 775 339 800 988 525 804 86 743 439 414 850 891 99 913 411 15 718 182 989 109 601 776 724 358 355 970 362 735 32 821 737 564 392 438 187 256 325 655 862 240 896 540 768 280 814 848 877 245 80 314 859 256 308 610 391 236 845 753 641 542 801 124 212 339 777 574 890 853 569 106 664 384 810 627 882 843 637 394 910 379 297 264 213 527 863 305 804 768 3 188 424 901 776 136 316 586 542 453 609 61 199 62 177 902 780 387 727 845 228 787 225 119 338 364 848 385 256 920 635 156 87 544 229 661 466 928 692 244 990 763 602 929 922 588 870 658 625 228 662 956 150 534 330 278 610 50 387 615 476 574 314 919 535 330 639 729 217 658 479 636 935 654 894 41 467 379 105 814 439 382 25 29 888 3 994 588 127 426 947 335 117 983 201 641 490 112 91 533 740 447 898 743 76 726 560 751 187 597 147 921 941 749 542 307 756 761 757 992 711 859 220 534 295 68 53 493 162 31 634 469 162 497 457 24 631 939 445 494 521 308 278 862 954 719 500 441 611 244 803 29 434 621 478 189 243 67 855 436 145 821 63 785 806 357 344 713 965 783 498 570 579 216 448 7 273 947 862 956 898 345 573 376 294 399 519 962 710 398 841 201 802 691 12 393 624 849 305 720 163 115 617 381 420 52 319 794 319 644 383 477 931 800 222 14 720 213 526 299 399 798 88 749 69 336 954 856 291 31 309 342 856 977 138 854 403 648 935 983 945 739 320 622 180 681 574 484 509 950 481 535 944 1 310 157 830 951 728 440 615 383 844 34 191 8 947 5 807 354 259 148 146 57 229 115 140 74 477 282 57 672 707 337 131 799 914 408 842 109 639 52 862 823 841 443 183 519 96 714 165 544 491 241 752 742 469 26 334 165 797 672 358 154 522 510 618 609 114 462 410 11 54 263 192 503 5 292
329 787 996 886 522 55 196 603 807 267 63 59 471 286 193 617 327 387 406 890 702 433 865 483 62 804 59 369 67 351 739 407 567 757 609 871 718 308 106 100 679 99 64 766 383 601 636 615 638 962 762 549 198 194 809 564 336 686 872 572 498 167 740 320 928 16 410 868 876 222 950 158 526 748 584 498 506 854 690 290 469 117 444 679 268 329 568 276 800 168 457 685 54 852 685 504 968 545 818 592 629 357 263 899 474 517 831 566 350 184 702 503 95 251 661 864 557 592 895 652 867 170 380 405 390 673 918 123 855 888 336 311 948 298 518 558 995 512 64 383 61 247 887 961 196 572 456 37 822 967 76 384 921 128 651 260 172 498 472 86 261 580 424 792 54 942 632 646 146 68 190 472 432 381 306 924 400 658 489 701 446 370 716 887 738 309 781 47 779 872 82 58 527 184 654 152 662 291 128 61 517 228 733 709 521 952 87 49 112 727 51 714 482 501 698 319 741 459 464 315 419 229 81 440 389 419 994 409 425 380 840 733 208 215 312 731 778 44 687 986 295 450 127 931 736 465 717 667 744 88 800 21 73 322 230 890 488 697 970 789 972 829 800 359 916 221 430 108 274 454 303 726 323 450 805 992 500 529 140 945 880 479 282 691 423 94 4 576 325 353 51 961 414 331 737 174 808 964 351 287 427 766 268 507 214 576 626 360 816 121 575 198 128 547 592 957 387 517 150 779 799 487 119 527 659 683 306 120 235 692 336 943 131 851 250 916 443 359 862 550 785 51 93 701 275 132 838 109 999 622 507 761 381 26 698 882 487 540 538 757 108 834 27 858 666 239 503 45 155 948 186 16 501 298 300 939 403 282 382 573 14 984 92 740 436 260 858 429 528 764 426 252 60 244 261 206 982 413 634 784 737 988 734 583 31 343 375 135 852 242 550 302 841 619 769 620 934 711 665 456 876 726 235 444 589 538 796 738 54 511 602 874 927 188 43 496 420 366 122 212 32 442 910 554 888 235 283 299 418 505 231 407 794 108 319 759 955 285 641 659 165 619 133 609 305 483 131 166 279 36 422 498 128 834 384 526 751 660 416 809 828 948 523 399 814 738 139 1000 424 93 640 175 595 760 45 475 813 925 808 884
847 339 162 822 475 368 468 84 111 549 486 297 74 922 291 67 838 514 864 126 763 322 951 408 948 906 117 638 527 411 166 34 650 575 378 408 127 597 669 227 410 946 440 179 51 308 341 479 774 512 9 919 374 817 425 577 888 238 233 1000 798 645 400 29 905 48 545 893 167 373 684 221 471 843 659 220 205 578 792 629 741 246 375 821 758 270 787 920 612 852 184 180 307 107 843 206 932 57 920 169 17 158 23 335 345 336 598 214 155 748 832 355 408 815 356 904 338 561 731 80 355 296 231 408 246 675 863 162 613 449 742 270 783 371 122 730 868 757 518 867 274 169 881 261 204 814 294 190 783 407 709 442 835 496 347 960 460 669 421 74 871 360 333 616 73 968 30 819 773 277 686 185 429 946 257 375 800 470 336 253 896 76 984 695 31 28 789 556 792 192 987 856 21 619 97 990 467 206 978 517 754 749 982 610 676 911 68 530 525 443 758 69 364 194 158 418 41 119 831 949 556 320 539 997 856 71 854 487 292 718 838 155 430 536 888 151 59 848 16 682 354 695 645 240 812 971 263 998 125 338 983 949 284 714 598 948 529 871 294 666 523 107 211 134 45 678 772 794 128 295 491 507 697 74 961 386 891 362 170 547 290 443 792 669 684 466 71 629 393 468 434 89 232 93 481 894 783 343 592 681 521 209 964 76 185 170 712 327 319 637 407 516 537 263 982 335 57 919 505 313 875 965 607 394 798 638 713 520 937 942 827 242 975 858 234 965 559 461 298 906 789 919 455 729 685 312 885 101 936 975 354 295 795 632 467 317 878 977 101 380 244 373 856 950 890 999 780 90 755 537 797 59 272 115 94 934 802 832 887 334 71 334 684 11 229 888 842 768 575 626 196 31 777 362 842 41 234 158 488 612 656 307 229 982 355 251 755 41 628 137 210 153 153 919 93 955 836 88 978 227 298 316 109 149 234 425 950 39 272 62 505 7 31 711 398 543 451 290 45 424 275 281 729 614 908 385 845 195 934 446 972 11 570 580 946 465 231 38 240 355 997 306 667 338 966 666 12 562 81 351 532 95 700 408 730 277 367 197 114 498 774 643 463 924 710 737 786 255 476 643 768 705 9 128 78 154 393 171 303 713
599 324 634 656 796 100 184 793 971 426 593 808 774 245 363 922 267 546 442 363 867 347 834 564 118 936 438 817 620 275 896 745 538 176 765 830 421 664 846 951 574 848 278 349 350 180 98 57 971 762 312 904 623 112 934 137 456 240 280 100 322 795 75 999 736 195 169 303 336 831 370 670 530 573 47 764 828 144 954 992 713 233 448 584 987 487 817 788 843 834 674 474 843 981 928 377 194 121 192 984 963 358 78 406 876 800 763 24 622 814 725 77 654 408 524 337 708 506 790 709 926 238 628 604 485 302 277 872 72 55 727 410 736 972 362 352 212 485 31 544 139 690 453 799 711 661 207 693 546 149 113 243 530 181 975 345 169 523 22 315 879 658 50 253 651 22 175 826 544 865 453 842 334 699 665 29 175 604 897 82 117 666 416 229 126 439 432 102 282 431 322 279 970 495 58 985 631 455 219 812 201 199 757 709 868 628 700 824 731 238 921 919 740 398 744 312 214 396 872 775 75 105 865 790 517 92 698 705 886 797 449 89 2 69 500 449 125 311 490 552 256 975 25 206 682 748 810 747 968 158 958 775 511 191 760 280 108 781 34 118 287 510 93 366 650 752 536 969 593 450 378 321 526 912 169 802 172 396 701 893 528 855 983 931 87 877 795 346 542 744 745 697 158 639 458 849 913 428 617 265 890 563 924 344 28 96 649 578 632 660 353 268 130 325 610 996 814 816 53 972 943 234 442 338 830 728 107 493 837 174 737 78 986 399 700 31 965 901 977 442 310 303 495 646 450 314 941 65 90 281 352 850 885 860 657 393 863 350 180 787 502 6 452 677 105 630 439 53 996 422 102 847 420 185 979 97 850 491 625 340 555 580 136 987 199 895 907 617 524 876 879 792 490 909 58 24 50 433 651 214 153 818 802 984 581 169 46 462 836 207 400 557 457 175 947 927 149 794 178 465 946 543 923 991 359 591 54 43 914 886 480 623 328 657 621 302 870 42 288 179 251 206 364 551 211 942 683 355 631 551 129 91 583 951 695 807 882 264 480 389 76 765 725 734 979 127 330 341 712 75 231 629 201 877 50 661 350 670 516 281 234 423 374 916 884 214 377 378 633 183 379 149 916 559 454 76 61 427 683 783
999 756 133 6 554 941 517 693 686 821 815 68 447 973 555 548 159 648 990 97 105 712 374 851 615 785 262 3 353 746 426 891 686 125 268 790 431 499 269 47 333 612 227 887 81 104 255 981 443 177 162 445 596 661 579 485 722 544 616 729 863 331 777 872 856 374 210 850 593 385 209 917 336 118 789 281 785 551 844 536 97 26 301 225 467 212 31 513 55 967 851 582 137 608 47 358 219 917 159 333 185 137 358 386 799 556 272 218 582 123 333 693 761 649 235 579 805 844 707 486 153 244 722 351 136 316 335 673 241 382 269 755 338 944 662 161 805 33 683 24 281 23 154 91 65 439 292 47 470 529 992 381 461 137 495 416 564 104 989 247 487 450 820 129 473 452 598 466 130 976 97 343 735 648 595 844 270 155 241 421 509 25 431 926 916 428 885 634 461 566 29 484 983 161 9 894 766 955 283 841 628 138 991 496 238 561 155 331 855 962 105 957 754 806 92 673 325 749 376 694 413 153 262 826 709 142 518 806 733 489 871 27 781 694 374 220 123 225 285 636 995 379 59 456 249 729 170 204 688 452 890 749 321 870 653 598 673 837 897 179 628 642 463 997 404 983 648 489 952 849 975 953 543 800 761 119 283 871 253 664 626 920 48 913 58 923 187 641 201 155 813 617 30 270 315 324 433 306 693 138 350 331 64 437 168 151 603 920 584 626 564 394 928 881 635 496 470 538 302 775 139 213 243 946 533 118 647 658 93 399 746 993 476 878 225 915 934 766 251 609 919 872 414 785 430 398 600 928 800 943 704 595 852 688 940 432 18 525 683 637 282 477 865 296 597 125 400 748 687 894 346 309 555 23 851 132 898 261 141 544 747 103 813 103 393 992 690 401 94 438 86 261 539 464 779 632 426 47 341 8 976 521 930 608 682 628 744 951 104 182 915 2 72 899 481 313 708 470 170 352 782 469 299 846 432 46 327 461 84 227 854 578 863 710 189 84 827 856 251 31 178 931 739 622 812 410 387 785 711 894 955 926 511 69 367 519 400 140 938 103 424 749 682 186 387 587 943 586 846 763 990 970 946 449 758 380 228 395 780 337 488 911 803 112 977 643 753 921 113 310 632 899 997 631 624 964 101 445 525 511
806 803 728 503 495 272 549 576 462 369 244 873 477 494 624 698 799 293 122 961 533 638 610 952 194 855 97 294 303 890 501 335 190 339 536 194 487 614 904 917 903 780 112 280 299 942 735 713 858 148 163 959 981 838 827 881 502 567 494 133 886 935 49 419 772 771 890 757 397 311 83 290 115 23 674 536 750 746 167 455 462 841 96 260 909 874 459 621 260 862 77 351 390 14 925 775 859 393 911 717 799 612 474 479 79 569 507 224 70 286 114 808 675 612 747 546 669 833 28 392 2 580 67 887 775 610 700 955 958 844 737 366 152 578 14 818 780 719 710 45 726 751 367 165 765 183 550 313 322 745 130 435 63 624 358 937 107 367 88 909 445 98 177 384 520 98 628 845 53 195 292 879 52 948 875 727 788 170 947 863 331 737 549 500 215 790 910 750 868 541 38 902 723 682 465 807 343 597 6 80 710 377 156 195 364 514 955 974 311 646 3 725 759 833 299 314 58 390 505 18 185 646 264 211 362 586 847 193 622 114 461 135 700 978 125 882 563 670 999 860 454 15 144 91 402 789 285 930 768 235 698 197 732 686 921 194 813 599 698 689 256 678 198 127 695 689 733 905 747 879 35 943 439 20 769 327 331 113 862 409 194 746 766 305 929 127 235 641 641 469 496 418 745 308 856 219 560 873 595 649 943 146 137 752 439 240 973 881 558 534 470 551 579 766 627 34 70 229 472 115 616 184 141 927 698 467 332 618 650 21 599 142 479 145 387 673 120 245 516 206 5 591 624 879 741 245 506 888 83 610 862 415 629 952 227 577 323 437 655 138 309 49 173 429 335 861 667 421 927 75 503 745 457 194 129 163 217 730 922 19 499 661 628 331 18 717 857 42 900 681 444 225 581 224 902 671 532 916 442 991 939 252 572 949 968 305 415 320 110 25 288 804 802 184 245 288 425 237 105 648 905 228 69 490 42 772 653 42 525 322 641 756 50 496 783 964 77 242 263 103 369 538 149 937 245 742 284 353 81 350 603 920 630 485 754 755 363 972 46 724 407 116 814 705 733 731 202 958 715 266 917 955 695 502 132 155 810 399 466 344 654 429 524 720 729 389 565 725 621 283 269 909 878 441 705 281 625 971 6 88
157 724 506 872 913 910 272 785 12 484 575 988 798 434 1000 679 245 201 510 634 576 292 584 694 231 630 227 129 298 790 199 444 256 530 598 859 341 245 999 872 797 7 535 112 413 659 404 49 517 731 558 915 314 20 488 283 841 894 402 899 650 966 221 509 295 306 841 525 607 840 508 580 19 369 543 217 789 367 345 233 298 378 288 907 888 990 239 467 333 747 506 33 719 25 575 750 543 104 47 490 522 734 341 221 662 148 835 20 654 628 46 985 333 562 342 431 743 937 546 662 823 953 345 999 398 848 753 32 365 801 262 774 61 133 831 74 122 675 57 324 46 652 903 505 842 95 384 508 175 963 969 332 178 234 780 5 3 172 890 268 862 94 47 892 413 768 583 1000 180 612 776 98 474 411 23 314 143 127 528 629 567 539 837 244 567 12 726 480 879 138 798 337 854 117 625 946 970 617 506 188 312 181 512 222 819 648 521 724 681 745 428 316 95 270 703 201 147 245 806 264 137 404 998 79 932 147 364 631 235 127 495 549 55 506 112 832 83 489 493 855 985 332 442 958 24 260 974 852 539 365 510 985 171 517 978 880 470 709 936 373 701 721 659 482 776 394 486 874 534 663 811 305 9 446 664 207 752 268 770 655 942 186 810 684 262 610 659 73 645 152 90 9 877 830 65 905 778 336 337 136 769 95 632 726 641 87 525 656 973 135 199 671 910 80 765 383 19 758 795 108 771 334 714 143 187 645 360 457 657 559 639 9 479 300 182 143 979 553 561 976 439 54 993 869 482 801 894 326 589 143 633 458 909 312 961 397 760 453 416 889 496 517 474 720 116 293 440 223 413 401 47 692 550 472 826 13 204 281 730 606 223 701 554 297 905 836 285 129 108 597 470 919 567 604 830 69 399 926 488 394 71 350 566 405 444 957 6 989 929 466 201 214 325 252 960 226 853 508 993 104 647 189 655 99 548 259 13 994 260 377 599 960 575 286 153 643 453 322 881 542 13 480 59 361 965 794 369 747 680 395 237 503 473 866 576 239 555 990 969 862 525 307 243 409 948 270 490 288 943 941 234 559 121 869 933 78 332 693 509 95 965 788 202 170 564 252 429 32 869 126 491 637 674 306 353 756 898 228 312 500
284 999 872 57 201 960 904 546 897 292 548 945 947 742 678 338 11 613 409 905 894 726 440 420 299 545 235 705 455 973 567 19 612 627 302 844 849 612 179 479 789 625 732 678 376 819 548 502 289 696 430 415 149 13 634 371 960 916 407 156 480 475 837 470 539 308 687 798 951 188 407 530 740 640 585 350 950 872 293 414 813 687 725 624 980 13 516 321 850 613 374 105 140 551 629 557 392 563 366 261 572 584 273 217 326 130 648 38 764 394 708 640 19 66 390 642 346 740 90 684 976 395 922 424 203 156 331 230 227 332 121 515 597 998 712 398 902 604 656 368 805 151 404 758 582 529 81 278 564 940 7 887 419 262 940 280 593 562 442 712 161 234 910 161 111 533 737 50 868 299 98 105 657 584 173 823 332 304 250 220 303 276 553 892 738 192 768 174 732 167 81 558 622 298 897 761 132 466 277 70 12 103 853 251 242 260 983 148 81 412 422 622 802 750 641 184 687 343 737 511 108 857 513 975 82 93 911 655 900 894 388 79 88 443 518 696 303 608 328 662 167 717 29 559 33 59 207 922 148 305 948 284 384 4 602 720 230 167 399 835 928 608 116 993 628 692 797 272 205 716 366 286 650 368 152 46 984 628 885 679 536 866 690 819 642 768 761 40 885 930 328 472 936 170 934 969 7 294 610 837 314 93 246 709 962 2 440 666 373 615 784 504 498 792 766 344 244 195 56 886 573 821 368 558 486 132 78 78 328 952 149 194 180 242 628 327 611 122 194 871 416 521 274 897 468 870 818 477 16 240 632 837 876 405 666 545 225 188 94 355 420 349 27 409 660 712 192 837 965 198 555 407 322 921 979 792 602 515 827 808 512 200 760 954 912 407 843 954 494 523 311 984 891 26 852 965 49 358 86 939 939 563 725 918 994 874 441 837 549 572 956 561 258 50 451 809 977 456 672 325 635 790 181 234 69 478 778 283 439 542 968 450 910 278 724 914 430 726 224 661 555 847 558 482 770 248 258 391 951 338 253 971 962 21 310 849 599 448 168 169 627 834 846 45 136 847 203 630 855 744 238 609 388 473 24 359 727 419 140 296 628 337 673 226 877 781 992 63 902 350 385 313 54 395 968 703 992 299 638 66
711 244 942 58 622 634 164 861 825 736 538 80 28 923 925 308 511 417 521 218 422 454 912 88 509 794 631 712 91 91 572 752 301 114 957 995 66 954 195 218 926 357 47 650 448 408 643 675 163 491 573 448 271 270 453 898 859 468 302 870 154 150 121 319 854 107 85 240 789 709 627 251 108 564 77 1 979 220 311 207 588 303 146 554 241 285 610 112 304 420 745 395 144 517 454 859 389 462 674 709 155 817 27 219 20 322 955 775 975 715 796 545 657 627 230 66 555 818 199 582 681 973 664 967 760 984 356 159 11 372 315 275 163 448 455 797 619 352 699 602 52 47 945 410 291 999 765 727 409 461 93 378 150 114 820 926 177 780 865 590 294 522 704 453 70 388 264 350 674 723 646 921 523 249 421 445 993 433 738 706 398 245 816 559 395 719 310 779 541 269 191 55 851 980 682 721 488 366 672 82 95 712 212 921 115 465 920 716 296 501 30 999 29 838 787 481 398 953 705 80 958 679 121 647 538 902 436 392 968 838 418 41 799 374 898 555 823 420 340 38 271 38 624 400 91 511 63 475 196 534 408 294 90 804 951 603 635 321 59 252 450 646 220 715 108 756 97 739 395 974 112 904 923 965 669 970 594 338 225 741 614 242 41 318 959 950 147 154 804 302 616 728 629 445 675 399 110 129 14 675 181 297 234 72 760 277 934 418 379 447 111 407 635 776 419 530 211 185 566 382 243 541 661 48 152 185 148 666 942 852 793 202 691 705 796 270 400 564 886 931 286 882 527 694 672 246 418 877 601 405 191 958 135 162 398 119 94 427 764 69 584 686 375 798 858 985 157 788 72 795 692 823 681 889 768 409 724 835 29 53 988 574 924 475 973 7 86 486 59 37 24 798 150 191 997 78 985 301 241 632 429 513 884 754 695 270 403 27 450 834 536 459 394 236 864 5 136 768 142 978 767 888 921 719 839 674 789 894 176 639 719 62 657 247 80 726 128 991 528 667 982 616 273 529 976 39 513 333 581 59 684 114 426 481 119 100 975 205 867 991 702 856 895 656 844 373 80 727 539 555 465 659 27 878 126 745 98 647 624 489 229 190 854 737 553 991 789 863 58 455 566 233 390 216 406 222 247 856 129 430
193 148 25 660 610 584 473 771 763 564 290 891 360 546 956 444 884 628 414 395 778 735 281 128 483 272 471 187 895 333 363 32 111 168 750 283 602 139 395 625 451 974 80 49 496 953 692 360 235 618 556 360 923 439 248 802 420 970 523 990 798 858 653 894 645 112 617 745 145 485 692 692 967 242 83 521 787 963 259 7 592 810 90 780 693 125 637 450 877 466 779 793 597 221 884 665 350 283 300 492 849 521 100 534 292 176 802 725 134 495 744 479 700 878 319 51 114 417 592 932 361 991 549 497 843 800 635 819 532 95 886 516 379 345 301 87 546 552 330 153 976 300 115 442 273 89 276 253 496 26 343 371 524 276 671 63 170 536 10 742 632 145 842 147 450 55 691 931 532 568 490 944 317 475 693 559 22 499 277 97 918 587 460 866 950 892 873 266 309 851 29 879 240 98 881 985 678 981 868 324 816 514 497 535 419 882 692 891 851 205 212 831 763 969 780 64 222 190 907 443 8 108 232 197 534 286 119 734 483 867 865 23 675 248 140 254 542 644 827 928 20 74 482 934 729 740 355 284 720 855 884 566 366 70 126 434 653 541 40 798 403 644 721 193 682 162 699 788 136 386 734 868 64 105 175 162 244 21 106 716 793 595 600 250 321 41 203 46 667 558 889 112 618 174 992 672 858 470 989 297 496 530 811 97 384 173 846 225 541 51 679 467 613 694 64 580 471 764 31 585 203 836 226 866 174 800 70 140 89 385 602 852 599 215 416 803 525 943 50 809 281 493 77 852 669 308 903 937 517 850 912 331 310 215 780 926 847 340 299 619 914 181 44 926 214 879 221 596 511 786 854 127 385 475 523 859 777 22 960 360 180 678 775 877 4 372 922 280 52 148 991 112 289 719 131 115 584 518 260 771 955 759 738 211 584 455 961 636 484 935 483 299 769 564 768 60 149 61 577 61 692 19 200 506 753 64 876 863 119 48 751 860 712 226 862 930 979 645 718 564 996 324 647 333 809 95 794 998 860 538 143 503 585 997 605 434 160 161 101 319 478 287 948 667 894 573 485 779 340 988 809 348 616 372 640 873 562 259 434 116 834 433 796 882 302 442 567 958 497 80 306 443 278 413 503 296 526 922 882 749
19 658 517 142 455 782 537 115 992 517 635 152 707 466 487 601 7 379 29 336 585 400 462 200 938 299 847 956 935 646 264 600 721 250 435 679 911 877 629 902 870 733 918 29 302 138 269 980 339 389 39 434 846 780 48 609 609 124 63 943 296 408 130 617 505 192 429 613 583 950 835 603 107 367 510 842 612 545 867 349 176 517 24 260 931 841 361 99 338 857 661 32 659 748 836 121 582 944 731 907 264 332 236 65 942 788 890 864 675 590 951 365 514 716 198 136 352 641 577 742 766 499 32 308 464 233 377 145 828 120 377 740 411 579 253 4 13 610 722 555 635 73 841 737 936 941 536 11 327 1000 150 208 459 872 794 538 371 953 835 18 739 578 912 533 997 685 384 610 322 193 7 72 881 547 492 228 339 953 89 205 967 914 943 826 968 800 719 123 274 587 533 910 915 314 994 407 479 381 283 712 399 451 795 51 383 569 587 660 133 729 794 199 702 76 612 637 6 969 151 403 159 370 121 59 662 27 75 942 993 515 417 110 650 751 805 341 547 733 597 930 251 317 286 868 857 636 356 288 461 311 129 56 104 621 486 705 700 740 327 116 436 946 291 458 42 928 379 406 119 887 392 263 211 599 335 187 936 163 248 519 645 563 608 665 228 753 920 637 656 65 680 650 886 71 199 188 263 151 413 634 570 758 197 916 355 827 488 914 297 739 879 802 533 680 975 284 730 462 293 907 174 50 492 159 759 427 36 511 865 279 43 571 421 475 584 900 83 348 373 585 461 919 729 250 436 635 192 865 290 389 698 137 272 604 595 590 465 829 933 267 225 934 278 432 229 724 385 261 165 877 690 883 29 765 642 217 43 368 185 807 497 92 841 222 161 886 660 3 997 729 676 499 194 882 204 581 899 462 963 419 162 236 747 30 515 364 410 272 139 567 147 369 529 842 173 27 234 824 129 972 182 43 963 440 754 273 634 563 401 19 714 504 556 13 77 307 695 53 52 609 827 407 715 887 758 897 970 207 335 485 655 916 795 375 918 880 404 36 347 510 153 989 627 233 402 967 162 707 346 420 55 631 642 81 508 450 435 241 705 585 178 227 488 529 444 996 706 88 237 388 585 799 420 336 633 301 645 779 805 314
778 292 88 277 311 933 120 11 149 718 265 217 497 970 128 104 348 156 997 887 552 401 313 124 884 91 52 594 471 5 999 893 321 766 873 451 106 583 274 252 181 931 92 711 748 623 817 852 395 762 382 188 492 844 933 169 156 309 729 526 770 321 627 554 196 767 864 37 352 357 930 370 949 549 35 965 757 143 366 442 561 354 90 852 537 192 130 300 750 261 964 442 588 93 240 755 368 390 924 279 465 250 97 970 589 710 611 355 311 681 189 464 871 831 33 687 365 421 395 81 817 180 36 782 655 34 98 218 228 347 656 329 982 942 189 238 377 788 818 620 950 342 658 432 538 86 735 59 508 764 41 250 138 989 38 189 752 174 545 982 775 230 527 139 280 806 794 181 942 895 20 782 826 654 87 469 573 893 164 8 142 299 612 673 173 645 242 700 223 460 845 669 420 618 85 171 474 5 609 167 72 573 496 323 242 611 524 462 773 841 752 79 355 764 19 446 12 580 50 947 323 149 434 898 154 741 902 260 594 321 299 363 933 147 221 693 782 959 849 63 840 333 775 771 354 688 513 735 140 911 186 840 233 887 489 470 141 33 478 577 183 90 68 487 938 480 680 430 179 34 723 911 339 773 251 436 616 947 414 209 807 867 834 841 775 786 434 80 849 861 362 445 524 700 153 14 231 4 55 62 661 513 668 338 193 543 703 278 872 8 630 55 779 967 62 994 672 384 894 65 804 609 70 45 688 326 591 491 336 879 396 967 737 668 891 439 906 900 196 865 398 463 252 675 244 206 459 545 676 489 234 661 18 651 3 810 813 205 659 463 785 86 513 260 147 18 159 475 917 338 312 899 45 469 527 145 367 727 78 762 829 803 260 864 575 657 284 992 385 866 103 98 39 786 161 478 419 375 949 14 970 197 197 310 120 488 151 227 99 657 162 354 200 791 30 715 325 999 640 369 763 389 179 705 816 908 528 387 336 205 428 469 975 362 677 175 196 434 27 511 374 936 496 320 89 336 624 62 377 744 210 177 530 433 404 21 126 469 305 141 377 787 803 311 39 556 343 553 589 71 752 181 794 125 400 209 862 633 520 771 325 778 531 280 939 330 243 590 504 288 101 136 949 540 194 150 332 570 145 743
413 840 800 33 387 600 595 778 375 917 80 376 596 240 359 962 237 870 596 519 282 437 493 333 18 930 54 993 447 293 727 285 891 183 291 286 67 168 74 934 737 672 466 424 161 916 584 194 826 958 910 596 883 208 982 862 891 879 708 13 398 455 196 952 942 980 272 412 116 961 853 10 782 143 576 697 757 488 925 711 531 524 839 752 491 860 940 86 731 184 168 835 272 770 82 349 218 776 314 547 480 334 570 786 675 749 478 509 644 725 301 360 374 808 560 434 565 553 954 581 871 214 183 577 559 176 325 168 33 917 917 68 318 465 501 421 565 193 638 912 309 211 33 48 382 825 975 88 456 710 775 88 300 584 446 199 872 182 762 469 279 333 269 731 972 922 733 374 782 99 256 84 567 363 605 839 365 78 977 796 684 138 825 330 471 304 373 764 901 954 870 376 452 222 515 762 78 973 237 873 117 268 733 490 931 413 314 422 990 707 297 18 876 860 633 779 880 148 250 650 794 775 248 854 378 413 842 221 719 448 853 210 574 112 702 45 676 811 776 362 107 612 201 553 508 623 397 660 708 135 891 356 463 384 215 799 61 157 637 874 758 221 971 529 736 331 7 782 729 268 327 17 400 677 215 206 249 610 181 612 133 886 129 686 115 138 463 899 225 751 436 792 907 402 867 355 534 697 416 997 569 590 255 159 643 989 676 422 51 466 994 512 564 709 966 720 638 811 707 812 852 556 345 950 898 947 4 275 197 136 951 8 288 791 242 967 600 941 528 554 706 784 808 992 376 851 691 288 759 837 192 628 230 212 369 651 345 673 362 220 401 222 819 405 885 21 124 942 859 440 620 420 629 459 336 142 234 63 170 123 9 698 728 289 632 78 908 919 68 678 679 794 322 267 566 253 17 798 948 971 423 918 175 930 802 35 350 330 460 537 599 201 335 410 845 344 235 960 186 499 331 792 185 916 903 863 76 551 420 244 627 38 117 6 733 97 173 896 676 514 481 769 284 876 699 643 409 516 805 787 515 53 829 485 703 633 526 794 305 125 694 468 52 972 81 51 827 114 443 631 294 866 985 629 29 821 46 987 14 12 82 986 737 262 344 290 74 765 9 779 101 273 595 470 185 914 611 6 504 744
746 531 875 679 588 285 723 553 821 403 251 943 508 229 173 200 133 425 231 39 445 90 218 88 642 932 155 673 239 463 89 986 681 318 507 899 125 691 860 303 288 353 792 634 84 179 238 179 27 783 993 304 507 981 912 898 994 432 719 780 329 621 845 742 821 770 538 187 672 361 764 448 414 257 410 120 81 701 753 108 370 947 181 87 22 234 710 542 648 991 312 118 880 155 429 795 340 332 477 355 445 688 558 395 855 916 25 186 705 356 550 611 583 8 945 788 107 192 349 481 128 599 566 237 848 881 680 804 739 714 928 794 5 229 547 988 91 64 543 796 937 716 257 865 160 345 49 935 921 757 37 358 848 932 64 365 359 679 619 906 22 144 960 212 35 272 726 48 878 339 363 81 376 999 515 118 940 534 618 410 282 278 36 3 532 76 655 170 43 874 473 554 442 147 551 138 314 748 568 581 143 447 412 324 711 13 641 171 280 989 237 24 889 395 355 499 16 204 969 591 626 248 674 412 189 804 97 617 408 998 748 593 219 642 810 37 359 564 722 249 551 339 552 240 838 598 769 968 83 128 131 462 401 996 863 263 788 882 643 409 605 464 3 225 844 676 307 45 678 26 80 828 200 736 60 670 936 465 212 498 433 29 84 873 606 993 679 338 730 333 514 142 826 769 717 70 319 600 523 101 899 31 275 894 647 948 257 121 58 896 449 217 720 482 630 915 943 426 528 103 455 846 532 562 460 6 123 192 409 590 436 651 330 726 77 189 352 486 56 274 455 761 634 398 17 634 675 25 54 650 182 919 797 631 636 297 464 876 548 836 643 646 431 328 262 496 922 612 699 754 194 914 348 800 498 143 943 978 468 766 659 452 982 295 638 501 626 684 81 801 668 66 961 958 930 499 836 26 339 343 57 977 253 703 563 722 973 616 77 334 64 357 709 387 394 546 200 129 78 340 515 423 699 686 253 304 422 284 531 867 291 273 401 408 273 432 791 402 76 856 320 358 156 600 585 29 368 250 737 260 163 873 471 416 772 117 459 283 938 441 872 804 545 146 856 67 671 257 954 910 857 215 754 132 161 638 685 200 457 434 648 786 854 67 269 223 990 892 651 741 886 399 611 963 797 198 747 345 860 350
551 700 766 5 596 301 968 880 632 181 621 15 436 796 29 721 563 192 657 702 626 618 480 328 433 719 377 241 1000 424 184 289 962 809 587 555 513 350 963 505 100 204 294 997 289 774 11 546 482 217 172 79 28 221 953 620 449 334 299 919 276 811 551 472 99 910 574 264 922 12 828 652 781 180 696 255 39 507 950 316 565 461 785 707 232 287 345 733 285 640 441 363 425 157 812 927 592 286 824 252 893 92 475 786 569 991 619 341 904 712 270 680 694 595 948 269 574 921 613 412 210 459 63 48 891 133 846 561 559 135 148 353 631 927 684 599 326 934 90 724 823 263 959 347 721 211 582 399 953 519 623 33 78 371 123 658 647 619 713 778 177 759 230 785 72 405 759 117 98 145 705 981 868 326 837 53 624 136 616 895 183 524 516 997 213 436 160 119 189 740 916 611 407 922 567 97 506 117 941 214 560 294 903 42 419 752 170 372 530 47 911 256 956 9 354 852 17 846 572 39 566 829 155 614 118 818 668 902 903 679 248 390 207 370 214 578 412 514 704 931 836 994 967 927 590 401 385 439 433 594 766 719 579 818 912 394 171 675 677 270 275 551 890 548 708 207 730 850 162 280 166 978 674 241 627 660 258 828 376 471 994 993 600 530 490 553 725 359 321 123 698 684 144 249 639 999 475 966 795 664 758 798 899 96 268 954 911 550 974 993 305 729 800 574 453 39 651 792 631 761 437 689 250 292 707 27 183 532 875 608 480 475 984 205 134 543 312 903 458 24 411 64 959 20 141 994 822 184 126 946 469 509 126 147 433 810 58 128 117 25 42 912 13 351 480 233 948 874 609 320 744 362 50 584 5 97 245 479 464 681 575 635 438 111 490 780 896 417 365 963 629 441 347 46 848 594 812 604 867 970 82 479 81 798 299 372 625 587 585 449 579 809 463 231 462 297 267 329 941 996 287 95 356 156 480 429 610 315 475 66 693 661 102 196 30 827 15 113 533 354 473 289 291 947 68 694 761 80 992 455 808 648 830 770 473 522 127 813 266 932 735 605 361 250 262 225 977 542 309 324 675 110 391 655 200 975 595 351 449 133 661 471 9 1 171 289 506 144 321 59 973 700 991 168 14 99 335 265 41 610
304 590 306 978 633 466 864 354 566 286 413 196 7 532 553 261 197 307 58 65 16 634 770 807 383 340 993 68 927 315 71 322 460 765 563 446 849 312 8 752 181 165 274 426 403 168 964 231 406 373 903 882 7 923 798 907 893 384 57 235 524 970 769 693 431 289 577 684 464 745 330 878 739 207 225 603 203 773 104 981 616 824 706 524 534 301 326 710 343 32 828 321 950 955 24 721 698 644 88 951 95 564 89 499 982 217 409 414 172 461 373 414 569 480 44 343 786 333 780 141 470 764 89 648 65 110 299 459 415 728 575 873 102 758 445 418 114 666 752 165 279 196 991 198 95 765 216 664 29 263 219 196 552 498 735 437 929 243 481 849 811 71 920 366 112 396 146 520 497 117 737 977 465 310 835 834 423 934 577 972 184 508 133 913 736 27 168 983 892 959 697 200 450 40 97 897 622 42 355 429 598 525 963 461 108 530 80 885 170 428 3 468 420 641 395 301 537 879 847 282 144 158 509 806 818 759 392 157 447 487 235 245 575 696 115 185 975 175 129 947 154 337 969 65 343 717 687 87 249 675 809 298 206 50 332 439 429 74 370 470 250 544 705 770 319 27 94 660 621 388 331 838 991 198 29 262 389 734 482 7 8 56 262 962 338 452 879 35 498 160 861 307 953 238 993 244 218 449 677 382 189 646 27 818 7 585 452 139 438 888 915 813 160 720 524 657 112 51 144 477 223 94 993 953 931 565 901 957 587 485 331 50 948 858 355 614 897 444 973 658 333 219 552 605 893 118 160 586 306 201 853 401 609 444 51 627 411 305 110 451 748 894 642 770 904 11 611 942 603 555 27 730 594 244 393 856 835 729 3 808 46 634 216 952 686 980 642 523 936 333 985 58 163 253 415 316 625 187 666 110 707 162 512 758 988 258 528 358 135 43 264 23 171 439 3 699 539 515 546 514 266 878 274 579 899 649 768 599 397 637 909 894 722 872 678 138 128 925 561 272 569 610 615 266 546 813 313 520 106 700 648 503 857 455 486 884 725 35 109 854 604 70 310 903 116 55 498 864 181 10 622 622 821 560 618 50 344 172 999 2 723 548 138 926 700 890 283 245 558 276 136 968 361 797 674 939 548 70 848 733
160 660 981 669 967 940 987 388 418 887 998 721 932 373 561 411 941 162 574 834 371 668 273 756 504 712 186 236 571 440 285 886 584 498 359 880 564 336 18 827 978 24 533 33 314 897 757 348 966 89 770 292 29 507 521 622 544 290 820 613 867 21 716 451 404 583 914 908 964 743 111 162 800 741 277 147 625 367 901 157 37 657 875 987 731 55 566 48 19 598 87 245 47 5 613 45 893 139 796 686 936 223 823 319 997 468 403 12 792 878 793 898 425 800 786 103 85 955 788 238 722 435 10 541 988 561 29 153 984 562 542 513 198 691 466 370 429 589 169 713 900 217 743 559 847 692 291 835 764 718 360 298 616 634 67 809 870 432 613 645 97 786 728 466 447 507 406 228 194 155 500 883 787 802 529 608 730 721 551 147 193 976 855 500 717 135 49 754 68 891 157 389 38 97 840 983 810 908 768 254 608 805 972 243 853 979 6 695 172 775 535 235 743 411 946 910 295 868 495 913 960 295 573 440 715 375 339 870 56 931 514 256 916 271 551 53 337 691 216 964 189 252 755 289 40 289 8 704 640 37 331 766 17 480 731 724 919 647 11 38 434 439 167 429 415 251 244 590 721 212 586 952 418 696 484 10 905 97 549 191 864 292 444 696 450 676 138 607 765 341 778 285 405 336 531 915 547 992 955 123 931 124 643 383 523 610 528 543 426 413 712 102 776 878 328 928 380 174 49 463 837 557 139 794 447 557 731 369 904 732 609 300 405 287 725 694 370 609 729 651 615 819 486 501 607 57 392 334 909 122 39 108 194 496 482 514 185 844 67 763 648 405 467 240 430 477 701 385 615 948 322 725 53 40 803 858 130 354 957 440 416 607 360 234 906 360 988 238 112 77 574 363 307 582 548 894 968 609 413 419 614 376 396 756 972 936 182 773 963 787 599 170 380 280 552 25 780 911 516 706 794 954 940 375 488 167 238 531 740 932 320 823 427 761 550 380 487 396 242 966 695 152 729 475 461 326 138 784 457 362 170 282 57 363 39 739 386 602 369 130 689 744 743 589 948 209 465 600 826 67 98 391 867 994 294 993 850 594 129 629 155 337 462 254 382 116 457 258 153 600 444 976 647 328 773 192 957 210 349 7
486 271 837 637 395 632 728 853 369 393 841 766 267 669 578 201 750 61 57 809 433 76 34 280 60 529 925 688 349 984 383 958 772 82 700 433 121 267 41 660 511 614 305 455 700 6 600 272 205 458 916 507 850 104 843 567 336 329 169 207 730 369 876 753 548 975 444 783 159 367 460 101 983 124 688 973 871 604 590 384 92 257 556 325 711 994 379 76 601 65 16 741 686 380 59 721 449 3 253 484 730 772 440 891 113 481 890 352 860 699 32 553 528 323 914 48 67 562 103 534 373 956 365 99 313 248 777 748 745 833 360 865 814 355 77 566 721 424 825 11 105 705 846 588 867 315 329 735 453 95 102 318 439 861 720 306 252 505 280 54 255 752 320 688 188 296 287 690 695 331 950 761 539 437 930 579 285 479 102 945 199 518 538 160 854 360 895 140 846 340 479 15 160 267 742 458 917 680 608 737 622 880 640 507 364 396 469 727 110 371 506 388 512 954 204 476 12 333 426 27 806 324 379 218 180 267 414 191 903 839 17 410 844 440 7 710 942 312 394 578 853 538 224 234 290 21 832 133 952 210 757 794 727 207 303 561 294 752 389 504 938 835 689 403 750 537 309 808 37 117 446 201 545 295 959 671 275 410 917 408 358 499 138 487 248 964 979 364 478 485 77 716 746 208 300 963 512 745 732 692 844 107 695 912 155 158 973 977 830 104 639 889 409 715 220 943 786 727 124 627 385 989 851 8 443 664 767 497 763 509 471 514 952 250 170 572 973 120 984 885 311 142 128 478 747 293 398 444 652 367 979 448 415 839 359 238 807 658 678 288 478 383 714 934 324 109 606 1 936 687 554 140 389 394 926 195 830 990 745 424 630 904 332 832 931 373 638 397 626 638 237 427 23 107 953 405 252 150 257 874 608 358 871 640 905 803 235 680 285 278 6 499 905 626 918 577 982 254 738 928 111 638 51 384 200 227 504 833 690 91 564 810 392 448 383 561 295 21 908 192 303 953 579 843 619 722 496 762 691 885 805 428 619 949 804 661 653 671 927 449 470 634 818 23 747 507 38 712 424 29 391 271 423 572 872 488 611 720 423 627 32 875 122 254 890 345 13 910 986 394 772 861 429 403 941 366 941 451 599 228
340 860 923 239 648 784 417 560 756 50 924 75 465 308 665 696 567 584 564 982 705 457 416 935 105 650 701 979 738 775 555 627 757 883 738 675 570 168 413 448 378 124 578 65 547 585 487 246 484 940 10 925 630 269 991 404 332 713 315 253 108 685 396 367 595 427 462 676 570 693 32 957 836 783 777 428 396 976 765 243 354 940 983 810 10 47 62 432 450 206 280 516 576 615 706 487 706 799 937 250 1 525 39 413 632 456 878 570 554 555 481 354 169 84 983 448 421 719 866 252 205 508 935 206 657 349 7 181 430 169 286 59 89 136 273 213 471 903 86 945 875 959 983 747 975 451 897 589 198 126 7 416 863 314 64 976 428 125 367 301 384 134 932 389 667 135 540 525 788 600 526 771 351 727 572 443 749 170 733 865 230 36 733 647 338 759 18 604 810 865 17 452 873 644 171 576 926 605 367 646 269 874 212 171 288 590 499 727 798 85 118 166 393 389 83 609 630 432 501 269 437 986 761 363 809 420 197 395 377 915 452 943 811 584 498 803 168 551 78 2 300 565 440 880 564 499 675 635 152 454 227 477 663 841 388 333 145 884 522 573 422 473 765 177 774 430 715 517 229 807 153 414 442 480 346 491 146 885 888 89 803 257 438 864 474 740 816 889 682 192 82 757 485 611 869 575 94 493 792 472 712 192 623 772 942 758 798 803 609 773 764 504 484 754 430 570 507 33 66 502 15 124 161 862 44 350 158 370 740 848 58 809 920 687 794 880 626 383 142 55 627 902 673 810 293 408 104 302 601 952 269 337 621 166 561 117 313 489 74 324 622 529 844 334 855 374 97 569 734 699 841 613 731 260 135 906 69 645 990 165 631 95 488 607 742 780 827 796 504 580 498 549 271 793 548 792 728 328 246 549 48 88 827 477 52 859 390 193 134 63 880 208 981 244 236 298 268 325 681 250 996 499 861 965 474 490 70 453 940 145 353 38 105 421 837 726 735 827 745 835 714 134 78 707 234 624 942 371 591 37 319 396 966 945 860 149 725 354 835 929 849 747 214 330 650 928 414 87 493 994 807 235 562 758 793 121 224 857 308 785 827 625 945 243 425 426 241 168 903 131 357 229 564 514 209 431 931 578 869 485
256 230 548 16 288 801 407 396 484 373 806 201 506 510 29 249 475 810 598 129 597 680 206 992 511 632 690 536 816 466 277 702 949 725 2 418 26 857 268 924 201 108 100 11 165 503 950 32 916 59 456 135 973 399 718 68 108 125 392 853 479 690 212 758 362 797 66 272 577 915 866 538 928 164 178 557 218 367 647 796 764 828 567 142 732 713 940 711 542 95 415 180 853 809 369 886 788 102 913 292 695 379 710 698 781 911 450 619 951 378 499 507 154 288 510 528 542 691 410 357 719 551 354 266 779 561 443 837 125 202 161 30 272 340 462 480 280 421 754 943 635 14 93 101 163 708 967 226 303 665 228 778 570 190 147 476 817 59 655 41 265 793 936 867 453 347 832 696 473 684 842 221 921 349 133 134 405 895 541 760 910 571 383 383 723 238 658 936 767 456 274 320 293 213 781 811 652 473 382 550 831 427 927 84 918 145 919 88 21 953 640 843 204 862 696 648 486 402 189 668 252 721 519 522 820 636 670 319 481 997 951 124 219 402 331 837 587 15 391 460 21 809 404 345 204 108 397 830 153 138 285 242 262 43 780 411 875 685 9 633 702 350 287 370 711 599 512 833 112 153 126 978 289 985 675 608 248 906 568 194 334 201 671 543 394 490 524 782 453 216 665 589 160 605 150 876 833 11 209 871 875 840 316 234 466 329 946 110 568 305 585 917 717 752 217 944 416 95 838 450 544 689 123 588 548 608 966 651 438 980 801 261 771 928 15 272 17 896 863 357 771 944 933 369 822 750 459 808 284 438 126 213 767 24 461 206 971 118 401 810 737 445 44 418 66 73 404 786 942 479 363 86 91 82 467 808 994 877 451 908 642 731 694 245 118 571 876 788 745 153 941 732 377 411 850 607 439 908 159 703 762 702 420 87 576 824 93 53 226 186 293 689 643 884 308 148 338 693 903 166 306 5 421 713 229 778 729 391 67 278 967 523 884 124 734 22 578 126 740 379 262 651 108 828 248 498 745 97 191 855 404 403 850 470 213 519 449 417 657 594 914 623 361 383 329 793 709 695 923 884 417 483 114 487 199 786 572 799 290 135 685 818 302 28 97 877 185 528 537 77 951 692 160 767 772 803 162 875 160 377
273 453 573 354 376 709 353 47 142 5 568 385 346 85 600 813 336 573 715 257 642 869 259 834 771 17 562 203 783 548 758 723 147 105 386 890 102 462 801 389 398 727 755 484 512 159 782 84 632 945 205 542 974 712 634 733 733 943 787 792 455 372 370 811 822 407 205 857 843 677 106 139 522 574 941 460 723 65 801 760 317 982 224 433 439 207 814 191 858 824 367 810 724 901 227 644 771 967 991 595 253 238 316 67 305 484 398 832 231 419 729 173 636 163 840 274 346 228 810 51 874 275 227 415 856 258 369 828 943 569 36 552 94 716 771 847 35 214 64 776 546 604 500 383 252 187 35 88 85 200 217 519 914 399 270 569 282 206 354 662 124 143 768 672 106 657 674 112 264 426 265 509 61 528 495 387 394 352 325 350 299 130 998 848 271 792 602 327 308 477 775 176 735 452 32 536 445 815 166 119 519 302 7 365 600 392 395 557 790 832 614 56 318 999 678 148 881 145 35 490 661 409 317 198 713 941 130 415 572 757 22 597 955 177 448 335 211 460 695 975 543 564 130 345 892 814 696 679 987 338 192 81 195 981 449 71 917 243 28 512 539 177 473 327 437 328 508 107 311 720 740 368 658 258 280 929 349 878 610 513 328 204 176 386 247 492 350 538 829 39 974 359 34 395 316 407 787 27 194 863 544 364 425 306 755 44 241 259 91 631 657 903 251 366 963 2 396 448 881 267 652 486 641 242 953 318 414 360 584 157 382 147 977 265 635 70 323 516 537 292 599 605 150 22 185 741 716 777 95 512 466 820 930 169 774 416 405 802 338 435 355 419 126 308 604 317 856 710 263 529 683 144 760 678 348 388 264 537 935 662 576 126 640 981 50 377 275 386 283 422 112 159 546 722 716 501 502 565 692 445 970 88 95 603 808 561 210 143 816 559 437 732 149 777 414 940 174 618 280 852 155 446 978 844 690 843 442 890 458 788 249 677 858 541 767 397 913 517 287 34 697 114 831 466 305 391 641 90 747 582 140 272 472 983 641 854 514 709 530 161 373 512 73 892 34 675 32 299 615 846 946 15 814 273 761 333 803 281 234 565 934 279 706 33 672 126 733 695 521 832 76 239 334 412 578 660 914 391 655 755
778 798 451 162 58 537 615 745 299 937 418 488 224 177 39 412 121 461 930 793 391 710 900 454 342 972 138 146 772 659 59 10 659 33 288 910 337 641 253 742 106 59 387 212 251 70 431 269 17 192 226 802 658 284 30 861 749 320 493 760 843 536 762 173 545 90 370 928 575 521 398 839 548 805 64 506 910 107 319 792 461 858 908 570 229 993 98 887 641 675 63 668 640 936 110 115 812 451 53 866 746 435 174 260 261 429 480 642 835 217 11 913 234 702 618 341 776 473 709 46 760 195 174 408 597 241 863 838 217 284 787 383 208 672 660 889 51 205 375 553 615 413 513 742 623 226 487 807 455 350 501 414 819 646 5 32 428 758 667 913 988 507 520 617 810 405 69 989 677 109 698 846 257 785 69 622 642 482 238 987 18 397 261 898 296 656 600 913 264 169 818 726 647 389 973 811 672 103 870 16 986 380 3 225 857 685 351 655 152 119 639 392 163 142 719 87 396 310 996 224 150 567 454 431 110 672 559 135 960 214 650 857 807 369 761 639 882 788 900 551 892 450 50 291 500 458 938 108 252 807 23 365 176 370 862 517 224 439 558 339 24 37 212 715 320 627 282 119 484 55 644 808 2 529 313 393 907 445 743 342 757 578 620 671 711 645 556 619 145 706 470 830 956 916 391 150 529 923 467 995 293 223 793 967 135 284 416 967 400 316 889 645 290 773 850 493 402 942 65 239 871 212 369 272 938 730 7 811 82 796 952 624 5 96 463 264 125 701 984 398 18 295 902 54 552 71 220 230 622 925 458 849 477 290 311 427 168 162 613 582 767 326 461 658 699 187 282 340 117 811 794 11 40 774 149 296 285 791 154 692 944 69 628 851 761 438 888 390 428 607 310 528 499 715 421 341 307 109 457 649 185 273 413 831 475 641 912 485 345 863 795 354 476 707 323 135 838 524 230 592 924 664 768 792 234 255 513 626 117 734 479 774 931 789 432 576 30 261 917 788 547 609 724 567 342 666 642 988 475 750 15 540 269 307 711 305 544 939 880 336 199 345 469 998 46 970 945 639 22 480 192 414 576 409 946 473 366 957 222 261 597 275 629 672 922 776 797 908 862 575 328 356 507 901 272 315 957 77 766 979
65 251 704 657 409 607 453 890 394 402 526 960 297 524 732 846 199 143 604 890 432 907 72 396 942 449 987 738 439 415 67 928 882 478 464 401 634 303 255 324 741 864 555 383 263 424 458 462 422 678 260 893 589 185 234 953 980 764 217 893 415 371 418 166 714 208 410 526 80 905 195 779 559 214 151 50 246 122 417 847 893 545 89 41 755 70 635 645 801 587 842 801 354 37 264 767 258 494 63 553 159 109 271 987 410 699 86 954 470 485 952 929 992 107 388 114 124 702 836 514 846 139 625 277 11 863 838 451 444 433 975 92 465 733 200 398 257 679 681 283 945 829 869 888 33 937 628 625 423 668 157 765 764 836 585 793 207 408 797 710 571 656 699 446 460 228 462 721 913 716 362 184 104 44 504 677 349 557 735 135 501 550 510 602 185 998 331 305 240 292 119 302 462 9 179 520 651 959 211 958 843 118 369 721 754 445 168 936 749 101 547 288 432 709 562 726 567 157 620 935 537 622 500 202 127 910 728 872 928 983 188 68 83 487 834 365 449 938 571 159 373 413 743 511 233 661 373 656 812 761 44 830 780 282 357 652 161 893 642 189 174 569 708 489 252 857 745 256 248 54 320 913 648 870 2 647 292 574 513 26 7 679 168 157 306 153 985 349 326 854 6 710 669 507 456 549 956 448 195 973 401 520 943 36 444 943 108 355 993 498 378 205 782 371 996 183 949 386 72 890 857 884 919 940 692 449 225 213 749 899 974 20 432 530 629 773 222 123 592 630 667 931 986 433 436 923 824 40 787 118 647 484 430 962 979 983 292 347 811 996 619 439 781 286 221 868 738 656 441 760 357 907 228 713 173 304 731 134 936 535 783 990 61 597 782 515 442 136 650 50 38 568 632 36 572 940 721 13 510 475 440 490 172 700 763 785 153 258 327 482 370 27 93 795 495 398 630 245 23 589 830 533 476 248 811 197 977 726 706 861 724 135 460 736 812 927 107 608 378 168 420 738 97 516 268 311 624 479 940 792 280 88 47 929 425 462 699 76 392 185 46 192 330 308 395 219 783 238 964 649 250 177 266 673 379 287 456 623 246 761 277 839 834 695 557 539 77 500 263 469 267 671 867 986 974 166 749 63 309 633
75 792 39 853 962 520 838 1000 364 535 433 594 686 603 384 879 162 854 285 927 572 95 313 621 372 455 290 899 312 112 264 402 513 868 392 348 423 967 381 48 113 868 513 852 646 240 539 873 543 748 318 209 603 937 776 998 63 227 363 929 182 559 465 892 398 67 688 411 871 82 267 344 774 188 368 981 348 602 354 510 263 280 5 527 211 748 645 1000 105 30 273 287 856 617 35 209 58 480 476 501 339 697 375 680 448 389 148 228 625 54 916 441 123 601 969 38 822 67 816 212 954 21 664 51 720 426 352 15 979 243 351 116 49 815 228 555 215 448 313 732 470 871 913 280 907 282 283 22 729 848 989 270 992 750 911 50 343 642 853 786 357 832 353 438 451 856 397 654 765 385 147 602 45 475 33 781 24 197 519 153 147 24 379 764 590 144 202 721 857 649 35 449 841 374 235 538 57 150 418 489 631 238 694 850 62 795 169 930 292 80 83 481 331 18 785 306 405 907 110 630 845 949 175 329 946 173 277 47 213 799 982 514 153 461 483 184 3 570 472 836 227 780 456 155 490 69 708 286 159 628 714 207 981 282 242 675 547 460 750 190 439 167 165 435 164 557 104 567 933 654 799 36 659 492 154 550 331 785 110 130 992 333 505 737 779 596 173 508 526 244 275 885 672 882 596 583 137 401 172 504 516 852 792 621 132 446 54 14 65 544 568 503 57 938 121 51 358 924 613 331 454 638 998 589 668 24 840 858 496 249 713 896 28 217 299 519 385 487 709 189 221 873 807 801 833 739 973 228 656 818 122 953 743 127 161 152 911 181 758 174 399 506 68 738 503 879 108 163 555 190 311 344 510 236 362 102 919 846 370 325 300 448 974 438 169 192 26 372 277 149 560 364 982 449 574 227 372 185 120 929 796 256 297 493 386 693 427 679 612 625 549 295 72 10 184 592 805 487 676 474 454 130 553 705 847 105 902 119 279 741 86 618 246 393 428 216 15 212 368 538 276 941 896 986 28 955 396 595 253 444 835 738 222 319 120 998 331 542 975 674 709 541 672 236 251 158 430 709 329 516 760 847 917 92 748 570 878 945 856 323 404 866 609 724 717 827 427 117 592 516 889 168 960 363 476 513 740 961 794 807
395 329 740 223 206 321 723 611 503 89 82 175 298 832 962 29 895 754 725 842 52 288 456 78 763 342 325 183 274 439 3 337 585 609 496 677 793 250 846 959 190 86 410 664 241 739 304 223 706 731 279 465 418 376 591 885 438 732 808 122 418 33 221 240 394 245 68 439 1 554 147 798 559 469 731 368 874 869 627 941 540 333 121 90 759 785 739 244 797 516 272 727 534 909 894 707 483 970 254 774 501 14 879 538 86 739 125 289 410 874 864 235 29 422 972 44 834 623 856 205 63 630 717 28 49 682 543 971 396 219 12 480 528 645 978 404 955 412 605 37 156 21 161 713 729 278 571 767 901 295 485 393 135 227 252 623 131 835 547 147 797 402 520 15 555 831 569 872 694 27 994 928 625 499 818 674 170 919 74 841 977 468 597 776 105 99 8 454 13 439 214 523 315 216 243 842 859 912 394 202 906 895 653 63 310 853 287 427 584 949 404 380 512 800 542 315 497 696 618 145 895 973 92 755 869 603 992 967 547 706 163 40 322 95 907 141 940 487 425 58 419 687 898 1 926 176 91 245 931 254 280 918 140 683 877 641 471 358 347 384 257 56 395 10 138 497 899 672 738 152 955 976 927 878 614 444 319 221 963 119 560 320 86 415 859 438 951 196 227 779 331 166 999 564 926 865 650 195 126 530 517 597 954 807 102 342 352 37 172 423 688 646 236 179 761 535 905 126 744 228 65 833 595 798 144 902 345 112 206 485 739 925 175 701 990 257 855 647 397 621 815 879 546 759 24 272 952 622 794 403 847 940 398 884 940 232 501 856 803 676 618 148 658 309 328 57 936 799 211 566 343 614 259 291 446 238 484 20 722 494 495 975 576 440 250 441 73 489 739 189 795 777 702 19 797 343 623 93 285 912 788 477 600 760 65 813 305 514 243 334 550 531 497 213 955 739 648 11 450 800 238 881 130 292 5 175 829 650 742 865 673 955 401 895 330 180 947 41 765 303 822 759 431 913 281 284 807 170 32 853 702 831 571 388 99 333 371 373 977 461 512 186 369 528 448 637 8 846 401 940 487 842 904 118 914 11 337 845 879 523 965 25 808 190 257 140 53 86 794 175 850 752 608 803 260 391 556 547 491 280
517 834 928 12 583 50 515 887 741 322 291 593 714 354 227 704 436 248 454 493 225 502 502 997 10 953 572 256 111 785 872 268 389 607 783 708 359 872 27 776 499 477 651 799 964 933 276 653 983 904 809 93 581 542 868 755 320 375 316 747 983 390 959 611 671 631 262 610 107 375 112 571 880 913 374 162 525 160 159 688 74 478 482 571 213 436 870 612 112 956 755 360 98 749 242 397 847 924 455 917 827 629 432 285 50 348 66 686 619 918 804 346 543 400 606 838 850 169 374 753 973 255 514 736 558 905 113 62 78 154 821 740 705 539 604 767 627 628 700 583 390 661 232 394 119 862 829 744 806 51 305 811 439 890 705 961 897 703 140 283 855 719 81 210 445 664 259 646 622 204 488 866 850 887 759 686 809 650 355 842 941 337 175 250 784 703 890 904 112 785 460 718 786 452 179 862 833 647 822 472 722 64 228 615 765 230 742 292 266 912 672 971 530 534 357 152 306 513 63 33 241 689 323 716 777 723 114 251 560 591 468 562 752 381 194 768 84 354 60 558 2 330 476 182 315 907 508 787 813 530 577 775 483 113 333 708 133 690 833 687 349 694 255 955 673 191 589 160 3 131 572 229 141 180 953 34 892 324 20 523 68 810 268 532 269 333 273 420 424 334 165 458 146 549 397 554 683 877 587 611 716 12 560 89 266 175 16 128 542 788 633 891 822 515 694 874 196 251 329 766 21 769 383 807 222 901 776 176 390 751 665 222 109 638 372 179 101 687 728 674 595 293 50 675 539 62 825 360 598 736 809 734 67 575 367 275 717 676 404 759 908 763 827 226 687 589 610 141 454 206 980 836 77 204 147 610 928 758 3 279 489 372 711 947 495 393 851 264 404 479 674 733 456 164 457 175 187 111 652 73 951 854 9 796 729 313 880 459 508 889 432 885 86 393 545 980 67 261 89 421 873 983 791 239 538 138 884 462 859 101 107 710 917 228 123 491 588 789 808 830 837 396 155 849 930 438 733 641 973 753 854 726 113 718 318 904 122 703 275 571 615 136 224 329 987 127 475 55 380 659 18 568 368 644 572 830 678 905 941 893 149 695 653 633 439 67 624 324 246 483 921 664 459 339 9 210 442 555 373 571
442 996 536 169 283 52 145 348 146 616 873 139 870 42 452 397 719 647 30 259 508 555 167 770 222 759 101 368 168 116 478 626 553 781 707 235 762 584 631 51 12 116 103 314 644 553 41 919 764 1000 440 566 877 7 361 655 178 524 745 543 273 883 735 830 254 304 529 814 776 116 106 148 283 138 61 993 260 943 482 899 790 809 226 190 613 881 127 613 965 329 974 119 507 655 999 105 470 690 569 688 128 149 582 37 979 272 469 141 911 798 847 691 407 260 702 6 307 711 39 96 915 252 846 548 912 480 190 636 205 766 434 857 247 674 251 449 852 279 922 805 209 319 64 821 638 138 258 752 713 353 235 23 38 610 328 746 210 314 101 852 887 353 148 179 594 632 597 275 794 108 279 683 126 72 370 501 958 650 992 713 681 862 377 904 780 458 487 509 469 40 245 638 939 845 149 166 193 410 485 291 15 995 482 958 251 941 125 118 660 216 794 843 752 981 879 888 478 242 981 195 227 888 687 907 461 712 283 121 38 430 136 364 992 626 710 227 558 732 629 129 519 348 623 929 780 771 511 481 104 848 744 772 197 839 674 96 146 540 376 644 575 471 437 707 655 891 193 737 777 294 219 752 969 860 396 82 908 680 103 627 896 600 350 81 643 21 881 668 711 250 802 132 192 710 465 900 743 25 335 569 414 515 559 401 135 573 39 853 22 692 106 257 200 913 628 524 121 548 662 567 750 466 182 269 135 113 384 855 498 543 787 59 383 234 536 645 476 844 782 212 218 37 112 730 142 687 9 929 289 673 524 467 254 530 495 19 459 712 286 619 363 854 964 43 870 383 192 510 467 995 709 776 565 19 616 788 937 887 283 583 354 509 689 43 201 607 43 532 923 462 439 19 951 519 133 914 849 481 13 508 255 606 790 909 697 276 864 619 172 80 474 71 175 989 316 428 424 655 493 571 92 309 120 952 597 93 748 902 711 709 306 163 249 372 355 757 729 407 836 876 579 881 156 256 426 940 315 582 528 960 702 935 686 85 320 92 758 742 769 66 108 626 639 444 345 264 403 697 562 847 562 37 924 326 664 36 11 46 548 50 3 616 39 330 190 700 904 395 571 941 476 770 518 330 5 548 524 669 381 449
370 582 11 630 234 701 406 434 554 461 702 533 804 915 786 206 961 869 505 705 669 222 812 418 926 720 554 405 968 1 387 920 351 23 946 752 999 255 751 812 795 957 733 419 87 844 927 225 33 171 683 94 283 45 861 326 238 970 655 456 135 453 871 926 376 6 571 203 376 188 685 910 917 10 53 802 534 90 810 844 769 630 574 799 250 793 248 701 162 308 48 809 467 579 915 168 95 921 191 691 471 13 597 926 649 755 13 126 684 181 344 4 907 159 776 970 841 611 242 600 15 663 16 273 46 652 226 945 375 894 88 276 939 43 218 2 216 606 522 607 128 759 961 782 714 599 886 361 160 131 299 574 90 223 723 807 403 901 377 193 128 715 577 163 781 150 137 392 928 523 780 9 146 900 562 758 179 296 702 496 80 797 34 201 26 354 874 312 986 229 618 32 281 78 142 230 160 291 217 456 1000 254 688 584 299 708 616 146 791 968 169 333 360 81 874 191 404 721 954 102 86 642 672 60 373 107 730 321 277 814 794 422 533 626 483 586 150 376 502 966 871 329 187 786 886 468 434 492 892 87 336 33 333 744 75 385 937 913 723 5 993 248 716 900 65 523 287 270 481 192 980 669 266 531 949 311 347 925 350 766 905 643 292 767 614 190 683 471 316 952 547 980 566 599 671 220 849 177 193 451 686 286 755 738 256 206 534 833 596 804 595 215 101 484 520 177 616 550 824 813 312 96 342 332 106 885 649 116 744 490 448 332 669 582 145 300 827 181 734 160 705 176 50 14 597 389 88 365 346 448 233 19 968 372 378 823 503 152 401 331 555 663 42 328 796 986 619 978 227 875 932 340 822 176 61 975 821 310 999 217 590 126 699 205 593 541 117 623 605 731 638 25 552 384 603 419 41 3 74 759 346 137 416 272 521 273 685 677 911 465 445 556 668 929 155 562 983 855 517 622 973 189 728 97 979 742 440 367 224 319 812 793 258 416 560 308 781 472 553 191 243 440 485 160 801 830 904 232 44 480 260 736 57 444 743 462 347 987 531 975 220 658 170 247 112 378 196 170 787 863 804 581 25 503 683 680 92 550 407 275 749 462 426 525 447 954 626 142 972 460 191 40 54 78 197 404 18 624 609 674
388 773 795 470 169 275 160 370 809 825 475 738 303 882 363 651 295 640 291 200 41 733 411 509 224 322 650 950 308 149 320 793 150 480 821 199 385 510 941 392 49 47 302 971 243 717 99 7 583 211 116 192 734 308 869 225 944 810 512 806 179 276 336 503 197 362 108 189 163 444 381 752 539 143 643 821 942 769 973 894 772 800 835 807 715 774 910 434 366 124 592 822 470 165 12 494 547 535 433 593 169 251 353 886 512 95 133 854 977 614 528 759 936 449 337 928 378 27 805 708 783 455 540 35 415 741 799 401 801 527 212 542 169 628 230 900 993 315 211 880 297 338 476 161 966 748 576 987 357 23 234 998 242 256 774 132 89 385 415 952 343 843 15 622 710 349 337 688 190 881 965 826 691 685 571 127 909 519 402 942 642 245 9 413 442 5 634 330 598 894 247 331 122 307 807 568 661 593 81 56 215 458 716 572 911 81 133 502 413 667 915 637 470 301 404 138 767 797 966 765 214 366 427 801 462 669 515 645 636 789 84 486 464 57 602 113 20 915 114 772 401 207 153 996 727 456 429 927 21 245 593 337 499 179 210 500 970 64 953 707 290 941 98 699 560 867 817 169 308 696 702 357 891 607 916 463 685 974 19 53 285 494 776 471 300 397 734 352 646 967 42 331 115 611 434 438 227 390 166 183 615 530 900 490 616 229 141 640 433 554 320 629 964 7 147 317 719 14 665 930 683 353 156 976 655 317 456 778 102 30 904 84 106 114 276 773 755 929 198 671 61 968 236 312 974 94 478 705 747 670 490 778 674 962 296 843 415 227 14 793 862 112 935 453 471 250 437 368 561 821 48 775 582 918 196 403 140 965 841 824 625 746 996 687 630 4 274 859 758 553 628 757 362 121 633 674 527 735 594 183 493 340 693 572 688 399 402 562 239 820 138 234 594 223 86 721 137 297 725 136 536 513 563 467 844 73 384 180 330 631 606 263 399 881 903 990 755 916 766 609 82 460 142 148 730 141 86 723 557 47 117 732 714 129 523 512 384 720 651 257 355 894 948 773 683 661 153 677 941 241 288 579 178 247 847 747 390 78 340 829 581 625 900 146 451 855 71 750 691 638 799 195 398 935 840 459 693 968 991 99
329 420 721 560 534 899 317 574 919 68 729 519 430 891 477 536 252 860 59 581 217 320 171 62 813 224 843 45 871 824 741 966 247 303 635 679 90 660 556 907 562 784 889 271 654 800 223 411 855 758 454 121 436 734 24 536 17 329 188 593 517 737 904 792 765 69 395 666 652 315 592 225 40 31 967 676 637 663 909 124 22 863 805 628 457 130 645 262 693 685 878 580 360 654 828 487 634 965 552 715 338 281 395 407 958 661 951 300 833 952 665 536 439 285 655 771 449 637 200 90 314 7 530 315 242 755 362 349 129 663 196 696 549 75 207 694 683 477 964 969 107 106 283 83 691 154 444 127 670 183 452 877 777 326 424 527 565 847 180 70 791 524 73 924 673 56 771 293 903 804 329 260 357 128 117 886 804 779 414 32 310 785 807 937 921 822 148 356 628 931 459 838 418 930 966 197 389 666 61 822 42 106 474 127 242 361 996 393 472 166 711 373 405 290 142 157 132 58 919 443 95 339 551 644 521 556 528 118 358 85 657 961 40 754 939 244 89 12 753 62 628 722 593 948 535 470 750 851 83 403 121 434 767 12 618 988 675 930 421 361 380 538 893 974 375 561 558 804 137 774 81 492 66 451 571 538 576 411 995 836 749 103 803 66 788 271 281 945 485 136 457 800 209 392 356 579 682 6 319 247 39 284 280 510 143 871 520 797 136 369 898 980 225 953 476 965 597 414 76 167 402 191 358 153 918 160 473 821 820 419 115 440 123 373 761 568 443 201 492 336 3 341 663 322 147 102 404 164 301 866 360 802 758 434 261 11 298 589 261 438 14 796 789 731 946 747 644 389 425 664 791 667 501 542 66 710 677 491 534 917 357 999 930 921 482 610 402 18 570 726 282 641 90 679 778 242 581 787 374 13 596 219 341 644 26 935 667 799 306 803 985 558 107 405 854 906 865 615 869 100 232 269 434 374 158 455 200 449 219 635 757 708 246 987 2 395 447 220 505 130 952 315 836 394 204 16 978 496 218 235 79 872 327 352 133 751 180 956 861 917 384 117 769 253 243 258 244 629 551 318 161 358 441 676 661 300 310 502 795 597 13 689 475 929 51 905 40 72 634 641 533 568 317 960 361 606 666 161 902 110
718 249 995 478 298 950 40 11 672 47 579 293 992 822 645 79 28 169 679 363 170 13 403 356 633 47 842 168 228 844 249 352 134 63 79 270 357 771 444 117 381 941 326 450 104 322 192 361 297 183 54 585 924 907 201 843 287 687 590 589 747 450 554 332 56 110 521 792 577 685 546 364 49 886 695 291 527 452 886 428 638 707 132 13 835 212 227 771 65 893 676 810 479 370 632 469 753 251 207 908 107 471 142 84 489 771 243 620 484 606 132 87 778 71 1000 120 258 282 152 418 81 407 562 840 14 939 248 355 143 122 554 28 233 947 870 639 362 648 153 171 575 932 24 818 941 351 927 938 434 952 262 657 41 138 92 794 574 516 464 451 883 221 355 295 150 418 797 752 728 500 178 995 732 543 532 52 497 992 37 254 182 164 687 534 573 407 342 861 853 744 449 300 862 973 461 960 684 685 6 10 306 842 170 654 340 669 31 260 659 548 826 620 982 232 445 180 314 928 475 545 519 567 929 518 184 391 265 806 38 639 307 135 407 738 983 69 967 245 978 963 502 827 733 402 847 223 287 605 690 361 46 178 455 330 608 775 689 30 604 433 881 478 345 878 28 572 984 136 540 479 342 767 564 991 165 938 243 811 330 939 814 232 932 190 475 505 149 752 34 428 395 720 234 962 647 758 634 744 763 445 929 909 773 434 499 615 758 497 145 629 118 519 103 710 146 703 26 756 847 585 22 301 599 476 342 889 557 391 225 603 464 766 599 833 98 246 928 793 274 271 526 837 322 992 369 932 12 435 530 479 867 752 110 205 931 926 720 806 44 363 983 260 302 108 448 873 965 25 494 72 580 1 261 59 139 281 686 771 231 161 554 616 80 510 770 638 813 675 504 932 437 548 65 634 853 187 323 516 1 50 117 244 658 978 290 860 733 98 118 404 894 651 588 798 659 726 500 666 756 434 254 545 155 963 707 503 405 224 852 303 392 100 366 339 354 177 880 314 101 496 424 81 819 591 840 354 710 696 885 498 936 293 810 273 84 811 968 710 305 217 494 914 125 359 732 693 627 442 91 838 268 506 591 165 942 124 486 881 861 121 364 553 301 207 963 427 784 638 611 620 308 615 598 915 859 794 411 873 199 686
867 321 962 254 238 738 772 499 925 831 573 321 481 147 842 666 731 87 218 196 547 523 738 60 83 424 597 48 128 419 115 198 959 1000 286 857 651 378 196 189 812 529 181 621 538 767 239 883 510 482 963 672 340 267 180 867 720 933 569 919 757 876 499 394 761 615 36 252 846 209 605 829 405 572 135 129 914 473 164 436 155 555 835 837 777 554 380 199 845 60 557 80 177 738 255 699 397 236 814 9 213 193 223 711 598 403 966 283 660 32 588 225 333 935 261 487 108 522 398 309 101 241 853 909 411 386 765 295 452 138 847 975 102 462 73 329 259 429 848 850 116 115 769 973 608 560 850 715 135 648 825 724 267 939 89 994 423 953 110 919 747 206 195 929 528 834 957 777 302 958 709 7 273 116 727 569 28 608 16 853 867 437 267 167 781 439 673 429 437 266 855 118 244 704 235 856 515 91 113 308 796 687 251 211 329 240 441 574 310 312 343 8 686 784 66 794 567 198 834 165 813 87 330 475 786 904 424 177 924 177 470 858 272 731 357 741 137 910 677 201 418 861 543 810 847 660 619 657 680 272 641 600 948 583 180 518 758 973 748 190 387 283 356 540 858 822 282 677 965 828 969 667 557 562 911 170 585 672 525 491 876 900 795 694 119 945 528 426 286 73 680 111 598 947 107 127 641 999 715 927 128 822 278 252 843 636 358 337 379 404 736 255 320 90 786 645 31 449 629 574 97 119 833 498 689 36 530 145 456 1 345 904 214 320 826 883 507 987 14 415 968 418 387 987 616 64 733 294 593 589 629 859 245 152 527 844 287 839 934 735 809 53 2 325 316 114 502 591 538 694 942 184 204 278 375 159 155 708 975 576 719 167 481 787 14 660 629 184 761 45 11 891 184 175 684 107 856 448 259 375 226 109 356 73 305 56 607 946 773 568 166 634 739 307 673 128 36 98 480 765 234 898 76 201 215 855 266 865 770 61 465 229 851 411 431 573 124 787 432 34 340 493 384 347 164 280 202 765 175 327 310 539 641 999 49 978 298 129 481 479 150 741 144 334 714 689 129 578 901 711 688 508 387 422 913 840 372 842 37 33 897 688 677 943 646 988 31 39 762 708 183 407 83 720 784 512 53 912 93 656
144 856 196 565 831 419 916 340 827 337 857 587 344 396 266 4 334 172 428 688 261 627 458 818 516 900 84 112 446 178 379 128 855 968 382 231 915 932 761 237 23 389 243 661 423 777 161 230 106 493 191 426 294 537 728 898 581 418 603 341 480 779 525 905 226 802 759 78 462 975 956 116 806 207 980 513 959 740 277 827 493 928 431 779 711 572 495 653 362 270 391 306 842 640 663 149 395 734 739 26 644 455 363 959 118 826 530 646 313 78 319 855 999 529 724 874 932 762 959 607 162 122 522 198 17 77 274 823 628 134 560 628 357 197 143 532 581 488 749 150 675 589 670 909 530 946 86 800 973 26 8 504 972 276 505 567 431 267 102 160 467 371 912 561 362 941 360 768 836 108 721 71 192 662 183 604 227 70 761 724 664 882 28 247 964 185 613 314 511 301 571 888 644 384 606 732 703 60 350 19 952 77 466 769 244 82 801 638 862 815 935 471 541 933 441 937 874 774 996 701 380 564 988 756 754 764 389 201 425 460 253 79 342 802 163 909 235 64 484 127 4 608 574 89 718 843 53 696 70 539 318 782 611 776 116 299 578 575 349 422 494 980 791 193 497 443 193 561 248 806 309 592 331 548 845 267 884 758 624 603 449 862 654 542 798 989 174 382 839 615 813 855 622 955 371 635 604 366 911 701 388 864 104 587 586 887 172 248 665 54 594 291 351 923 157 851 413 648 493 77 788 536 53 656 840 703 419 856 502 255 994 194 837 681 716 238 661 38 490 742 747 394 153 215 914 990 284 155 958 720 464 710 240 735 785 74 630 86 450 351 848 211 862 596 767 245 765 518 911 172 637 354 2 458 388 359 894 233 332 857 9 79 608 598 485 481 419 557 826 274 481 865 420 34 362 837 310 259 786 497 879 479 182 264 983 395 909 862 235 362 425 247 817 844 693 35 271 600 951 233 555 642 933 683 855 846 219 969 583 61 694 776 928 565 434 904 83 372 157 683 117 467 901 58 68 687 235 700 267 878 238 851 278 809 931 556 967 267 857 151 259 819 147 320 955 64 396 906 34 766 358 352 747 635 271 57 456 520 235 734 259 473 981 612 51 588 169 872 94 283 626 578 1000 908 246 292 732 330 64 620
231 242 350 786 946 598 326 404 98 50 106 559 188 867 99 313 335 268 659 348 349 479 46 826 796 731 185 199 633 493 41 646 416 506 766 834 438 617 232 752 161 538 312 272 326 138 407 450 475 934 578 125 123 417 842 683 814 200 786 478 488 618 452 748 324 308 927 387 249 371 883 27 995 105 622 14 129 17 361 679 972 301 303 763 486 900 421 573 219 500 494 341 678 572 378 36 192 918 130 507 576 567 595 62 294 549 428 1 249 543 869 782 258 936 802 250 177 879 619 562 412 232 529 702 921 795 358 207 496 575 252 585 580 320 881 104 426 22 999 374 521 362 222 449 589 548 352 465 130 665 256 739 540 569 783 171 495 761 130 386 353 698 230 298 880 204 74 929 723 61 746 830 191 123 308 565 265 363 156 419 851 451 213 147 553 297 211 653 161 647 621 939 545 813 448 929 694 752 922 947 158 252 115 244 784 402 47 152 999 786 504 677 363 519 137 682 593 616 27 538 659 672 87 507 825 539 731 169 847 982 551 881 725 47 675 527 548 949 958 216 338 389 777 378 833 315 40 242 644 848 366 19 919 785 566 964 591 521 387 271 724 552 451 336 183 713 730 151 210 213 76 647 104 603 138 741 498 915 204 745 261 40 374 378 931 569 188 264 8 176 542 338 45 29 473 62 61 266 883 94 679 885 123 17 667 877 486 221 683 689 240 916 280 60 912 752 284 76 701 57 90 52 633 501 441 127 628 342 848 167 793 127 367 569 188 613 61 315 782 756 223 850 376 853 901 160 666 946 442 608 413 204 148 553 759 556 636 587 533 874 84 660 903 993 466 593 463 363 268 211 403 351 761 666 321 917 857 21 228 314 844 269 382 192 393 167 414 919 718 512 710 672 207 178 838 102 527 642 369 463 251 757 958 949 425 683 581 204 619 610 100 119 812 659 556 657 346 518 333 86 887 212 770 829 791 606 59 818 202 370 939 144 716 955 425 970 39 474 83 487 487 266 474 812 871 305 307 991 921 580 727 2 959 126 299 259 620 985 642 34 95 483 811 906 688 696 409 104 140 269 529 892 210 908 515 686 540 62 341 373 98 398 295 561 722 714 284 531 1000 528 678 221 17 271 988 208 424 557 223 775
48 442 452 121 487 403 229 857 566 799 903 711 66 130 294 485 105 385 909 911 355 160 7 802 531 30 109 32 957 921 490 285 623 588 625 368 457 903 905 818 602 427 49 252 31 687 744 814 303 935 432 335 687 9 616 810 246 342 682 479 720 847 752 605 894 138 32 90 788 474 784 503 986 833 503 920 129 315 634 237 373 159 502 78 453 23 107 327 680 729 523 84 661 347 691 734 294 388 352 950 683 292 811 516 826 931 118 589 216 131 207 973 678 665 247 674 62 7 363 890 849 653 410 577 446 904 75 581 794 302 683 264 22 184 920 434 119 85 189 481 872 486 114 590 536 85 121 262 180 660 788 32 477 889 686 486 469 450 515 103 855 466 347 931 963 810 559 947 572 602 794 558 897 36 199 809 837 146 538 620 980 415 540 812 730 533 63 887 120 767 937 844 251 92 784 547 617 769 241 876 656 556 6 313 718 351 334 982 778 484 644 271 339 827 267 229 128 388 55 253 38 144 719 589 851 427 758 108 416 440 947 898 976 849 338 26 584 478 729 10 732 501 293 972 317 783 448 37 395 326 844 42 463 676 42 413 360 234 901 291 891 783 798 290 602 352 317 630 630 802 202 172 142 46 960 300 861 944 109 948 306 407 982 945 882 437 470 273 134 370 716 150 845 819 108 6 15 63 779 243 330 202 660 862 153 564 454 613 664 685 657 930 742 925 843 551 688 168 150 27 288 715 116 951 444 602 275 507 944 277 122 423 827 479 136 667 95 45 288 542 511 751 646 188 676 789 433 757 474 755 646 726 950 259 684 655 175 230 243 93 899 786 115 97 227 94 255 455 498 234 566 218 539 306 748 727 743 943 155 978 298 677 963 444 247 884 405 447 805 259 64 144 104 835 917 775 593 610 94 256 964 342 90 493 951 833 4 522 421 624 331 258 98 90 133 450 745 687 629 824 782 495 835 294 321 490 417 659 324 768 242 155 519 819 182 662 793 108 634 86 867 827 131 601 757 774 543 675 441 894 910 792 936 473 801 736 476 404 146 982 643 359 81 752 377 314 522 1000 25 676 951 527 130 979 243 418 608 129 36 744 876 731 33 167 820 722 858 743 816 943 606 992 399 314 930 659 37 491 505 843
196 307 584 131 92 891 509 719 693 752 462 591 884 793 927 856 554 596 333 757 872 399 181 85 720 492 27 217 211 975 897 337 531 849 96 184 35 50 235 701 118 591 326 226 811 841 1 982 80 354 686 492 67 402 927 699 512 905 471 145 504 193 619 555 193 432 505 294 732 65 403 987 647 537 27 65 873 510 250 230 168 493 424 173 681 428 877 334 751 35 700 31 448 725 48 858 6 326 641 498 443 475 606 913 758 266 160 968 285 314 471 241 116 354 445 666 912 639 595 3 351 668 60 589 57 267 28 165 7 247 59 735 545 87 26 463 132 182 430 152 477 599 603 184 678 763 431 199 166 424 760 603 70 55 960 731 416 776 4 498 676 30 496 194 528 741 179 195 472 867 826 772 338 45 643 31 298 992 299 263 29 897 105 759 652 776 140 781 289 317 874 919 68 619 451 874 227 856 673 517 551 913 700 224 212 827 821 356 903 756 435 217 146 283 309 397 917 157 529 217 168 489 399 19 774 839 495 121 885 845 722 311 866 351 167 505 240 421 727 853 764 800 298 788 138 818 946 635 297 431 93 286 377 509 586 591 721 96 590 543 663 79 821 131 623 329 565 987 648 598 128 845 450 451 473 541 130 48 476 521 296 588 980 624 185 312 342 704 542 333 656 928 475 703 491 346 410 990 212 601 380 781 296 533 428 978 211 53 481 717 133 611 750 700 421 352 919 90 626 925 870 359 232 142 265 672 862 751 669 227 160 641 351 284 72 103 450 593 494 875 170 351 100 471 777 445 845 887 309 360 651 143 288 348 357 775 632 417 231 389 574 643 954 922 229 716 876 272 360 132 376 922 20 687 72 133 27 357 907 946 764 349 952 184 844 821 499 295 876 178 1 236 875 780 966 797 789 148 349 232 693 126 640 989 214 737 28 42 859 936 251 572 448 619 589 928 431 666 129 358 379 253 392 265 530 2 933 36 35 274 627 538 801 411 418 859 216 126 928 591 134 524 692 766 536 441 920 176 893 335 109 246 307 741 817 942 451 529 86 436 23 619 121 944 397 117 534 558 908 434 252 831 177 624 782 696 881 958 102 847 442 963 705 326 372 621 609 685 934 652 436 81 155 397 7 556 783 956 54 337
700 140 667 273 120 199 290 119 168 358 328 187 193 787 94 702 917 847 94 914 456 766 885 38 231 823 436 997 401 830 355 428 618 171 703 845 154 371 49 461 887 405 446 583 802 814 11 492 936 446 332 105 508 693 926 576 71 995 949 33 590 395 532 795 42 606 980 654 987 918 101 389 88 163 677 334 943 316 364 493 417 344 403 426 25 753 202 306 858 136 228 223 365 319 244 605 663 556 284 212 812 395 30 477 601 312 209 259 369 853 408 709 802 937 864 801 308 562 818 900 159 396 114 791 984 205 704 555 160 663 315 16 801 109 55 997 564 262 373 481 157 400 19 806 293 561 447 333 287 714 717 970 42 384 98 712 129 171 788 241 565 999 140 864 204 777 397 384 971 551 88 346 992 375 981 915 988 465 427 922 648 695 170 77 513 822 240 59 634 753 147 941 34 334 506 856 519 328 763 667 683 636 266 778 39 160 455 877 723 284 431 724 619 862 573 112 856 223 772 538 75 192 98 646 72 736 849 862 735 394 464 379 977 705 257 467 656 798 721 168 511 920 934 361 674 680 617 62 256 797 351 697 91 410 462 733 412 925 120 285 936 721 356 562 922 505 726 499 45 524 7 273 755 254 958 817 788 144 980 736 569 703 941 962 848 764 732 578 32 141 876 512 537 935 666 693 28 259 860 169 183 27 712 726 355 919 9 501 981 600 39 923 688 668 478 685 592 570 609 832 404 515 568 454 840 97 757 929 78 809 576 329 533 650 608 360 829 257 241 233 483 798 807 865 331 965 926 485 656 95 814 175 906 238 462 599 804 496 514 576 874 230 21 834 138 445 974 444 740 95 742 868 280 981 108 69 933 476 23 716 575 936 680 113 990 634 834 586 704 606 287 816 662 102 185 25 842 883 361 414 870 403 167 890 996 452 893 799 363 219 685 579 558 215 975 206 915 361 967 526 905 557 290 825 650 745 955 646 496 962 64 914 655 550 130 182 348 536 298 265 60 242 791 278 680 122 750 345 921 636 896 588 512 277 781 582 523 690 616 275 122 744 161 586 194 294 381 248 880 960 30 741 189 7 111 784 282 138 687 649 34 522 24 713 221 119 39 500 622 133 829 767 986 848 299 646 234 664 421 465
623 144 62 150 888 913 955 223 921 896 943 632 707 49 405 802 663 501 828 706 862 547 426 22 930 712 192 649 55 490 933 188 950 445 519 825 139 552 816 464 369 218 282 939 983 733 285 771 342 607 399 441 696 60 621 972 929 716 939 514 839 804 769 24 230 867 350 772 363 373 303 366 921 691 740 607 707 868 152 865 171 931 207 475 508 171 840 214 904 364 370 476 202 575 617 306 773 48 266 140 992 290 856 580 917 558 311 652 158 975 520 997 339 643 984 562 964 905 777 66 978 601 202 980 478 990 512 364 988 894 313 355 473 794 680 494 895 797 387 140 951 110 560 223 686 735 48 849 621 471 109 50 377 307 733 525 49 353 265 782 881 110 499 77 999 647 130 521 450 564 45 46 476 816 546 965 104 559 359 862 223 28 585 11 543 756 762 994 790 437 875 518 942 634 128 921 360 173 181 113 131 667 493 807 314 838 585 239 26 625 565 875 723 408 394 121 788 199 909 897 96 256 675 38 98 574 474 268 933 966 634 87 766 45 666 527 553 363 582 77 179 848 868 377 74 530 55 626 561 293 979 233 6 878 971 309 675 640 900 541 641 923 775 606 223 802 205 459 556 141 192 200 500 836 238 163 250 537 864 814 785 100 119 287 503 384 670 85 379 269 653 340 867 979 42 801 392 665 21 345 574 371 636 993 976 824 784 144 918 39 272 185 126 654 993 186 244 197 299 519 7 417 919 630 652 225 893 195 586 114 602 352 157 386 972 1 597 31 576 114 898 293 466 652 574 88 787 113 434 335 565 147 47 372 22 66 73 428 744 600 359 411 694 490 54 1 89 546 871 66 72 938 493 24 563 387 316 400 763 701 658 508 97 577 357 972 812 959 601 82 173 47 944 747 262 754 738 946 480 184 179 15 124 787 583 217 776 513 773 708 111 928 696 814 204 352 517 93 196 284 709 454 692 218 59 460 80 452 584 531 118 411 571 399 294 313 924 130 539 93 905 220 448 286 284 127 912 893 375 285 354 316 839 87 28 449 978 279 387 310 736 402 200 863 636 274 133 586 658 430 478 269 381 810 221 12 681 905 801 866 210 196 721 949 941 44 579 810 183 226 454 187 245 527 736 848 467 840 943 118
335 246 587 561 151 680 655 671 55 995 327 680 269 995 396 846 128 662 587 454 740 852 248 3 445 52 26 732 733 650 670 476 817 142 552 176 902 51 281 925 822 489 736 716 325 579 342 67 722 163 204 999 674 234 828 161 213 916 864 123 219 146 910 533 355 433 603 814 613 966 493 230 366 949 292 316 104 946 73 563 435 351 435 656 477 783 954 893 763 155 877 403 921 990 508 695 868 662 751 351 883 953 324 258 83 405 311 386 497 260 558 716 515 715 953 394 58 316 112 958 561 720 284 563 674 401 722 471 472 39 60 777 877 638 49 148 535 493 292 772 985 889 499 252 382 990 276 374 441 47 368 990 503 862 591 857 994 167 414 251 816 268 319 429 519 791 370 597 227 582 712 400 523 136 209 834 15 400 634 713 931 88 269 37 223 588 466 882 914 409 329 38 646 454 909 20 960 727 989 858 687 346 757 672 670 941 835 667 154 38 466 699 680 14 365 828 593 365 38 952 471 319 988 723 446 876 470 924 119 291 572 450 72 512 686 872 488 601 993 509 2 694 821 241 449 827 192 279 310 971 290 85 917 858 248 632 166 805 388 814 850 417 225 30 866 562 280 205 236 769 66 672 172 306 327 150 429 879 923 607 230 372 461 147 563 435 773 189 153 921 190 192 423 153 946 237 433 956 968 377 865 56 306 526 615 941 947 750 675 128 164 575 592 982 97 838 317 323 467 992 441 341 193 178 639 848 823 446 654 352 241 975 248 355 552 690 434 754 400 472 779 337 981 318 295 756 892 915 39 628 680 457 795 401 526 797 410 880 227 412 961 260 238 625 487 771 659 97 880 690 789 760 855 816 993 570 981 811 97 294 5 941 845 646 650 525 824 2 481 922 631 158 810 155 662 466 185 663 988 561 376 1000 976 986 208 863 254 858 194 319 983 799 491 357 855 507 638 704 486 759 376 419 466 920 605 233 664 842 383 914 668 837 676 598 99 537 722 75 784 941 830 585 881 192 623 106 275 490 710 32 159 372 50 741 958 234 88 10 129 7 402 222 982 283 96 819 368 313 257 524 157 848 83 402 999 882 380 368 530 877 746 566 625 694 475 26 900 828 129 428 988 865 151 678 458 178 199 604 472 322
664 695 812 606 415 801 736 184 597 612 740 240 570 253 111 89 623 403 611 897 305 152 642 418 623 641 933 332 184 580 918 254 621 567 93 492 221 890 131 981 353 29 419 298 671 325 763 610 73 895 755 594 995 613 393 773 957 965 516 933 475 945 394 694 27 640 826 100 234 553 24 336 176 880 129 679 497 368 82 655 503 142 53 615 441 144 635 294 170 951 732 888 46 91 89 723 285 727 648 803 57 517 441 475 698 191 370 256 248 274 772 949 154 560 539 175 762 861 262 906 297 690 17 933 279 61 14 802 979 634 192 701 288 780 282 328 828 966 679 49 555 672 432 994 196 169 202 695 29 484 37 847 363 705 741 734 520 885 416 337 533 339 187 931 520 227 393 17 629 171 902 18 173 423 808 58 894 79 188 245 252 492 663 120 510 844 816 576 234 249 728 323 110 726 750 66 599 232 851 886 559 700 864 588 733 642 212 455 39 379 218 387 19 566 960 687 710 160 573 75 710 740 455 241 271 524 103 405 875 414 597 794 704 272 561 265 292 297 513 534 27 456 389 460 941 148 984 9 153 129 697 668 999 1 684 728 95 40 144 41 663 220 663 686 481 659 218 548 663 686 876 748 621 243 721 132 585 403 235 675 322 535 4 910 213 921 611 676 403 330 135 132 11 173 234 622 195 898 34 72 940 128 111 261 80 280 291 628 40 464 474 636 942 759 747 923 939 609 636 283 659 598 350 15 691 497 715 351 450 637 96 418 942 18 323 994 851 411 645 64 73 872 298 846 749 526 932 732 224 660 481 661 167 539 972 922 91 356 54 37 161 287 155 541 132 54 403 12 652 755 358 287 347 974 604 482 990 615 771 506 205 260 132 50 105 440 905 447 587 525 982 246 810 246 473 457 889 934 749 794 478 768 113 342 707 377 178 254 80 576 186 963 730 475 797 813 293 801 54 4 442 543 936 947 868 461 623 754 739 755 176 136 456 271 159 230 122 100 77 179 430 88 638 443 894 886 209 77 132 968 855 319 124 74 931 170 504 35 202 441 481 359 967 530 732 413 150 660 801 954 857 498 73 807 159 540 210 92 329 59 459 133 175 887 901 843 488 280 493 515 551 192 423 859 385 205 160 396 745 722
436 259 733 601 259 971 795 331 257 443 358 254 167 543 381 429 305 37 482 866 363 156 640 52 353 201 216 944 717 696 764 844 504 402 778 203 498 118 589 135 590 640 348 782 786 121 466 950 852 657 523 782 960 20 821 274 65 398 325 829 184 228 827 311 314 591 175 36 337 531 265 521 665 904 958 62 137 889 613 269 862 594 529 139 684 27 288 358 399 584 480 38 545 163 950 849 993 561 244 285 926 642 325 710 286 106 867 849 72 263 708 878 890 840 652 112 893 642 693 313 868 439 941 281 665 60 103 837 389 643 751 168 164 657 964 629 661 86 240 959 477 674 816 268 637 474 959 586 3 738 42 459 220 253 359 720 466 906 989 210 665 915 711 608 382 767 7 6 793 501 606 583 874 992 366 690 168 119 426 238 837 287 327 845 47 140 181 853 490 998 548 146 831 417 422 14 140 434 581 370 763 493 334 633 175 798 246 198 364 100 813 580 101 563 49 438 846 419 453 945 153 636 779 390 34 626 143 415 909 421 111 123 188 909 32 661 408 789 32 678 286 871 968 689 988 709 501 953 521 522 456 581 107 890 463 107 206 993 271 534 638 535 947 245 704 412 98 670 349 506 678 999 652 427 182 804 977 441 546 307 34 981 646 985 966 796 550 514 113 291 203 675 110 226 222 926 585 112 37 787 539 849 680 39 929 720 942 611 914 1 403 868 290 888 366 562 694 184 830 803 669 926 837 439 24 928 437 526 234 104 122 222 256 249 344 596 91 366 716 257 249 192 655 91 311 910 766 982 102 438 67 967 81 820 150 790 430 3 172 323 663 198 387 428 642 201 329 190 466 560 634 494 81 877 679 773 42 200 349 35 987 758 852 827 275 535 796 437 83 290 712 186 844 86 383 558 896 53 481 588 414 686 411 558 760 206 393 234 415 823 77 448 920 191 247 845 450 243 789 331 434 895 341 993 605 298 845 464 265 784 958 711 211 889 823 675 42 709 425 749 514 181 121 841 972 382 286 968 239 751 98 410 807 33 761 255 326 236 422 239 620 533 909 143 630 78 363 260 228 204 264 790 202 831 420 97 730 463 310 714 924 148 773 14 775 896 150 913 360 219 513 483 883 275 536 791 835 273 336 526
259 19 399 687 525 462 981 399 263 718 635 691 99 582 38 214 252 838 32 86 322 359 316 128 815 288 166 200 95 674 996 160 604 744 908 844 297 869 497 939 438 192 480 674 971 784 369 380 329 811 198 919 578 695 989 602 4 461 345 470 637 390 624 423 881 588 713 218 456 589 132 724 46 536 218 648 754 71 694 166 853 547 288 534 860 728 312 77 751 540 449 336 926 510 359 241 226 543 528 880 752 887 389 208 30 910 722 31 855 952 744 457 420 806 825 770 222 158 267 62 549 369 247 43 494 404 409 393 698 839 475 908 644 404 823 604 215 287 631 830 899 896 333 456 991 825 769 703 582 763 131 551 328 109 288 196 89 293 957 770 965 57 27 951 779 50 103 556 225 713 914 485 473 284 941 6 355 866 956 207 909 903 399 344 218 215 483 676 429 136 867 30 254 532 449 279 174 902 886 892 151 595 396 828 750 522 745 175 84 111 513 556 817 651 995 663 65 166 561 259 511 92 878 983 925 108 540 694 863 904 635 309 271 452 406 683 861 859 58 934 604 215 446 152 501 43 302 805 320 661 492 680 118 277 6 232 881 845 860 274 424 571 392 94 572 62 395 703 401 636 964 407 142 406 417 390 524 903 165 538 525 120 240 701 540 136 301 796 547 960 593 350 771 791 988 454 898 590 9 738 38 726 678 934 589 474 402 371 216 88 833 899 24 502 536 881 514 289 779 176 239 679 241 15 96 986 821 515 446 949 570 697 455 751 71 917 415 298 518 847 834 606 821 650 613 599 110 391 803 756 272 744 287 894 493 825 129 610 952 486 201 56 347 695 954 461 822 879 185 592 932 839 67 649 783 341 138 785 780 440 45 800 626 782 416 723 916 823 804 76 590 95 845 961 906 63 316 790 340 36 287 256 819 467 140 226 816 89 881 191 950 808 816 149 811 690 685 885 505 547 173 575 167 198 635 184 923 487 495 365 533 122 165 654 938 655 308 696 226 592 905 50 722 285 921 217 59 451 15 839 369 136 498 983 772 996 441 941 830 315 914 961 693 655 601 27 854 941 667 171 63 979 634 793 92 268 756 10 849 482 6 644 657 549 992 569 632 89 465 706 759 830 374 633 842 150 70 581 157 122
33 678 842 348 352 160 481 737 303 718 663 148 939 774 272 141 625 949 11 826 685 698 227 303 908 833 428 96 593 876 994 861 384 499 522 588 782 199 687 801 682 784 748 232 875 738 902 837 605 876 826 331 523 67 844 461 676 935 15 71 742 794 954 397 754 878 745 57 818 390 285 381 835 314 815 763 877 840 95 349 467 562 316 879 770 80 389 583 182 729 614 841 678 116 627 703 538 112 90 15 424 50 100 80 639 751 893 425 352 401 973 410 455 489 785 733 876 386 310 314 63 213 170 916 909 599 800 71 259 102 500 550 72 535 97 541 439 460 234 491 199 332 393 575 201 894 999 191 412 828 479 626 845 373 727 292 832 177 448 550 890 228 423 12 450 126 409 331 195 19 68 231 267 768 463 873 260 732 62 181 657 725 5 759 555 706 611 184 210 32 136 305 47 778 536 613 272 960 354 865 575 388 433 728 510 204 136 500 466 583 884 195 590 258 891 470 818 25 784 729 597 90 400 654 124 568 876 479 528 852 487 813 566 885 524 991 407 471 360 152 549 221 557 64 73 657 143 585 918 454 23 650 797 878 308 167 392 839 549 916 610 846 129 526 224 610 314 758 470 582 469 346 370 490 775 233 652 86 681 267 539 450 877 653 772 340 812 923 572 170 226 385 574 588 196 583 873 239 503 887 115 322 503 301 458 289 257 963 466 704 805 777 651 33 794 38 154 557 492 53 394 951 178 577 655 927 508 854 427 322 258 95 923 129 692 939 95 691 485 190 893 537 908 477 541 907 440 246 322 347 848 368 937 637 191 999 986 31 464 906 390 917 39 611 582 988 204 158 827 935 950 96 163 205 493 379 879 214 718 61 581 95 505 63 565 378 35 562 136 561 313 873 64 260 110 826 931 453 597 744 242 556 496 572 15 206 361 714 843 340 885 67 841 870 803 508 332 998 181 628 381 943 90 919 447 691 230 859 294 303 69 714 27 543 243 57 735 165 19 396 66 147 998 571 972 679 65 520 746 587 29 729 583 842 96 394 154 641 277 54 95 204 250 779 772 180 352 994 134 527 467 278 646 112 813 433 65 276 302 118 399 98 648 102 405 501 305 516 658 552 248 385 370 298 454 4 89 481 173 5
264 833 333 539 51 588 13 80 705 675 758 374 997 629 229 785 789 585 647 332 639 266 99 679 148 906 206 590 41 707 502 479 136 502 871 175 638 287 424 157 862 870 415 256 499 4 140 162 808 847 780 391 715 952 977 216 104 773 688 688 597 325 589 392 622 964 427 550 514 158 853 493 273 538 679 387 50 758 536 914 154 182 958 488 286 529 435 951 890 853 510 189 586 917 446 2 261 395 662 105 461 630 224 215 920 958 286 871 532 274 945 636 198 755 357 855 425 78 58 596 564 111 505 527 603 706 817 539 397 937 568 96 845 408 648 912 918 669 325 102 421 95 6 530 168 715 783 741 838 94 465 72 504 751 739 301 372 206 318 553 496 65 625 124 707 72 945 275 528 752 297 563 221 339 594 814 969 89 127 506 79 942 211 786 374 249 569 896 425 171 714 700 941 758 158 452 328 821 926 504 843 320 545 334 361 623 838 700 454 418 803 74 857 40 689 982 370 493 270 852 145 617 148 801 122 646 52 441 908 135 635 38 785 279 774 518 331 698 827 670 662 210 583 580 443 39 56 461 406 592 494 220 590 56 872 858 967 981 761 80 896 985 213 777 60 55 582 652 889 925 525 556 471 551 417 485 704 686 126 196 947 578 113 944 236 330 363 951 438 270 680 599 509 100 93 806 455 493 455 828 145 170 16 809 304 983 114 850 543 636 785 184 551 17 28 639 925 10 301 913 403 986 353 390 10 30 220 332 259 847 806 588 506 63 361 811 716 692 26 944 515 48 303 162 683 617 958 898 914 116 156 968 768 836 8 683 882 666 721 845 612 33 928 365 778 392 337 60 272 784 528 927 627 257 410 610 417 122 585 922 384 262 178 868 47 201 552 752 625 172 610 453 696 604 453 321 78 217 228 35 428 802 879 388 484 420 87 354 511 226 144 553 826 989 572 835 540 475 141 322 898 859 748 206 691 558 517 250 774 27 665 744 795 219 590 286 740 319 455 354 484 265 340 916 582 662 677 330 754 692 981 996 435 748 652 150 585 916 33 892 691 224 881 551 994 710 403 866 608 757 339 552 213 902 467 954 66 461 174 176 31 238 193 692 891 419 168 244 540 97 830 503 501 129 477 743 923 822 596 370
931 545 518 966 620 774 724 433 900 528 645 516 422 732 693 475 912 227 71 689 971 685 910 447 36 212 815 28 737 987 200 625 270 443 327 273 530 81 220 945 772 929 306 684 141 939 871 4 500 844 174 946 750 865 550 517 603 43 785 678 452 67 911 788 713 719 130 646 564 337 572 142 168 354 804 321 200 479 232 455 642 919 720 136 736 492 547 66 192 970 675 371 748 934 500 445 115 218 503 500 333 728 266 594 589 84 163 662 186 847 656 88 366 732 834 590 416 748 775 658 521 604 391 281 174 256 812 465 694 650 902 584 406 76 268 922 558 100 380 426 161 746 789 573 826 562 616 662 488 626 4 867 954 887 541 587 485 859 456 182 256 335 926 236 301 338 79 340 376 807 768 887 836 4 895 193 619 806 757 712 638 246 761 48 595 985 505 663 657 236 26 212 160 433 749 660 389 685 653 752 905 55 346 549 885 472 637 212 159 334 540 426 108 572 69 607 502 955 919 129 821 866 815 856 585 916 981 605 968 682 4 674 125 235 481 944 714 19 942 535 380 499 256 198 72 506 837 549 481 885 329 889 963 145 914 782 210 766 626 398 701 635 543 100 860 30 590 479 246 302 414 648 843 213 556 926 294 649 946 951 390 645 537 515 751 593 491 189 931 151 629 148 935 269 751 840 430 399 807 860 226 226 8 578 827 235 30 794 387 60 324 649 283 753 80 920 834 676 842 697 595 21 821 503 128 943 307 910 825 728 277 411 755 644 273 844 525 298 316 443 271 454 567 922 34 720 872 125 981 961 149 683 165 722 237 580 47 582 969 878 164 48 216 458 180 790 292 739 778 858 490 17 555 451 227 526 270 322 651 594 512 133 24 346 646 892 725 633 744 321 124 847 330 226 951 558 739 199 795 466 565 935 162 951 875 243 926 782 407 686 625 326 428 831 672 27 924 142 223 833 646 261 570 359 829 165 647 291 557 602 795 96 616 225 908 654 29 294 144 571 88 260 412 184 657 716 10 926 203 204 712 55 563 242 84 120 564 676 452 395 478 171 350 577 503 212 916 837 865 940 103 172 257 568 865 130 315 752 393 582 579 481 884 818 994 794 870 247 925 318 893 273 713 843 580 724 870 408 460 542
321 894 649 429 418 394 31 40 16 982 298 524 564 479 644 289 353 650 268 117 731 133 427 586 214 844 374 862 976 879 175 788 733 363 454 711 942 319 178 384 31 272 386 663 187 644 354 656 116 602 453 336 203 575 867 997 149 184 476 76 270 458 243 595 176 903 898 202 61 604 133 85 215 33 92 610 275 246 37 660 155 471 910 928 801 822 432 17 858 497 377 155 301 75 479 100 620 123 591 909 657 190 68 475 114 366 420 935 933 101 244 249 808 523 384 215 604 234 717 254 252 296 642 620 623 264 445 302 535 119 893 452 776 140 803 475 678 292 919 732 329 457 609 912 311 424 190 405 701 368 671 280 56 331 59 326 353 459 970 218 248 929 561 9 253 103 897 909 26 25 129 896 239 32 756 903 63 950 872 848 641 186 328 806 525 838 397 573 23 152 198 98 653 704 78 257 278 265 92 329 936 712 941 789 474 19 835 717 546 499 136 688 414 848 846 290 634 905 726 137 862 299 17 998 786 950 970 387 28 789 131 455 452 576 112 499 96 652 84 370 17 140 497 300 377 393 690 762 695 177 853 333 278 941 436 800 141 923 577 78 793 91 535 827 420 480 527 50 328 364 528 969 986 581 395 483 635 546 849 58 161 34 30 339 663 565 271 205 559 427 151 215 956 131 370 156 474 951 466 83 677 879 648 111 524 37 96 783 72 345 723 368 59 241 222 735 111 348 821 100 153 624 356 18 274 818 835 574 671 105 548 896 515 989 532 680 341 484 195 557 270 69 240 877 690 575 367 449 318 169 177 750 143 257 972 476 171 461 169 104 250 911 303 178 544 14 836 700 511 803 805 425 817 10 464 767 732 141 879 952 59 51 404 459 462 375 230 41 976 566 845 926 746 328 158 366 706 367 188 155 929 59 864 209 590 70 851 980 365 985 542 407 822 670 891 644 693 274 20 523 299 984 940 297 781 694 576 48 552 536 473 959 370 749 542 74 427 379 289 892 793 339 490 177 297 750 231 521 661 388 798 675 227 962 617 81 740 786 876 310 187 677 403 232 162 505 810 299 546 465 271 7 321 432 937 380 600 683 594 479 112 379 524 217 359 23 141 534 757 887 978 126 584 303 992 368 12 768 598 777
605 219 131 931 392 594 853 808 371 256 283 508 477 95 160 463 127 769 300 304 63 758 146 804 714 381 734 999 35 49 772 941 905 247 270 660 254 927 861 797 364 983 241 943 689 588 83 379 338 172 106 711 336 687 144 335 581 851 764 432 422 324 345 419 975 55 775 126 169 922 850 748 531 39 45 56 451 175 668 734 113 37 208 120 787 420 907 171 746 20 384 920 147 858 961 683 601 401 602 1000 247 499 446 312 206 68 822 337 228 760 670 530 375 792 359 819 106 578 253 689 43 439 115 637 122 310 366 567 364 673 393 12 431 457 772 606 679 654 424 105 812 837 41 993 690 403 251 307 606 187 316 294 859 901 921 683 555 623 415 626 259 595 31 799 447 413 658 40 153 747 105 278 828 594 249 316 590 811 828 350 870 975 853 132 83 579 616 992 361 662 619 742 855 693 192 283 101 524 894 44 989 25 584 457 267 869 630 751 976 482 392 883 188 423 293 251 620 422 134 41 757 221 801 664 235 807 264 249 870 201 74 495 12 20 9 691 162 698 37 104 903 740 442 700 18 913 710 15 871 292 273 919 560 831 216 541 906 339 363 785 908 628 559 824 423 609 172 416 894 96 226 225 785 357 554 151 258 8 341 735 536 874 18 940 84 564 740 440 618 947 770 7 714 750 341 816 393 904 838 310 368 970 598 390 911 180 355 387 454 125 508 479 313 878 280 803 527 512 302 663 970 832 480 824 64 115 847 552 503 562 227 647 414 922 844 587 399 452 928 1000 150 924 974 599 707 91 121 595 952 507 316 192 570 354 183 435 916 573 389 286 267 328 722 560 363 683 126 547 938 487 285 577 408 527 330 422 148 873 392 131 273 597 807 571 657 813 118 591 144 938 95 862 88 803 187 20 609 836 385 989 81 643 806 312 62 174 757 284 914 201 213 243 216 682 2 569 83 783 710 978 190 777 679 693 614 17 364 800 347 670 626 930 835 800 719 274 904 381 214 274 249 574 28 187 266 104 233 404 716 702 941 768 418 21 288 867 654 452 847 142 992 187 766 308 332 272 783 989 818 52 702 419 589 818 720 113 343 750 240 311 344 396 800 405 228 273 588 870 733 621 897 549 671 241 868 406 354 403 491 541
316 299 947 708 459 425 113 856 270 853 807 157 628 78 228 616 503 246 992 915 697 995 901 427 479 247 379 27 127 911 695 594 515 518 525 234 493 960 502 428 387 11 765 653 333 731 593 948 34 268 803 65 594 570 877 518 285 624 16 210 349 396 185 311 552 57 652 436 472 43 638 198 999 595 750 444 686 975 346 81 80 458 773 978 82 144 984 5 513 807 802 693 894 379 884 868 40 397 99 773 122 303 815 550 651 717 866 616 70 244 771 645 414 987 898 731 466 568 132 769 398 926 815 286 576 587 167 765 563 59 491 285 903 390 142 985 600 699 912 442 369 59 375 205 887 345 860 30 456 478 962 919 937 153 320 470 975 736 978 413 435 105 603 865 232 990 449 177 559 35 589 54 149 930 933 937 824 888 766 167 356 337 981 464 732 756 7 429 704 3 116 281 476 39 799 950 589 303 818 127 595 903 5 976 699 877 468 236 468 792 923 955 812 113 923 651 915 246 210 414 973 532 223 656 864 366 26 223 111 563 90 625 63 837 194 782 389 28 677 703 643 105 75 8 488 283 248 595 110 507 732 700 504 788 260 564 414 760 732 350 539 230 315 788 890 155 521 551 859 648 4 456 30 707 388 799 746 968 4 227 216 855 136 435 90 14 412 855 133 869 470 388 428 164 236 586 943 522 899 350 133 780 324 280 276 717 965 817 351 569 707 568 32 426 389 586 452 19 909 746 724 495 852 523 127 717 935 983 151 908 567 122 98 882 51 666 437 698 301 85 974 606 401 525 859 953 564 220 733 670 758 968 799 281 517 600 602 784 827 713 2 918 45 404 461 644 863 328 207 60 871 65 310 249 497 897 672 670 327 157 126 312 946 44 674 86 140 106 513 638 131 163 51 241 899 369 874 80 459 213 684 533 71 77 181 974 192 429 156 36 330 931 950 824 910 34 494 865 339 980 984 641 206 771 946 616 615 366 983 475 322 732 348 522 73 202 894 169 532 645 778 885 338 712 581 39 736 328 730 774 896 892 362 931 559 624 268 144 266 526 763 203 102 245 352 308 52 341 425 12 844 982 199 130 546 959 804 904 385 281 894 454 690 449 299 651 604 383 607 172 916 470 202 86 200 82 486 950 259 502
130 13 117 347 299 666 403 265 380 811 804 166 494 594 961 990 471 141 586 294 243 101 901 934 423 378 616 345 324 675 390 851 351 238 777 29 596 372 826 343 741 906 430 151 310 512 813 105 657 698 319 4 882 317 37 294 389 248 342 157 794 223 508 26 947 395 291 86 22 609 382 317 471 942 403 68 558 268 64 782 321 761 871 478 404 630 730 517 543 25 512 129 19 608 919 602 929 544 917 934 251 35 191 417 871 436 618 519 98 614 609 704 195 534 381 564 410 344 549 92 124 818 995 887 746 924 236 866 452 93 495 636 319 736 238 746 350 837 110 824 656 821 176 632 630 157 242 893 243 872 702 926 194 279 816 257 826 673 674 306 485 973 28 803 689 872 618 125 820 29 275 750 475 91 864 612 702 476 706 595 360 172 699 643 565 859 264 198 886 912 255 7 464 483 625 300 701 624 411 138 603 62 680 885 668 595 462 229 602 135 447 404 442 187 65 438 408 834 559 617 669 671 110 145 708 953 600 330 604 360 406 576 684 357 81 602 74 839 886 289 761 785 320 561 659 35 751 205 269 940 915 616 871 657 566 461 685 151 132 905 370 946 325 320 459 664 606 203 741 570 325 978 84 549 430 979 609 403 773 562 746 975 613 639 547 208 511 718 108 319 343 394 19 181 150 153 827 714 522 647 603 14 2 398 149 47 902 7 10 63 336 224 125 634 71 836 116 129 866 956 894 446 748 195 352 492 936 339 588 147 210 490 149 831 539 160 282 201 429 333 26 140 882 587 958 190 492 238 339 935 337 402 518 20 181 246 636 415 290 287 626 637 25 403 641 99 589 142 631 522 272 813 235 81 246 650 726 638 376 105 915 96 75 309 581 841 728 556 180 899 2 973 374 343 959 851 536 635 776 415 113 409 517 387 597 804 90 470 491 592 496 522 764 559 188 420 857 238 959 211 83 236 735 991 163 543 865 646 413 297 868 434 981 841 823 600 175 940 453 946 572 843 453 145 230 274 127 836 514 687 497 213 345 693 384 486 988 995 498 717 791 462 945 465 986 618 758 874 56 273 809 533 414 310 986 914 24 414 627 5 678 739 868 714 938 581 320 895 949 960 927 461 813 551 401 624 705 640 262 145
379 625 416 604 559 691 542 659 305 513 690 972 687 204 50 201 5 474 868 808 671 375 636 144 737 470 679 245 941 788 993 697 410 398 949 47 920 202 446 904 566 728 584 719 553 160 425 837 119 647 400 895 758 177 720 423 99 729 978 867 161 296 970 676 358 726 980 619 953 358 198 372 334 99 404 29 981 997 753 843 436 53 681 561 39 22 156 824 244 23 473 150 476 779 191 525 69 76 908 516 286 989 51 266 424 785 119 356 821 651 494 651 476 541 20 272 62 869 333 534 58 846 890 493 698 941 368 928 908 716 755 155 402 384 935 573 854 135 928 269 539 815 412 581 65 81 469 586 424 462 868 863 87 223 527 284 135 769 576 312 497 819 861 350 242 860 500 117 544 324 349 777 465 395 744 388 35 871 434 972 177 594 692 198 868 824 17 813 812 463 248 796 134 275 455 57 8 141 9 87 295 769 408 245 189 742 518 14 548 172 587 723 926 758 734 974 19 841 494 927 544 605 296 274 86 241 860 282 677 982 261 20 660 669 467 397 952 163 664 854 958 609 955 931 280 216 772 655 96 764 107 978 969 656 314 273 185 768 465 429 396 918 466 479 971 933 921 108 12 656 822 869 627 226 734 638 917 199 150 315 782 315 958 930 841 165 584 805 441 859 513 756 233 909 626 489 649 511 870 339 512 515 794 652 968 548 81 997 117 667 630 804 848 322 378 36 524 768 369 817 628 556 636 126 502 821 193 903 112 472 150 34 211 725 761 970 211 401 854 963 464 828 2 503 745 326 787 216 141 665 100 759 150 718 132 337 926 981 320 550 667 737 662 862 993 579 191 758 738 319 434 756 385 281 761 929 872 401 195 967 982 189 267 960 81 309 769 511 202 741 471 451 144 92 4 990 142 818 973 118 144 893 527 395 852 978 97 825 464 12 801 572 172 784 768 529 995 69 457 347 912 1 346 669 617 189 866 869 69 173 156 519 730 59 535 853 588 13 548 781 678 894 711 427 2 296 998 884 81 481 1000 187 393 253 318 297 705 487 964 303 624 306 107 875 327 874 413 509 139 299 817 68 554 78 793 203 522 340 677 199 486 583 105 339 501 766 781 767 333 686 673 977 223 452 369 632 315 390 151 82
275 185 655 368 719 318 301 148 479 814 643 584 10 68 240 184 628 611 747 287 578 905 433 876 824 303 342 576 954 115 330 53 391 751 139 972 970 384 958 409 899 255 504 232 221 177 450 831 683 423 545 680 215 770 699 939 513 768 593 762 609 862 11 109 701 385 504 689 172 92 69 165 163 502 576 490 790 826 69 284 78 380 502 60 525 774 550 945 933 899 453 340 796 287 196 584 881 808 718 354 751 56 143 839 34 651 424 120 449 378 524 436 754 651 383 139 387 149 699 979 812 681 229 108 207 897 705 807 430 378 432 988 334 254 916 169 786 597 327 186 211 103 105 27 128 301 492 589 996 395 42 236 618 749 438 579 809 436 567 599 928 832 775 973 988 829 531 827 375 964 860 221 644 153 695 402 684 89 557 704 950 110 505 253 272 926 112 555 146 70 633 570 721 82 920 714 804 445 409 908 500 342 659 601 832 566 723 907 49 446 750 884 323 871 395 766 464 483 499 767 425 325 796 443 866 435 228 901 36 436 458 644 848 884 864 723 557 132 51 762 666 875 6 705 332 433 966 369 175 859 518 671 115 610 227 53 417 714 971 161 381 883 493 982 468 446 339 526 913 546 421 526 78 986 547 736 361 875 471 421 889 511 401 872 129 330 964 107 288 678 278 548 34 504 979 75 116 537 554 623 930 905 17 111 590 507 764 177 985 272 865 371 728 933 663 875 709 482 319 326 529 989 276 465 912 427 862 739 862 766 988 662 29 116 751 88 928 666 352 80 507 515 636 371 580 415 946 716 733 759 304 760 336 109 609 497 219 973 546 250 679 898 515 225 582 51 87 187 525 263 854 239 710 782 372 431 197 363 28 958 183 433 530 518 44 885 489 741 32 935 746 411 588 136 627 960 330 775 321 495 384 23 121 66 565 290 496 596 390 170 693 564 865 720 361 88 322 620 814 208 336 381 961 110 823 137 964 371 749 52 345 201 571 431 730 42 196 61 836 91 109 162 709 514 172 684 525 763 756 125 500 608 631 737 971 179 940 617 854 997 962 806 540 701 73 17 487 270 813 405 732 721 364 767 864 980 24 622 501 821 422 91 604 698 623 283 956 400 749 736 60 616 990 459 59 170 898 449 55 552
201 785 151 598 254 14 919 210 744 616 914 271 741 543 187 997 121 327 556 758 770 626 579 933 17 391 513 655 842 801 466 216 168 342 693 822 407 28 137 548 603 7 490 118 67 339 892 677 878 70 41 339 563 27 190 9 844 66 777 311 994 680 578 305 533 737 341 805 752 645 755 330 344 771 595 400 771 508 894 295 540 844 694 899 570 128 307 190 42 804 419 89 103 309 37 757 190 29 268 239 979 292 367 841 423 114 927 538 918 798 149 52 640 244 529 493 13 110 698 648 87 910 183 445 993 55 876 307 111 475 157 690 264 128 60 854 506 726 236 956 873 290 331 635 927 335 428 944 307 534 227 713 582 779 652 450 681 134 428 297 239 622 881 497 520 965 41 825 745 727 37 950 724 628 616 949 332 441 488 964 39 645 536 831 854 300 999 342 836 474 446 214 670 893 294 461 551 867 323 415 962 442 974 362 64 883 781 543 428 277 212 292 50 808 143 307 481 203 794 380 160 369 996 651 560 358 675 857 355 323 725 259 886 564 432 81 576 892 363 385 556 793 944 242 331 795 472 634 779 210 7 903 884 266 391 811 135 723 839 547 977 159 769 888 36 287 390 634 587 327 928 329 436 452 573 600 337 174 359 680 632 926 891 43 314 488 332 574 112 542 836 421 666 331 183 906 777 357 921 706 364 681 595 392 230 936 340 858 273 836 227 819 254 727 118 911 386 919 126 65 308 688 589 314 736 772 719 348 618 353 301 582 167 180 636 231 797 848 711 494 755 481 106 614 796 596 244 401 644 774 168 252 766 345 182 166 295 671 620 129 508 997 515 787 13 438 978 544 957 254 939 884 278 747 93 149 385 119 507 655 938 107 664 691 82 546 664 26 43 253 376 122 660 193 18 207 61 572 581 529 263 199 545 161 497 974 329 232 337 1 32 257 396 440 985 348 556 18 390 157 197 775 432 848 191 61 796 271 376 919 793 738 965 53 238 601 705 128 792 836 701 83 866 435 749 2 841 55 854 945 484 566 450 732 320 223 379 586 181 620 452 632 335 911 372 375 50 895 149 368 368 35 702 566 201 350 917 425 344 298 128 893 594 379 733 293 271 356 35 415 791 903 174 359 949 998 540 212 973 765
468 526 904 31 667 66 416 440 118 237 324 262 717 365 10 724 481 979 828 75 357 29 460 402 815 222 235 418 906 57 384 823 76 825 895 88 48 388 394 918 4 980 207 684 559 102 142 707 541 950 400 179 576 217 195 18 45 182 111 718 664 986 727 798 674 490 646 475 620 161 524 987 388 252 248 205 213 8 415 809 407 541 293 292 428 856 527 901 201 687 213 103 772 505 896 465 633 872 355 905 527 288 308 125 806 609 341 725 735 754 16 808 112 863 880 541 581 927 885 317 359 888 918 988 256 712 660 614 177 322 489 734 710 949 358 34 810 234 436 225 651 687 803 79 417 931 237 709 897 330 596 608 503 551 117 658 685 537 563 514 737 490 48 457 110 897 7 280 858 180 302 706 394 246 257 714 408 677 176 12 240 198 814 335 740 669 972 535 435 981 217 546 187 374 862 118 695 134 896 937 533 150 478 56 476 935 660 119 213 42 777 760 133 241 812 308 71 708 333 925 444 554 249 958 708 456 112 479 100 522 3 894 846 453 377 967 870 217 93 269 340 109 858 651 370 189 289 813 7 934 784 207 444 895 472 287 522 207 329 600 256 596 388 291 861 150 736 393 892 585 560 849 303 505 996 706 17 266 440 680 952 394 592 715 510 804 955 955 142 730 384 819 442 679 811 165 755 772 37 172 26 206 355 271 919 628 157 853 87 140 900 707 670 546 256 337 496 574 330 750 558 913 749 68 582 279 393 20 919 756 660 649 945 115 950 486 855 839 240 298 337 267 94 381 416 766 718 489 221 474 718 714 188 906 13 814 831 831 43 715 298 792 620 449 851 425 830 273 232 572 198 781 171 592 368 35 475 669 141 767 455 555 557 789 958 844 632 572 668 468 104 756 653 173 33 842 402 13 2 996 523 570 202 603 491 743 539 675 410 665 212 269 747 642 838 67 905 227 366 803 664 111 348 589 509 50 124 998 163 145 387 168 825 362 17 825 424 228 10 176 287 255 275 911 372 934 24 593 998 746 893 963 31 242 927 493 888 984 883 670 363 133 844 595 434 322 338 281 130 277 17 135 216 449 671 136 590 814 589 974 576 882 512 893 622 887 302 809 720 693 539 386 655 709 784 347 884 248 710 979
370 157 881 593 533 293 111 421 579 256 807 336 346 600 794 293 927 326 790 583 757 898 590 983 778 948 724 478 156 124 15 311 235 999 408 666 508 94 535 865 781 712 859 433 454 399 289 274 373 357 795 713 523 812 572 540 796 907 904 750 4 22 707 547 304 417 558 542 175 878 705 330 654 482 716 950 281 237 386 737 387 221 189 55 506 309 118 663 202 613 580 254 292 895 490 68 463 390 348 743 486 249 708 330 575 452 515 962 711 9 960 905 806 11 372 133 883 528 756 531 289 3 586 426 578 522 706 267 946 621 137 254 640 469 124 127 835 939 304 813 839 302 572 863 138 981 616 291 184 169 429 575 46 183 903 112 93 771 991 242 569 59 852 934 787 970 438 83 231 98 191 192 840 556 203 110 525 769 718 276 992 366 824 813 687 842 456 363 644 546 773 650 453 609 253 661 277 596 417 754 969 812 482 629 126 953 43 215 579 184 551 449 328 424 719 522 306 80 787 939 982 185 117 554 610 347 636 666 724 708 275 358 267 585 132 115 127 133 595 840 28 174 469 958 879 985 153 132 659 356 251 93 940 808 211 159 263 946 360 989 676 894 656 29 867 497 914 500 164 946 760 269 579 306 830 936 445 863 511 658 451 299 652 350 780 181 997 893 114 337 153 325 862 177 878 880 496 972 50 984 479 362 363 257 320 754 545 989 465 443 660 750 369 560 199 996 399 31 390 547 212 864 236 282 274 735 81 537 712 567 216 137 49 76 519 88 12 332 987 963 736 38 847 787 480 620 892 862 795 807 983 455 195 539 43 22 876 722 391 600 191 238 225 113 76 752 156 462 354 19 864 734 331 128 980 664 953 110 140 502 898 46 820 333 754 771 212 161 210 48 413 345 770 973 84 284 571 525 822 623 399 302 900 529 357 156 237 529 640 208 406 27 343 300 51 930 447 771 267 239 605 357 287 761 353 366 337 131 515 666 468 483 381 86 281 672 882 991 443 731 95 234 903 480 732 822 444 40 428 932 781 924 431 438 181 248 851 673 916 447 830 681 58 198 338 918 813 347 315 925 47 27 356 733 951 653 686 961 624 639 645 477 635 145 291 628 908 672 467 716 98 515 885 475 812 649 24 309 307 339
532 627 659 792 207 110 668 647 277 199 532 801 66 756 374 491 148 531 255 352 592 248 654 620 880 129 546 991 31 465 565 709 930 573 395 290 60 70 319 301 543 534 207 205 685 240 633 780 446 809 185 385 684 591 447 495 430 526 178 924 675 403 114 984 331 743 892 750 147 235 512 217 891 822 730 814 278 196 966 703 218 970 782 112 789 815 454 709 826 986 50 903 675 494 369 703 708 12 102 127 849 413 606 392 528 765 375 644 336 637 322 356 505 503 814 976 309 165 115 533 46 686 767 12 990 293 92 402 861 633 770 86 564 335 551 60 369 942 408 826 96 499 531 618 603 181 535 970 70 603 482 625 587 578 802 854 949 952 591 381 45 295 307 383 935 384 79 598 455 264 623 510 92 853 207 719 361 542 626 780 72 368 706 1000 669 306 134 300 318 531 214 962 867 596 185 253 319 866 181 418 101 924 55 823 245 568 876 537 147 427 637 34 901 332 36 32 937 165 572 483 949 230 103 456 62 56 406 860 968 285 425 366 273 309 590 982 865 975 322 167 184 969 578 302 666 247 439 600 32 224 823 168 821 52 772 638 597 404 256 705 580 603 81 532 238 902 848 1000 452 536 546 494 713 593 37 247 848 470 130 212 955 68 756 477 125 117 618 801 195 227 43 426 755 564 998 745 187 777 777 423 987 792 746 165 239 353 182 794 999 129 84 592 827 121 43 385 896 652 186 619 127 911 935 902 622 841 280 52 32 378 56 336 887 525 880 834 389 668 119 815 942 667 513 156 357 737 48 462 326 988 204 729 451 235 257 455 510 111 522 868 790 712 355 224 101 604 638 33 501 503 273 396 271 827 542 823 863 503 684 685 992 694 453 944 741 560 217 677 609 730 694 453 455 765 650 950 213 514 791 37 29 735 124 308 828 907 603 553 832 399 85 948 44 467 392 958 670 510 405 741 56 637 81 799 317 827 349 848 107 517 807 315 618 178 371 757 542 354 572 203 404 810 817 167 261 748 183 250 939 41 743 736 442 252 68 423 221 187 593 911 321 765 400 702 299 9 356 742 284 20 669 58 269 189 114 880 263 635 484 179 479 287 988 823 521 742 828 521 674 190 908 634 633 698 439 188 493 927 560 751
391 417 810 108 644 151 875 679 69 829 535 869 637 75 459 866 20 201 674 617 664 899 117 184 381 478 396 657 888 839 101 341 930 695 939 599 776 85 176 575 46 943 146 204 649 220 324 444 181 549 892 863 810 700 301 59 438 649 82 510 734 705 892 306 111 93 253 985 339 976 256 7 217 134 704 865 67 875 623 588 795 260 727 44 694 626 595 46 439 787 265 754 213 160 504 774 743 793 210 829 473 936 957 840 107 943 625 284 425 209 302 324 928 380 602 548 239 70 537 506 511 599 50 331 346 21 358 140 649 137 659 692 226 987 381 319 202 203 345 272 198 14 936 118 988 506 298 226 370 20 708 690 935 267 28 466 231 494 471 183 155 461 350 368 198 434 698 712 751 951 800 275 478 69 969 772 793 89 824 817 464 10 411 920 679 823 887 58 935 10 68 436 953 265 371 231 216 374 996 792 835 116 187 355 179 945 530 70 329 95 280 756 931 856 802 168 889 280 448 880 711 579 992 688 274 234 181 399 410 833 774 681 770 614 637 180 76 93 862 250 453 971 404 311 262 80 297 503 976 161 129 228 981 166 693 890 463 948 239 704 27 10 40 726 307 580 641 429 61 332 978 643 828 345 866 965 961 17 77 626 200 789 810 691 42 333 809 1 729 181 873 557 700 144 624 993 854 223 792 846 212 150 719 860 245 404 542 274 359 446 94 742 234 899 827 355 494 490 724 626 639 506 610 377 224 218 191 715 60 643 307 814 244 850 545 955 528 835 75 924 767 418 643 29 605 111 453 305 227 829 860 969 911 904 735 853 438 989 109 780 645 728 183 620 218 655 777 158 593 3 334 295 183 147 172 451 50 594 993 244 552 780 689 181 395 550 173 179 930 746 695 23 39 843 594 452 789 394 660 239 771 152 139 202 663 288 921 574 72 372 766 547 838 609 371 271 510 428 317 229 150 389 455 866 154 768 58 507 842 269 513 694 370 459 667 364 28 389 217 816 797 645 643 811 529 826 299 902 946 118 633 171 540 372 255 741 284 455 280 306 172 638 255 498 379 846 881 996 726 307 589 964 310 782 688 638 115 633 716 364 224 690 685 154 536 167 170 824 275 534 248 556 499 379 506 914 784 888 306 877
748 578 577 291 729 363 205 71 212 709 594 580 479 757 248 855 467 707 145 317 920 84 347 39 423 892 916 453 881 593 839 794 759 976 795 920 554 752 151 235 291 457 154 830 686 417 427 858 434 5 821 624 674 277 373 288 933 1000 311 856 475 568 423 969 601 72 941 804 355 27 658 229 721 862 793 829 161 79 423 64 962 757 346 390 136 755 638 384 434 854 749 259 214 172 217 857 517 231 936 8 641 96 398 813 413 207 409 818 512 38 310 856 549 567 567 177 77 22 5 186 568 791 734 536 246 653 788 155 136 915 673 562 332 398 695 215 230 116 906 20 30 179 89 893 973 262 328 231 547 10 344 314 702 288 452 675 961 873 192 381 779 862 272 924 817 672 612 397 800 926 962 869 923 801 222 384 954 354 830 238 553 839 271 810 391 952 659 141 798 643 148 764 895 459 205 567 392 687 736 1 856 287 559 429 290 157 223 601 817 88 153 591 18 647 173 489 699 399 862 794 275 645 402 562 685 73 516 360 418 589 915 706 74 377 21 462 536 579 672 798 510 771 824 964 206 668 487 163 223 267 53 71 880 47 236 60 459 627 485 804 435 399 587 760 797 502 200 383 354 871 213 310 622 421 385 767 183 5 928 349 496 801 735 320 631 697 733 685 499 133 115 784 642 623 798 575 58 289 297 616 844 238 846 787 553 95 720 811 25 703 326 699 580 264 389 282 685 297 821 431 725 182 487 968 321 531 884 429 946 857 796 170 649 807 330 827 953 298 57 399 988 554 363 795 227 24 834 408 703 88 875 950 185 356 408 85 885 316 415 422 782 325 565 208 715 851 851 501 449 673 777 166 802 826 306 86 569 892 107 279 756 148 750 254 48 190 141 360 608 549 125 561 490 188 159 180 477 371 471 819 243 314 847 701 753 148 734 279 500 700 334 390 533 610 531 176 894 700 544 307 896 101 137 451 72 103 909 689 434 392 139 337 125 96 831 602 417 683 923 633 242 64 696 364 74 77 248 804 46 708 717 263 840 802 566 466 199 110 773 979 466 10 458 833 779 565 664 860 360 622 788 127 199 629 121 364 915 736 84 673 668 151 711 163 353 927 770 474 989 938 785 201 793 925 610 63 459 535 897 314
664 772 302 140 325 909 481 265 149 597 197 868 620 816 741 297 525 222 610 218 816 123 816 80 95 432 594 413 437 84 331 303 179 524 695 233 782 967 486 551 608 869 138 140 599 953 353 382 721 226 279 510 377 728 511 184 78 150 64 374 584 302 476 107 240 353 198 914 211 81 975 901 931 823 591 456 402 30 237 342 142 119 963 695 37 147 281 822 430 982 829 368 281 167 454 611 871 837 726 966 787 612 893 65 854 432 790 443 306 824 401 601 811 563 137 70 346 64 100 376 466 253 736 829 462 905 200 780 716 896 34 263 508 101 719 18 962 745 962 809 136 622 281 445 404 210 156 414 153 370 831 434 354 831 883 128 590 146 117 460 356 264 595 398 275 855 862 744 850 995 156 660 776 698 3 882 193 715 26 112 847 18 216 877 803 78 193 712 987 518 7 524 128 886 30 243 482 350 355 752 635 874 413 73 324 339 691 886 42 203 552 455 359 298 210 762 906 384 866 818 881 263 707 260 1 585 331 381 526 183 4 643 845 438 505 124 1000 37 292 499 439 615 158 180 360 126 484 960 354 490 707 930 12 492 491 667 778 382 953 746 351 586 991 594 623 808 798 718 445 940 583 615 385 119 505 36 809 560 352 983 953 536 533 609 124 9 564 958 956 906 385 607 448 369 536 280 417 453 349 192 73 892 859 218 242 804 356 124 432 725 461 312 204 752 505 167 148 310 249 870 336 278 932 519 165 46 463 333 73 992 520 131 901 409 242 824 200 468 420 232 268 291 248 109 634 771 488 468 707 110 47 579 113 622 745 662 951 184 315 991 321 54 446 579 632 23 875 276 207 451 753 963 455 79 791 729 824 361 179 187 645 931 562 620 682 544 692 627 253 925 12 257 867 649 930 789 958 535 129 987 882 535 176 253 471 597 968 49 128 412 362 420 465 710 720 72 660 521 420 729 883 279 542 550 20 630 755 619 307 761 708 100 730 497 494 482 806 680 927 242 545 9 114 477 957 882 11 814 321 934 325 267 953 356 201 795 503 539 393 396 154 960 655 263 615 360 429 100 801 879 160 84 261 204 398 771 733 790 195 442 458 525 964 461 550 352 363 867 647 422 766 894 520 270 354 470 288 37 999 221
123 146 695 17 385 353 822 388 444 337 844 561 324 813 177 864 893 312 872 195 788 687 947 306 531 594 673 600 981 508 875 496 116 399 214 531 363 325 990 576 848 148 727 927 988 845 723 565 882 795 961 524 22 260 328 934 965 696 393 142 339 640 239 563 502 944 939 453 448 563 820 326 775 577 524 108 533 222 659 84 531 196 33 307 820 886 496 905 967 63 305 223 227 143 718 902 478 900 442 690 254 399 552 513 132 148 195 382 914 538 351 519 613 802 490 274 546 579 47 805 731 583 589 26 868 731 778 365 626 516 504 480 970 208 882 21 621 311 304 248 657 555 46 588 263 858 754 606 344 463 10 491 534 315 317 939 321 914 592 523 359 766 525 921 278 685 722 848 544 419 756 603 470 772 372 160 229 961 231 364 383 68 340 212 306 623 720 692 416 843 833 222 829 685 849 682 305 505 736 869 864 978 418 30 525 589 771 592 977 124 730 173 322 290 266 48 319 601 135 541 864 886 500 103 436 566 749 73 889 33 422 117 720 433 244 794 336 622 512 433 903 41 145 564 301 573 964 472 428 369 762 472 604 257 563 865 895 452 32 51 413 583 611 39 90 550 896 956 593 871 716 151 338 690 461 958 697 114 165 141 110 805 245 943 796 955 870 80 353 731 703 153 843 954 495 445 599 307 914 590 353 900 402 778 231 933 760 355 139 815 739 654 380 608 875 374 148 767 707 337 588 120 142 197 117 769 52 423 597 185 732 415 26 349 890 245 976 830 418 216 253 855 870 660 219 983 40 91 172 641 915 69 463 387 616 454 504 68 708 167 741 677 292 988 782 634 212 849 480 290 963 826 667 14 247 291 629 33 972 472 252 998 230 178 927 751 599 686 174 980 976 899 347 735 121 660 354 764 713 455 969 128 122 132 865 423 367 241 455 84 79 533 853 779 243 893 300 811 192 803 443 397 127 564 273 384 350 504 166 322 130 638 630 312 528 558 813 95 670 446 935 826 429 552 760 12 802 167 899 453 957 778 207 782 562 278 711 423 538 958 440 143 988 438 900 563 500 45 556 328 870 930 633 898 361 254 716 902 472 116 965 140 168 556 311 322 926 227 861 635 300 546 900 658 409 796 247 809 494 440
837 85 646 866 585 132 360 296 452 752 848 78 749 78 696 471 810 324 569 255 643 971 999 243 702 873 321 835 746 423 711 587 997 515 820 237 485 430 374 908 733 889 545 922 822 186 614 661 448 207 89 143 325 938 53 496 824 344 801 198 523 47 328 661 495 159 500 736 289 422 326 4 216 240 227 959 944 359 807 298 310 542 590 513 111 712 670 359 837 693 178 148 398 777 668 675 599 479 928 421 640 296 971 116 497 695 506 951 790 2 628 876 271 501 23 595 474 960 130 451 826 379 723 337 390 638 180 570 842 388 547 610 292 95 550 351 281 297 824 3 724 683 845 646 375 925 880 842 481 632 513 35 876 511 421 354 247 882 522 677 44 891 565 667 341 46 119 37 632 106 59 866 674 747 969 979 963 723 861 379 813 612 686 826 887 321 64 602 726 245 881 697 30 697 856 790 194 166 549 335 966 402 162 371 424 646 831 804 372 732 659 409 874 877 793 728 730 108 507 250 599 679 35 432 833 979 122 322 633 950 726 543 230 594 129 736 609 154 970 110 292 795 766 669 874 238 262 210 794 47 98 490 410 30 684 497 757 3 359 755 552 561 842 914 925 103 129 201 465 845 600 353 362 247 727 671 186 433 932 132 315 499 896 750 692 530 785 98 566 819 131 187 714 471 345 920 724 683 777 310 52 522 849 965 94 642 771 26 986 754 374 138 698 380 609 853 889 104 238 161 521 781 820 195 870 695 98 607 240 95 922 271 569 998 919 542 819 381 619 574 265 895 35 40 602 68 89 622 624 844 680 409 692 268 929 152 979 740 508 1 995 755 262 723 649 309 780 80 591 272 190 397 55 85 284 651 734 54 344 364 937 568 607 111 153 902 902 16 769 146 704 441 638 167 950 389 339 704 160 40 744 134 583 782 970 19 578 12 484 494 796 510 209 529 941 774 229 982 542 859 696 160 540 564 803 548 491 500 350 148 995 315 127 111 415 34 547 688 921 799 637 134 773 403 97 694 793 597 748 264 610 394 577 773 206 812 362 200 469 653 51 235 883 996 598 872 515 546 311 429 672 768 966 70 910 643 8 637 873 517 836 308 130 864 484 767 642 280 348 180 427 353 691 954 637 463 708 544 617 134
613 370 95 769 708 896 394 482 7 608 468 146 46 653 484 245 420 797 325 76 962 963 841 522 138 836 348 242 351 774 570 890 300 731 612 716 767 778 516 277 790 810 874 333 125 790 118 702 510 315 341 692 52 644 365 882 906 891 814 651 689 400 977 269 382 380 857 77 653 81 478 3 58 78 608 737 515 31 195 635 275 444 955 77 617 650 378 186 91 531 931 258 765 349 718 185 626 76 463 702 680 190 177 684 690 72 235 599 445 547 130 793 359 248 982 444 393 495 112 243 578 182 860 226 94 628 880 133 984 511 480 368 468 120 466 518 663 472 126 665 143 701 673 725 516 372 482 286 36 571 486 178 631 491 955 740 419 689 646 240 639 623 901 184 60 401 933 881 817 953 65 395 880 160 366 827 208 215 607 158 181 789 108 664 160 870 577 945 136 253 92 431 353 360 6 821 449 333 74 167 935 929 969 181 730 983 33 538 525 672 652 175 460 140 757 4 506 558 529 582 294 855 9 586 980 947 150 556 346 754 589 392 499 165 974 499 19 874 84 419 752 170 816 529 553 350 630 858 256 480 149 604 184 228 746 616 865 614 143 70 879 333 538 660 988 316 783 795 420 145 418 793 184 962 451 452 736 976 209 591 70 210 377 889 552 627 673 370 293 221 82 382 624 992 328 662 787 358 211 571 90 319 707 9 161 296 123 796 532 312 318 291 39 25 632 734 56 178 90 927 403 435 224 841 731 580 70 629 87 666 638 362 415 967 998 376 730 425 575 501 153 442 828 811 61 844 800 544 775 119 294 521 459 378 931 511 131 537 585 828 648 377 223 600 206 835 809 716 937 773 343 982 751 243 964 240 169 393 754 595 695 135 372 564 793 780 457 638 867 786 149 614 652 951 615 316 13 958 284 536 571 904 939 236 329 51 415 639 390 14 124 18 625 781 156 2 299 785 881 4 22 629 614 309 426 954 137 127 300 193 39 345 210 538 488 421 290 549 970 308 956 837 161 695 989 500 280 240 180 875 278 26 427 725 810 237 512 868 742 651 831 112 90 871 488 962 419 711 582 289 704 663 131 232 339 295 595 537 571 580 968 196 43 281 335 992 578 305 833 111 143 81 530 724 960 17 50 371 936 883
553 196 373 435 625 948 847 98 561 569 654 802 411 621 601 9 663 357 304 267 607 650 875 161 104 714 495 845 462 112 239 414 792 759 193 721 847 364 729 583 769 584 414 788 625 622 398 856 80 410 442 267 825 417 106 56 113 262 913 497 592 909 488 112 480 547 422 441 202 709 465 649 524 902 711 134 109 993 555 490 538 255 816 208 816 178 838 168 534 438 14 257 373 690 777 580 69 868 355 45 40 498 47 886 946 725 779 39 614 900 828 655 415 823 544 5 878 186 441 62 450 230 487 765 248 269 600 652 347 365 515 200 583 923 513 699 928 692 504 448 439 61 518 623 299 755 134 524 8 158 285 364 577 176 671 213 784 813 78 261 208 505 933 189 471 421 309 971 600 654 90 905 678 559 821 6 971 519 722 866 556 963 141 820 853 70 853 534 834 269 675 574 1 820 914 104 305 202 493 410 785 513 640 208 574 109 527 887 583 358 756 485 615 688 73 728 488 643 189 741 242 768 412 763 632 138 730 496 634 477 183 955 698 19 749 979 940 146 959 246 35 591 65 487 894 952 243 325 924 18 34 180 491 972 98 923 459 818 224 248 759 30 460 687 962 950 689 810 155 804 594 817 850 391 364 108 876 514 322 913 576 274 603 614 537 562 712 948 718 398 981 283 798 111 793 796 538 674 800 359 914 332 625 632 942 601 710 874 899 731 400 769 593 632 650 477 650 404 967 939 726 394 387 450 111 864 538 598 221 243 388 918 460 586 521 645 480 989 306 357 1 856 819 878 224 207 998 503 408 869 363 118 999 999 911 780 586 861 538 328 796 15 20 64 159 745 975 178 253 393 782 540 587 823 187 448 993 902 281 891 985 194 136 932 919 772 355 779 603 979 185 372 909 4 754 350 254 690 58 795 723 61 378 273 451 14 433 419 686 892 627 904 591 948 50 601 12 948 584 23 822 341 774 793 544 924 515 255 675 61 96 782 345 312 332 51 314 370 265 298 222 93 30 352 107 831 370 912 31 703 282 260 299 724 661 137 588 641 809 74 604 887 579 454 661 204 338 486 864 110 66 647 169 864 543 559 45 951 421 836 382 788 916 169 387 924 294 92 909 77 701 918 885 179 814 798 554 867 196 577
874 131 479 415 499 265 198 470 549 476 204 475 501 557 647 790 792 358 582 116 492 803 647 436 626 698 673 307 346 798 573 598 381 457 397 562 165 8 107 896 23 625 187 299 725 324 6 388 603 758 767 204 393 606 89 538 602 523 571 276 927 167 263 811 756 612 360 329 384 237 831 281 225 185 305 902 194 288 902 881 95 29 130 155 288 375 776 965 852 734 978 600 193 675 393 334 202 558 816 956 727 560 935 455 988 418 364 61 85 170 408 2 613 680 243 117 381 980 275 814 912 500 197 911 263 928 195 295 220 822 481 400 437 127 923 919 950 976 202 296 155 165 278 838 766 763 480 230 189 363 589 666 711 399 859 436 980 472 387 695 942 184 765 825 994 466 521 981 291 251 911 529 565 295 334 697 586 693 456 380 7 462 686 246 467 173 912 159 510 303 399 916 394 282 259 358 208 670 425 240 551 836 121 523 872 620 663 623 924 130 56 137 236 443 43 33 928 90 60 600 358 707 37 342 858 785 920 472 253 92 817 817 931 656 578 841 530 748 167 919 67 993 910 34 426 454 436 809 143 344 936 657 540 588 299 343 967 879 244 260 370 588 556 432 781 292 514 69 692 782 478 463 97 997 960 96 792 862 280 244 417 401 434 240 352 679 936 357 183 58 977 924 535 945 27 301 563 42 320 663 731 817 702 265 858 119 288 308 512 840 776 44 609 13 337 854 564 40 55 304 419 424 597 102 63 841 242 535 415 418 303 85 935 92 433 31 597 520 337 225 822 898 70 546 480 126 485 300 373 143 377 614 217 322 666 396 333 374 824 544 957 513 408 775 257 478 584 925 975 310 759 2 312 232 465 476 634 211 601 358 197 845 356 412 439 713 253 593 337 928 310 954 704 155 70 263 776 86 185 992 721 91 523 87 536 928 750 168 509 353 886 729 588 582 450 905 398 593 914 968 986 938 909 969 445 106 535 849 647 423 945 807 615 618 69 792 189 994 672 967 561 574 333 264 536 667 455 759 519 331 550 923 636 944 491 131 342 198 231 896 447 822 562 652 553 431 523 857 236 785 659 949 869 168 377 543 211 763 791 840 456 527 841 612 686 270 389 367 402 832 153 163 489 369 882 822 198 852 645 983
178 243 414 657 720 996 368 873 252 554 896 899 494 286 225 272 294 842 170 385 174 700 27 922 881 482 443 820 202 93 536 645 69 237 905 91 348 530 20 213 424 105 549 18 999 61 851 452 915 968 273 91 808 151 636 482 390 125 494 351 622 504 771 286 602 106 644 408 209 213 626 525 783 930 118 552 821 428 435 760 177 946 818 36 936 7 3 403 932 25 570 441 503 663 119 175 918 939 871 395 254 470 244 470 307 886 663 901 684 783 222 899 413 910 270 378 185 65 482 981 335 912 938 590 826 608 293 108 396 584 349 701 351 825 537 131 522 162 611 70 891 692 862 63 793 696 781 754 552 652 358 570 183 82 304 560 662 952 583 219 326 858 591 716 596 278 75 994 985 180 421 901 274 290 246 9 786 428 714 210 843 649 916 233 848 832 173 842 230 309 736 379 390 62 808 758 424 116 258 875 240 568 21 980 868 852 478 446 25 253 630 396 998 557 488 693 596 1000 358 539 753 363 849 461 104 396 310 45 188 312 128 234 582 833 722 432 564 887 875 562 46 943 480 640 508 17 716 926 193 235 605 119 657 314 493 991 961 736 698 27 829 151 455 258 61 908 44 786 204 536 501 420 604 566 26 94 903 643 358 421 922 559 48 738 573 820 445 419 912 153 574 484 508 736 219 234 262 712 677 315 800 188 374 261 260 305 274 200 630 162 941 709 538 598 968 57 530 540 433 747 586 947 140 44 655 606 193 502 184 524 609 544 148 385 367 548 262 126 357 711 652 503 781 609 783 733 95 377 841 404 224 576 646 769 988 58 596 506 270 257 925 401 149 707 849 644 752 25 940 45 641 783 358 262 412 146 703 570 512 670 468 857 220 58 75 372 32 356 378 800 311 675 996 826 395 684 863 771 992 531 800 923 433 297 609 970 877 320 128 808 959 806 262 295 835 242 618 987 956 730 7 307 364 766 69 909 838 573 688 862 224 307 776 484 240 168 504 679 459 992 298 125 450 117 44 180 834 197 275 471 572 458 895 581 689 239 416 131 481 781 358 131 450 258 510 869 237 592 764 725 766 499 826 264 369 389 571 265 435 612 659 863 387 167 146 601 354 476 920 276 436 486 857 892 374 184 658 820 969 798
472 915 976 292 844 567 722 339 782 692 368 882 368 133 999 316 949 599 816 777 264 559 77 607 48 262 743 527 493 280 684 701 960 290 265 109 172 452 475 806 13 856 916 329 218 837 840 227 658 296 225 870 278 482 64 566 226 186 803 323 672 302 928 369 357 789 183 815 475 352 72 331 259 830 41 411 279 607 741 594 433 410 114 633 686 118 264 807 411 273 404 609 578 868 445 149 37 452 414 414 869 797 754 571 799 671 279 48 454 721 288 532 533 356 636 609 762 301 583 28 198 242 824 90 170 101 174 25 17 421 890 72 322 248 209 757 922 873 460 575 696 867 958 186 679 333 772 903 767 901 481 928 968 618 728 519 613 553 480 314 810 954 297 658 531 705 522 565 351 195 177 484 409 468 937 873 215 23 394 816 69 975 261 665 759 978 799 902 246 787 211 192 221 693 938 766 136 850 804 224 101 549 261 43 958 506 408 773 9 983 421 819 319 316 552 911 821 320 611 191 642 194 919 454 460 668 883 22 751 954 999 478 217 86 683 403 605 566 423 335 146 340 464 604 277 576 63 579 708 790 644 316 580 414 92 559 950 457 195 829 702 876 552 257 522 445 129 455 134 12 324 114 21 522 983 808 970 844 973 90 433 794 564 509 677 372 312 574 926 317 213 883 367 539 603 245 337 179 943 307 351 944 487 509 182 295 372 330 788 835 478 905 517 946 673 984 384 860 892 629 153 130 821 216 94 897 916 69 435 342 984 700 842 253 121 68 442 42 8 645 816 682 587 435 702 969 885 367 511 459 749 353 660 449 260 21 618 587 53 508 9 496 495 368 166 442 499 768 141 605 493 869 926 2 976 578 228 790 41 329 332 122 274 728 218 675 692 107 758 882 815 561 416 241 434 255 857 169 283 516 185 73 426 860 238 31 130 16 691 6 380 938 86 617 140 865 446 60 217 341 152 94 331 16 821 715 178 474 833 250 71 878 654 835 205 114 692 682 322 659 75 704 492 655 627 675 438 746 105 944 705 102 243 403 801 793 789 11 236 283 328 448 989 933 385 51 9 917 139 900 733 988 350 864 696 845 541 768 769 369 178 418 749 511 679 23 984 495 881 322 90 23 476 43 513 926 65 699 212 870
160 524 10 499 341 975 440 391 107 309 213 114 464 234 823 236 534 747 381 834 295 265 863 656 22 197 653 276 442 431 536 640 279 215 880 848 975 60 595 406 242 864 418 379 361 358 224 193 948 34 18 910 596 667 371 989 933 51 236 377 756 728 294 296 763 319 818 189 870 48 573 278 304 594 17 770 603 112 536 311 772 944 675 362 790 849 248 933 485 883 944 306 779 440 265 7 381 765 373 990 702 730 906 296 825 78 250 621 356 528 511 422 452 596 709 603 111 465 634 199 684 166 764 263 916 613 916 625 888 114 274 398 516 441 959 161 582 457 568 137 43 714 303 483 349 123 827 981 368 466 274 725 733 113 824 565 986 310 608 51 201 606 549 65 906 774 920 42 762 682 997 298 991 119 751 968 769 706 349 598 665 292 146 144 45 336 706 182 722 983 183 26 504 314 613 608 895 152 760 528 153 200 702 688 854 972 679 318 414 148 191 319 678 651 401 560 297 103 913 841 985 229 137 118 652 716 745 362 413 974 362 855 646 313 444 991 138 63 59 607 652 911 675 530 390 604 347 801 17 17 550 730 440 964 449 206 44 843 834 140 800 524 949 795 914 418 558 136 337 134 154 227 573 342 256 978 620 505 750 992 416 372 410 109 927 983 308 714 573 666 89 974 84 161 919 149 493 67 631 167 378 443 478 302 24 363 978 693 220 622 214 994 756 912 701 336 718 72 735 399 444 462 954 696 440 472 870 56 929 281 908 645 826 37 17 487 70 806 717 658 181 379 169 152 541 841 280 544 803 359 513 310 630 157 816 388 649 858 440 83 889 209 932 688 117 563 860 254 334 997 852 677 835 219 13 291 756 932 146 578 278 157 186 952 268 197 884 733 886 809 449 31 60 519 358 381 179 724 615 806 859 1 887 26 270 66 717 61 35 179 163 696 269 636 560 326 235 891 816 81 478 906 566 185 78 315 22 470 898 673 203 189 570 386 47 535 599 646 772 505 711 612 313 259 814 185 506 264 43 135 669 552 612 306 51 340 930 835 717 248 294 677 781 733 512 605 226 729 878 112 598 510 629 827 171 366 139 945 871 324 418 790 421 246 341 415 381 713 427 118 6 320 467 937 490 779 891 8 736 131
399 330 258 242 916 454 717 634 819 236 684 977 81 60 655 450 186 292 958 236 942 89 643 162 109 170 449 303 477 388 982 622 44 178 155 752 453 313 656 682 526 340 589 168 658 748 438 533 314 154 204 964 989 777 86 603 846 601 86 750 355 294 248 324 224 639 256 586 294 330 454 627 662 858 969 214 991 458 283 654 550 645 493 25 728 222 621 297 411 95 827 454 659 403 269 423 400 257 195 195 183 830 7 667 188 857 397 625 785 885 70 80 99 407 583 441 256 460 849 319 45 349 978 449 31 30 59 689 3 658 596 700 642 476 696 30 730 772 943 716 848 999 974 399 731 173 181 110 641 297 318 791 558 511 869 746 715 913 823 387 202 933 78 244 834 989 987 931 74 361 887 618 153 250 786 765 32 841 490 792 592 337 302 43 323 132 55 923 582 354 644 975 938 30 103 799 923 860 947 575 857 595 213 599 280 218 375 679 738 948 314 443 394 92 474 823 899 239 235 715 507 681 65 647 317 871 798 167 555 249 268 748 669 414 259 942 143 929 258 175 540 164 35 363 272 952 209 693 986 897 244 619 587 724 291 281 918 939 666 418 7 478 990 730 882 127 383 818 703 340 819 122 299 238 865 300 866 644 750 326 386 764 373 909 43 904 596 256 453 148 13 291 938 239 751 399 490 761 920 219 249 582 520 656 937 552 444 613 412 124 171 21 317 181 706 937 855 817 534 704 270 818 953 520 134 656 506 726 840 353 958 371 222 434 107 462 912 811 673 59 74 608 146 654 429 938 405 314 752 166 497 650 371 901 410 659 415 995 421 276 339 692 803 880 544 344 573 255 736 512 863 992 671 969 908 520 957 921 100 233 623 88 268 19 138 869 553 29 765 849 485 785 533 333 373 363 486 16 488 362 849 108 182 419 246 448 296 825 876 933 548 533 606 693 758 597 128 232 430 363 568 591 176 280 278 780 832 860 496 766 20 920 115 207 716 405 996 843 936 544 366 877 835 470 384 459 174 140 76 158 523 550 882 685 884 407 411 260 138 368 343 595 474 213 548 782 889 521 902 577 755 451 55 824 778 222 113 2 798 986 167 3 274 857 739 654 977 893 220 877 398 130 782 122 328 234 204 810 930 137
929 559 997 863 550 147 927 562 207 908 531 795 472 567 471 842 582 591 245 968 139 164 745 394 892 42 231 599 206 932 163 235 137 996 443 200 738 615 815 594 544 354 271 126 787 630 102 611 453 173 968 964 187 922 345 168 181 970 918 807 627 489 433 715 730 634 419 864 290 951 565 524 140 478 451 900 605 773 526 51 338 207 743 719 54 434 22 856 105 980 327 822 837 337 148 541 122 742 16 591 610 243 83 651 13 196 983 736 447 545 559 32 958 951 981 952 971 47 529 499 627 583 721 353 185 467 295 529 821 406 702 406 475 235 645 372 904 304 529 574 424 621 728 964 996 760 661 748 609 647 262 932 932 2 272 721 186 716 919 817 647 601 634 6 593 801 197 136 358 880 986 197 503 973 819 167 139 355 587 809 794 913 921 162 316 746 138 478 566 337 416 326 173 574 906 946 662 526 347 532 838 728 786 246 660 313 826 499 356 31 142 169 942 513 287 85 921 850 799 945 223 393 776 7 113 795 800 281 75 906 828 198 286 365 245 438 61 450 339 25 852 269 60 613 702 949 498 515 314 296 627 514 533 733 743 840 17 433 846 64 947 267 967 931 922 768 35 798 160 406 247 20 294 606 611 800 385 11 223 153 283 664 39 437 766 288 252 194 937 142 763 847 184 928 199 649 430 988 866 632 92 79 558 217 789 993 267 592 650 575 70 912 445 978 807 402 444 589 639 215 851 619 908 121 912 384 568 330 258 579 450 535 212 8 342 269 285 58 962 168 344 976 124 747 718 796 429 197 481 148 147 281 661 39 271 30 308 152 84 176 865 347 987 367 62 31 406 982 815 599 872 583 612 395 408 282 630 459 859 208 552 535 937 479 76 261 539 995 672 959 771 276 451 718 777 333 647 131 208 243 900 70 995 636 741 358 649 977 321 271 720 940 909 344 799 344 126 234 27 813 855 737 465 209 147 877 488 477 235 666 593 176 617 910 602 145 729 261 271 705 273 890 46 390 982 503 396 964 226 623 929 979 2 538 85 788 851 814 458 860 881 792 375 665 386 856 339 800 342 702 991 563 948 146 800 470 684 663 870 190 384 900 839 730 220 507 465 943 219 705 437 68 28 758 814 507 388 844 731 689
492 783 330 963 406 194 781 483 367 586 158 364 321 745 175 640 663 516 477 220 180 97 317 505 939 931 312 54 829 177 164 971 86 896 128 165 814 754 570 518 326 43 631 294 548 364 771 219 616 520 116 764 656 151 318 664 856 532 427 502 718 637 576 994 924 294 630 796 838 860 656 483 530 461 493 132 991 568 667 62 863 285 286 890 945 15 328 457 611 470 111 569 925 644 401 117 835 752 331 1000 741 875 827 565 242 781 445 174 356 996 378 82 545 359 37 763 973 623 914 800 226 419 694 580 491 928 152 8 547 206 192 519 563 256 578 207 338 190 239 931 220 819 499 547 301 260 993 112 481 55 891 708 385 739 270 234 704 133 975 664 839 729 350 36 743 98 407 960 276 659 90 343 188 933 821 698 237 20 647 289 699 945 829 66 936 92 287 208 827 598 462 78 183 386 429 28 508 761 967 226 39 588 719 985 996 791 446 562 51 463 879 903 762 37 670 12 531 943 544 637 519 249 976 493 172 639 914 993 254 290 510 639 569 64 165 24 922 60 134 509 985 294 211 466 11 93 746 481 572 26 345 157 519 167 317 42 504 601 423 550 326 299 545 67 204 550 485 465 148 873 242 129 916 395 690 35 572 978 301 566 239 987 853 771 299 157 792 888 970 203 118 671 985 64 837 374 999 301 37 125 664 28 547 667 509 160 199 450 935 474 925 894 591 419 8 929 206 958 940 411 580 626 464 847 778 694 695 154 233 960 767 801 996 482 924 974 995 949 827 448 506 443 412 538 60 180 515 1 669 665 511 130 601 397 561 53 38 850 124 944 475 496 309 277 166 107 744 106 986 585 927 79 553 837 961 387 340 692 675 126 91 320 949 902 497 577 723 393 80 166 60 164 478 728 795 192 100 218 976 174 499 929 992 285 106 324 661 645 596 860 444 818 773 783 240 921 434 330 409 675 448 72 846 758 873 796 421 900 287 529 763 545 27 377 550 225 578 509 391 376 813 630 146 305 290 253 651 804 228 494 393 375 232 157 158 625 771 677 391 579 733 514 855 518 506 411 311 161 360 283 113 3 202 692 817 65 239 829 288 96 232 208 851 820 124 698 4 204 228 16 444 461 581 370 869 579 483 252 416 160
528 368 183 378 157 291 496 456 752 786 49 592 890 28 486 904 41 444 447 600 989 73 581 189 305 362 290 749 547 131 282 586 729 891 683 916 992 342 685 264 561 416 574 175 748 694 572 408 617 483 515 106 697 376 338 998 858 686 903 578 489 627 769 944 233 59 983 757 158 96 262 62 397 234 940 826 260 967 560 968 261 972 957 133 979 878 441 207 963 963 948 524 651 166 202 993 377 297 384 755 818 637 602 241 153 544 440 543 183 861 403 596 813 173 786 569 517 896 224 546 545 435 9 223 355 980 506 437 407 718 907 357 870 381 897 143 443 421 838 953 480 325 37 999 225 748 88 243 329 854 715 117 239 680 601 422 974 160 980 852 102 358 739 463 115 208 642 916 543 55 644 49 193 371 471 665 724 722 875 425 653 691 633 290 501 761 433 968 391 542 623 844 438 666 210 224 148 265 257 33 103 860 474 266 126 712 722 78 398 41 628 410 280 157 726 923 67 677 718 998 464 809 197 83 303 161 31 13 484 195 878 185 448 231 311 165 168 175 15 852 346 603 677 781 112 439 75 979 347 146 698 635 411 230 500 638 100 49 258 834 862 328 333 131 765 956 842 143 822 633 849 100 810 246 841 435 328 941 102 150 296 775 19 398 750 85 954 641 398 241 709 41 977 971 748 227 461 414 25 705 952 377 900 667 707 872 90 282 439 169 336 117 553 598 196 946 10 999 889 795 324 184 950 674 483 102 118 294 132 216 740 234 213 650 236 181 763 978 239 82 303 890 991 856 16 349 929 902 82 410 301 571 727 290 283 230 854 770 860 648 624 414 338 245 287 120 542 955 484 368 75 369 806 476 483 111 729 388 978 458 445 96 696 273 37 276 586 56 888 457 178 908 549 159 776 430 202 251 280 20 50 832 192 10 235 439 760 368 863 463 83 181 799 951 541 48 784 591 537 522 72 451 73 23 675 445 968 283 92 219 869 317 731 69 22 54 532 693 922 414 522 114 557 563 726 442 445 883 909 88 642 540 971 127 694 31 391 673 707 47 990 252 59 812 666 617 427 676 892 590 212 216 334 84 869 78 31 113 7 553 102 388 1000 830 750 867 938 774 151 968 692 894 568 664 789 418 109 614 728 325
11 282 814 553 390 122 553 95 827 819 631 54 443 977 853 102 434 771 618 758 765 302 18 957 840 782 412 888 29 61 425 573 571 660 645 8 576 8 437 201 895 593 474 76 502 288 357 246 647 182 817 106 325 49 701 516 824 679 775 349 781 356 201 473 512 68 31 761 102 358 379 146 725 678 207 652 841 422 393 824 168 82 930 501 599 765 212 813 952 261 987 907 124 493 61 124 9 482 867 913 278 789 696 622 186 252 534 410 806 509 1000 448 358 915 68 748 223 738 648 612 736 681 320 775 740 22 459 972 42 395 396 454 915 892 809 255 77 304 852 513 704 832 392 401 571 96 695 283 566 264 106 684 226 425 931 383 413 269 897 313 79 512 566 403 467 591 194 834 94 757 231 803 806 120 369 534 367 461 437 12 36 746 930 245 192 632 830 366 386 692 639 643 625 148 157 122 448 759 962 611 466 653 306 436 920 755 941 559 650 384 804 264 445 885 433 555 976 548 147 376 578 364 685 229 86 918 229 566 753 423 277 698 201 384 548 471 67 565 265 237 980 491 984 200 931 392 675 749 281 762 878 128 667 267 744 283 353 501 670 981 321 344 149 252 311 139 868 816 188 956 869 902 541 157 127 891 723 476 495 227 298 215 232 693 211 151 918 551 410 905 745 923 805 413 836 226 761 281 992 480 501 558 836 927 848 747 382 726 774 71 101 289 358 29 326 448 871 243 178 180 949 587 695 104 270 594 827 671 733 995 598 110 475 861 198 831 206 427 774 515 299 273 457 143 548 312 46 11 794 421 623 755 878 308 748 624 159 183 798 397 635 94 341 179 481 138 948 652 95 747 645 550 585 324 469 633 806 94 839 377 979 949 66 152 743 465 363 992 619 68 187 571 250 876 81 101 812 307 628 841 881 130 74 400 413 507 716 357 141 496 18 914 118 965 492 657 733 231 535 22 374 773 769 400 397 10 881 861 443 10 207 122 611 979 915 32 874 575 38 253 539 398 953 49 938 364 576 883 433 401 828 359 95 465 929 674 23 765 146 162 991 400 946 631 553 122 917 44 291 799 226 286 725 484 204 206 772 285 98 214 146 576 66 366 799 893 529 669 891 984 215 207 582 410 583 915 136 944 57 33
299 752 804 858 787 544 432 882 973 581 441 594 700 264 243 132 819 30 540 759 32 934 816 685 7 244 108 915 503 820 627 618 359 907 771 227 907 311 842 528 405 918 431 854 794 319 266 658 275 95 791 2 785 11 268 401 858 132 761 100 899 217 406 562 390 117 779 937 859 902 911 970 1 947 925 580 907 306 631 465 329 646 820 860 557 171 530 270 617 40 355 659 379 658 282 349 367 828 507 744 247 38 693 7 56 994 226 909 463 489 856 782 993 779 688 358 702 879 161 832 389 165 766 815 281 891 19 361 985 200 487 662 225 766 155 323 218 409 247 651 989 421 115 452 12 315 882 663 254 953 758 41 140 543 440 377 715 965 635 680 482 235 944 206 175 83 493 506 144 484 442 196 972 629 461 354 113 174 553 106 639 966 290 523 553 873 601 336 96 137 423 533 500 566 906 853 599 78 585 656 106 863 659 674 654 104 912 413 367 360 46 107 277 293 160 789 568 64 648 644 557 197 293 903 289 934 173 584 248 129 272 842 695 670 741 432 38 204 26 911 468 105 915 969 262 251 596 339 250 67 843 929 860 557 122 709 234 19 477 857 678 323 975 964 29 781 859 676 635 499 7 424 956 817 129 563 64 975 847 127 874 971 398 661 779 647 768 27 322 804 328 514 5 655 437 981 357 653 657 549 421 626 280 824 673 903 834 194 776 412 34 219 514 227 101 802 302 572 27 109 104 811 690 225 179 291 544 40 843 74 178 641 111 860 12 821 415 602 467 622 450 378 279 326 343 226 611 764 596 172 782 511 219 42 227 267 993 859 596 640 195 548 680 738 184 292 121 378 712 552 201 626 837 796 808 693 105 23 693 270 350 29 373 584 30 813 400 360 825 405 49 774 147 277 926 279 535 593 759 67 242 695 874 624 366 144 322 709 554 812 716 460 547 301 174 201 680 50 6 923 81 905 545 222 840 880 549 559 667 608 737 386 867 320 671 821 668 615 306 425 944 563 726 425 344 788 173 107 936 745 406 143 700 122 675 755 657 693 28 529 988 802 987 778 763 534 900 845 113 293 384 817 687 825 832 197 638 535 243 792 623 988 156 823 101 376 675 400 527 720 141 891 128 331 867 97 421 876 554 753
115 385 316 294 64 376 133 85 646 762 856 912 106 317 958 376 187 962 578 523 280 745 752 121 963 26 183 281 346 566 209 890 8 161 658 293 981 703 201 720 452 685 308 512 808 557 95 934 110 77 79 297 698 15 330 158 737 264 328 413 279 786 348 145 537 63 446 836 453 667 928 778 7 809 786 841 866 170 172 973 21 959 518 887 777 28 820 58 749 128 4 648 992 767 292 26 981 993 754 196 858 519 295 815 197 540 563 127 763 917 454 527 387 162 378 518 306 916 686 82 568 389 478 406 239 114 441 423 915 1 831 292 371 216 638 591 396 467 159 247 819 855 362 563 268 466 389 545 593 39 93 173 616 109 575 916 753 966 840 663 379 986 500 123 661 725 566 824 746 984 781 693 365 412 339 899 771 813 883 183 516 882 807 816 783 822 642 79 811 105 223 771 116 274 331 890 177 642 535 271 638 790 355 179 458 762 50 316 188 28 86 942 279 48 413 24 525 410 469 893 187 163 739 52 863 934 696 51 183 748 875 392 743 76 174 342 979 338 564 703 29 414 671 502 251 645 623 674 232 674 45 460 50 684 904 207 240 194 536 344 15 150 104 615 79 510 845 704 711 787 166 784 290 591 506 932 881 402 456 266 288 358 379 912 478 668 515 51 46 114 241 239 45 930 44 727 871 33 3 733 16 844 462 901 342 920 538 83 146 551 217 641 821 775 692 93 782 995 980 955 703 977 76 315 242 521 519 174 724 240 845 383 760 612 344 614 982 585 348 623 201 92 976 616 148 644 33 490 977 823 920 808 316 791 671 932 252 23 676 58 454 190 400 677 318 716 456 794 312 103 240 747 156 330 245 687 458 454 697 639 221 663 834 41 178 20 549 186 22 306 976 740 112 489 57 796 44 285 578 946 830 118 532 818 945 375 780 385 734 295 444 152 699 761 827 431 317 159 80 604 500 470 37 394 491 90 575 292 32 277 118 218 249 95 63 508 955 238 29 831 369 425 801 472 284 834 971 980 259 714 221 510 414 787 157 198 307 459 668 701 531 922 304 441 163 465 381 727 403 728 423 610 369 98 533 824 312 43 794 1 332 387 852 542 735 654 893 357 957 195 186 446 228 557 339 136 594 55 844 283
329 275 3 184 422 120 555 610 663 167 168 960 451 206 77 91 866 595 961 773 494 441 514 306 72 315 421 740 698 914 315 352 815 993 756 319 60 110 592 462 203 423 157 714 486 363 519 203 630 512 711 520 942 67 864 927 669 514 26 870 476 628 141 183 424 890 579 245 316 503 666 801 985 277 543 183 903 942 388 738 93 162 996 723 410 830 75 645 530 837 654 890 401 542 943 912 758 350 345 316 216 649 346 642 711 970 945 312 657 691 627 745 592 921 330 903 859 313 719 930 721 61 795 763 76 36 896 817 652 41 387 749 454 451 148 280 652 150 947 873 10 725 947 216 357 630 43 936 804 122 235 418 471 774 315 567 694 563 747 236 764 524 553 419 539 388 523 889 255 264 927 881 128 62 710 248 90 875 199 984 320 170 668 910 974 790 957 387 667 578 157 480 589 987 631 845 789 807 138 533 216 610 225 721 293 600 131 465 851 471 232 865 263 820 265 713 146 937 387 164 268 974 558 225 687 799 920 618 407 170 528 419 880 759 8 318 121 986 34 542 437 717 448 597 200 299 690 83 464 512 433 719 433 862 772 867 808 216 436 781 851 352 357 695 874 239 256 431 153 181 55 266 512 865 162 170 201 252 157 620 912 749 87 428 457 367 560 870 749 336 41 568 961 596 804 471 807 208 615 373 328 847 423 456 511 460 119 273 393 241 534 412 721 954 22 628 191 414 59 755 269 178 948 597 450 613 551 99 687 416 140 508 684 543 412 357 35 633 795 865 40 600 251 26 964 869 124 58 22 371 368 489 458 524 105 862 176 441 913 305 132 299 871 876 772 903 999 328 736 515 666 349 583 4 53 512 473 228 843 552 237 656 864 845 20 335 510 349 885 811 939 20 463 401 879 503 589 225 54 219 139 215 520 121 27 733 725 273 546 23 718 792 652 610 661 758 570 449 895 238 799 187 526 633 372 535 996 189 724 738 308 310 809 690 559 682 75 654 747 964 445 851 829 973 135 310 423 270 364 280 902 906 776 526 150 480 125 954 58 836 887 918 956 497 649 464 428 924 473 980 216 368 335 520 339 462 913 277 912 142 430 956 441 24 695 583 681 980 157 677 512 276 600 289 160 702 193 67 472 793
654 368 841 541 409 725 147 367 648 329 467 75 787 313 604 826 522 358 541 338 322 330 358 380 849 581 804 134 81 824 213 264 644 871 880 447 842 624 307 988 859 607 126 827 612 266 986 374 276 577 727 245 963 812 860 581 658 202 902 853 416 834 181 345 241 83 709 127 188 96 490 641 686 446 404 632 311 560 872 909 841 745 447 467 92 289 39 632 842 361 577 837 453 443 5 47 73 196 239 450 955 233 680 140 764 355 500 55 219 767 724 908 882 130 427 404 750 426 69 871 269 954 193 276 464 959 623 645 927 563 292 382 636 926 555 14 626 942 909 313 580 915 692 1000 401 228 780 849 447 901 195 220 513 816 894 548 867 886 48 807 723 80 915 165 970 506 77 994 784 266 373 102 74 314 815 803 334 840 502 146 907 885 940 207 749 254 843 871 199 853 534 340 422 402 206 533 445 511 290 316 306 831 937 449 944 324 416 743 93 774 43 807 30 673 364 450 889 575 121 529 759 324 214 853 301 596 592 416 712 241 434 267 278 179 319 751 116 336 110 293 952 258 587 868 63 515 163 122 42 834 504 182 252 355 988 245 717 981 81 216 813 388 266 182 289 921 138 428 960 786 83 281 762 95 88 618 30 846 693 784 972 237 551 176 855 250 115 397 523 799 217 85 35 905 285 127 216 913 432 308 176 255 364 390 873 454 835 525 91 340 461 712 220 763 26 315 904 947 700 704 846 917 533 853 699 774 179 642 970 947 219 764 412 812 264 344 796 288 912 58 612 373 741 973 147 580 252 53 27 315 679 235 710 444 281 928 655 292 697 805 722 983 9 490 463 576 469 906 507 803 604 948 494 800 66 184 41 18 648 294 863 455 89 22 330 333 922 763 882 783 791 294 212 214 280 374 546 299 849 721 347 389 905 459 446 255 672 925 663 659 993 605 523 538 651 895 494 507 306 649 887 841 135 168 435 378 474 193 976 322 263 718 389 539 878 418 391 886 519 9 932 269 663 211 280 353 335 632 742 366 364 851 40 815 457 614 104 292 789 73 101 920 948 49 992 183 523 281 374 384 862 141 78 583 454 573 530 158 671 940 272 440 141 687 31 738 715 515 209 554 437 361 375 446 657 1000 681 898 602 599
807 447 40 544 812 715 894 679 653 991 187 495 392 317 419 750 609 386 514 211 222 14 321 156 15 49 366 40 789 475 387 801 502 785 406 19 593 303 366 56 855 577 403 154 280 275 268 451 25 494 920 895 376 91 382 524 729 509 223 476 619 836 983 263 160 372 852 113 957 584 48 841 683 264 8 665 799 853 134 93 644 273 661 467 850 811 520 75 521 309 574 975 459 204 110 501 276 488 889 387 604 521 325 137 879 465 852 140 964 751 705 685 269 810 619 52 237 317 145 759 644 578 418 257 856 109 619 202 258 294 316 344 128 392 533 722 278 858 998 879 985 797 187 996 211 723 401 899 809 413 875 174 297 729 872 273 673 960 834 240 967 987 973 557 710 134 180 345 248 328 930 929 92 11 356 275 976 56 259 699 316 704 826 496 986 490 664 991 787 932 227 486 607 158 243 39 477 624 307 328 447 50 481 24 98 696 350 498 373 5 61 964 205 4 521 264 679 747 736 411 144 432 45 774 285 797 71 475 608 658 771 899 845 817 83 817 178 795 251 396 98 441 271 547 55 649 109 158 776 314 27 372 369 845 799 596 59 943 719 72 932 641 402 363 839 892 607 96 893 62 381 981 999 507 167 237 457 776 97 642 223 313 630 598 660 523 374 683 941 379 575 814 969 443 611 851 872 526 82 758 445 967 77 678 467 543 552 457 843 270 558 381 841 626 32 649 980 198 538 911 60 990 898 259 275 203 189 901 47 258 31 164 302 737 732 315 215 363 864 36 510 627 609 735 575 950 762 326 483 791 933 118 604 78 560 412 487 87 654 379 976 543 322 634 679 79 41 128 859 955 392 7 321 920 416 511 986 742 987 883 929 974 561 804 878 448 261 971 77 763 594 868 979 62 241 947 263 478 378 372 128 908 109 482 627 103 664 492 488 857 277 326 302 73 579 526 390 494 983 611 388 169 677 977 989 187 256 19 845 617 136 545 239 611 626 972 928 184 797 636 217 593 377 224 970 891 163 611 735 838 720 275 816 574 280 999 102 690 204 607 623 74 446 178 608 840 263 948 948 51 395 371 770 708 580 593 541 589 724 696 350 803 258 89 135 5 731 279 721 386 972 88 381 353 700 545 445 966 984 689
952 422 183 716 299 374 501 173 579 390 808 150 103 298 205 235 740 7 828 263 274 388 574 908 882 847 274 888 934 319 542 200 334 885 607 375 516 706 407 758 512 997 197 783 970 271 453 446 410 898 298 385 184 317 964 630 494 127 345 659 941 731 863 46 29 321 797 264 29 945 990 548 876 197 737 383 871 358 605 153 639 471 174 868 786 54 652 751 333 557 582 767 912 303 550 801 399 331 878 623 12 923 848 141 416 359 488 971 625 435 486 320 113 474 190 260 100 754 249 781 439 699 795 628 184 380 213 419 266 920 252 942 993 398 467 221 202 466 356 608 819 122 299 311 933 700 848 820 270 44 782 505 837 918 512 563 145 351 426 202 628 703 218 705 480 452 19 660 903 878 827 143 580 122 734 181 183 577 369 142 6 868 113 791 485 896 771 744 702 244 589 62 38 463 214 302 608 729 74 293 162 447 441 610 996 641 480 316 347 146 973 671 448 990 330 56 898 627 465 419 241 756 679 846 134 406 406 799 432 798 818 294 42 8 547 61 565 226 972 309 625 147 806 570 226 700 543 575 289 8 414 902 821 983 306 459 593 290 340 700 128 825 43 239 374 978 231 561 514 148 573 755 341 151 657 487 287 624 608 314 101 290 346 750 226 58 452 372 312 276 56 911 385 61 183 54 18 696 601 269 37 120 127 627 578 606 20 383 386 493 638 908 940 87 245 395 352 321 196 823 275 98 264 721 772 692 806 41 768 621 620 217 23 584 181 262 971 443 488 751 63 423 771 642 476 213 87 375 26 562 874 541 355 347 256 682 277 318 719 545 503 590 789 543 579 855 30 676 453 728 526 178 704 405 921 691 158 909 893 972 247 374 322 588 746 600 54 28 651 131 238 555 232 912 242 356 869 12 72 546 972 22 900 654 965 441 634 818 706 17 563 648 176 473 926 210 237 175 80 133 372 409 711 265 417 510 280 346 287 628 462 174 303 250 294 733 552 61 963 841 228 445 679 979 601 236 600 130 994 718 865 835 119 127 775 280 301 915 71 34 323 850 564 177 894 770 749 719 185 402 265 940 148 148 4 396 457 619 777 843 241 646 900 382 414 208 699 52 596 100 411 54 783 973 27 36 496 527 662 322
67 835 967 549 923 301 313 144 886 138 809 220 570 150 658 59 731 218 405 862 349 219 225 300 882 165 544 814 820 359 530 415 730 411 578 659 407 173 638 154 672 275 101 12 751 794 667 196 507 192 999 604 158 675 996 495 811 382 566 557 469 80 663 639 729 411 842 97 736 911 212 15 889 303 967 1000 558 626 150 912 170 947 33 594 933 567 996 575 998 993 12 631 437 923 645 648 943 121 78 994 32 381 73 348 426 285 789 58 99 72 898 582 22 819 226 339 409 506 707 495 799 77 184 19 622 445 720 476 58 958 951 439 883 68 353 378 54 177 489 355 537 857 614 965 790 21 244 945 985 730 804 892 369 643 759 945 923 311 120 108 370 334 896 336 69 9 730 353 366 272 727 656 551 701 892 692 160 496 842 925 374 606 252 771 395 86 676 297 883 549 528 626 563 136 328 421 666 909 113 242 59 924 574 993 320 478 374 432 704 426 145 893 768 460 333 339 925 302 411 992 295 324 328 779 931 647 157 395 838 273 43 257 441 633 258 759 499 619 172 297 361 193 155 398 999 975 25 326 993 236 752 593 353 78 59 73 588 769 412 551 892 937 412 918 869 294 904 245 585 153 838 224 117 389 139 556 39 531 300 481 32 986 117 576 345 313 142 206 604 470 580 961 438 828 812 409 542 306 693 547 798 330 548 516 705 777 741 545 421 617 496 149 297 652 732 479 916 344 186 125 15 175 252 111 203 201 928 332 962 957 537 172 531 519 109 452 819 660 176 862 661 218 172 273 240 32 386 952 79 44 785 462 637 536 558 885 688 756 446 745 758 178 884 226 907 541 434 963 334 609 198 890 630 655 488 491 883 132 649 469 145 16 182 456 463 5 27 429 112 936 196 632 474 259 611 825 477 17 134 161 50 466 685 114 98 907 484 275 90 579 943 725 736 950 422 458 316 182 390 969 75 17 14 269 415 91 435 37 89 270 227 618 708 111 588 566 431 766 256 694 624 892 804 457 191 307 224 767 489 469 844 678 65 280 536 745 429 853 447 20 376 305 20 864 494 41 30 210 251 910 973 95 50 859 2 922 285 835 362 353 428 23 598 648 155 137 195 175 175 879 318 559 727 119 280 482 512 802 5 353
630 794 203 354 817 158 764 117 906 704 145 886 7 619 630 121 990 476 519 430 573 452 901 863 791 776 552 207 544 949 906 664 110 442 288 346 858 93 124 129 860 751 349 456 22 229 860 703 687 758 601 544 912 69 741 461 122 714 129 369 925 980 811 370 939 741 720 670 391 793 192 187 1 440 211 239 935 134 167 969 917 706 532 955 800 907 245 161 643 594 675 732 737 436 247 64 382 204 376 558 998 225 635 909 506 484 38 148 947 284 515 389 401 480 853 732 150 906 242 755 224 408 582 4 742 188 658 331 271 358 677 53 927 857 108 947 941 244 551 39 142 677 73 480 469 210 875 983 318 345 881 999 161 308 196 811 86 831 119 423 601 557 617 171 673 199 532 355 221 531 532 673 380 794 412 540 603 958 906 5 19 134 887 412 251 548 131 212 219 665 145 45 511 737 655 799 412 150 7 125 133 425 214 537 684 990 228 527 412 320 623 417 918 382 65 136 257 906 9 246 313 644 117 723 777 890 879 286 935 166 852 929 487 543 245 566 570 469 323 520 391 645 301 269 586 630 925 67 248 969 1000 255 127 661 550 338 32 103 595 919 982 573 892 133 747 721 332 114 725 741 41 534 223 580 330 454 795 362 818 483 850 112 651 865 762 546 503 333 63 364 395 1000 814 54 548 432 207 681 240 320 439 319 52 140 810 107 362 777 652 117 135 29 329 914 114 264 249 779 12 590 982 494 823 586 14 63 728 67 128 665 846 1000 775 385 498 568 402 786 503 892 347 542 761 483 611 326 542 993 788 217 908 608 287 880 328 396 30 607 269 702 131 530 608 263 498 115 607 626 623 48 381 555 887 935 872 505 631 194 219 226 270 809 593 914 873 773 41 576 675 570 507 612 534 106 180 908 125 76 126 462 137 151 603 479 930 80 486 894 647 220 459 25 929 651 53 585 377 583 391 801 996 676 372 26 387 663 519 269 765 48 649 531 278 497 578 861 672 80 658 70 738 153 79 502 693 817 112 293 986 724 54 246 672 791 718 935 859 720 711 617 177 413 658 735 722 908 616 290 826 454 185 599 910 883 505 67 353 698 803 197 697 948 832 708 397 925 981 262 359 373 278 36 457 426 461 721 817 963 505 373
811 698 956 418 713 583 14 738 578 830 767 479 97 221 839 904 973 620 999 161 133 330 642 647 405 127 495 669 149 780 49 924 561 772 6 192 787 821 202 474 845 848 348 947 850 980 127 486 199 424 714 710 6 327 766 311 519 167 783 241 357 424 897 282 783 765 688 398 322 395 700 884 154 159 308 98 868 423 643 115 498 492 482 112 577 214 190 97 98 843 306 461 524 526 919 765 80 647 595 186 834 31 845 619 175 917 32 720 898 785 70 312 553 908 593 702 242 94 513 444 540 431 575 761 411 818 174 29 112 497 866 664 558 645 783 405 357 652 327 35 640 35 810 1 255 826 160 857 542 401 516 209 729 855 621 500 388 597 489 689 70 760 96 406 187 532 697 597 916 950 144 271 356 441 806 563 993 259 321 814 183 37 439 409 884 526 534 836 781 721 721 289 411 33 760 394 87 342 745 684 645 451 734 750 845 171 493 821 255 917 807 992 2 434 713 335 439 250 247 791 324 349 818 997 341 377 980 397 717 929 923 820 570 982 398 572 44 836 479 531 165 86 726 12 994 520 217 878 679 105 734 173 49 537 884 882 393 500 638 924 452 977 133 891 969 266 19 48 55 504 110 975 496 232 399 5 774 741 934 931 342 803 257 945 443 575 668 847 865 700 127 618 5 748 813 640 530 324 745 792 100 17 522 751 978 501 848 788 780 496 247 263 526 99 82 669 543 625 613 990 473 891 892 909 115 652 937 201 763 215 236 171 11 824 789 867 931 262 462 30 167 485 517 873 15 297 216 563 75 444 542 223 322 498 940 352 702 580 752 909 507 848 108 505 971 848 412 987 853 791 844 70 102 971 367 634 63 232 482 860 375 590 211 123 904 231 529 577 844 890 175 621 174 768 813 351 764 197 388 910 58 28 827 909 993 948 718 45 781 853 395 397 828 620 112 162 121 464 393 319 953 912 419 67 652 899 328 492 721 988 338 385 237 309 802 224 360 971 37 68 819 523 14 434 791 894 769 821 416 911 158 158 902 4 499 862 680 447 112 343 774 679 902 769 454 51 194 232 799 911 949 605 720 586 78 677 896 367 911 175 456 645 298 594 127 702 174 295 396 613 544 143 745 595 332 807 21 601 383 375
528 198 927 855 474 799 233 852 365 890 337 163 269 635 650 771 578 285 176 46 240 529 233 670 388 464 659 589 671 74 921 454 190 552 804 967 604 417 383 208 956 497 296 189 975 663 465 726 414 389 547 76 866 557 148 894 464 173 529 46 59 50 718 469 518 958 702 337 646 234 117 306 977 57 124 814 500 954 615 405 542 19 660 20 537 902 103 828 729 724 275 215 247 239 791 440 224 669 293 810 664 535 218 587 35 218 371 137 62 621 733 676 71 940 461 808 869 20 215 27 871 972 580 575 175 785 140 721 523 200 876 866 675 414 530 620 734 49 808 335 671 10 973 281 529 158 553 533 900 259 934 532 630 798 38 454 120 359 381 350 637 940 600 915 776 777 837 930 998 41 449 593 836 108 730 348 99 378 24 148 894 313 796 213 656 430 704 578 255 780 999 742 756 938 748 877 111 16 504 549 659 480 689 245 409 387 749 303 406 674 61 121 3 517 144 255 285 232 946 941 345 132 70 570 141 748 635 927 1 528 346 699 32 377 16 942 544 367 514 555 783 778 814 120 21 664 32 507 372 261 468 83 390 376 82 218 722 571 730 163 168 747 421 426 291 93 365 262 519 947 685 761 387 566 613 383 817 608 847 787 974 710 579 520 661 529 179 789 701 308 657 436 146 607 108 517 158 39 350 175 386 897 334 674 782 489 22 350 820 948 443 477 219 615 277 634 321 199 976 740 58 208 654 563 833 838 450 617 75 674 54 815 251 690 53 770 458 442 186 77 114 869 631 478 583 772 485 638 137 617 424 61 564 865 958 94 446 666 371 528 204 917 137 312 191 238 510 460 985 470 978 92 838 807 880 58 175 744 782 515 609 417 276 887 808 71 321 106 267 208 583 867 767 838 198 823 302 683 662 601 148 769 226 968 823 170 790 659 991 418 805 885 364 186 796 787 496 299 238 985 119 381 160 228 195 955 403 526 813 742 545 257 680 308 823 357 741 177 214 732 945 459 817 551 211 375 899 234 89 31 796 275 408 864 678 525 260 872 506 846 450 822 92 312 660 639 560 989 881 18 672 382 496 726 978 532 65 511 654 574 54 334 712 827 865 338 340 548 550 434 254 624 507 30 966 269 465 670 277 186
377 828 937 54 156 512 516 726 742 193 167 341 6 355 617 301 866 480 689 379 466 374 703 46 420 261 661 741 189 248 338 301 615 477 514 569 260 530 334 994 39 460 924 545 113 468 103 590 230 506 743 538 378 459 552 799 356 732 809 333 152 411 824 806 435 982 434 685 445 969 689 955 570 784 973 637 532 735 19 501 29 532 974 95 732 705 60 451 925 113 980 505 33 123 57 477 96 780 828 522 855 281 202 964 294 877 994 353 762 799 425 997 623 307 429 533 420 926 914 677 727 478 136 628 242 578 663 904 433 920 13 815 411 98 901 794 358 911 284 767 929 258 978 586 389 866 651 925 976 516 575 591 794 455 116 419 93 368 13 370 854 170 982 8 762 840 197 928 842 251 193 311 576 213 604 313 29 967 230 822 96 994 100 395 833 349 172 751 102 375 616 659 873 964 464 599 247 133 85 795 70 324 537 38 694 700 779 709 245 158 884 226 134 941 146 965 395 396 14 9 572 261 894 380 254 794 592 905 792 424 215 612 135 211 376 158 688 744 252 467 747 720 163 376 990 122 379 965 92 342 690 139 597 386 209 156 924 730 763 837 480 952 893 544 495 303 583 73 384 475 816 723 55 905 918 243 656 670 22 544 75 816 190 734 721 433 215 239 774 799 531 851 649 67 487 696 913 154 410 517 423 35 730 623 10 366 567 195 125 484 673 624 805 634 122 312 604 480 626 602 880 237 465 734 894 767 473 171 343 604 829 318 164 158 377 963 363 934 757 29 245 628 464 186 659 502 574 876 615 749 155 122 347 402 207 737 453 52 630 968 139 950 871 931 266 643 314 115 55 377 841 94 930 909 342 287 116 811 310 613 949 685 180 414 787 879 346 800 939 639 372 649 674 205 962 495 833 462 584 750 314 493 486 985 120 493 930 6 632 310 641 841 564 269 965 516 527 172 965 780 243 346 195 742 132 38 733 674 64 133 150 752 255 673 155 739 717 660 208 339 847 861 925 472 140 679 326 694 321 464 776 313 342 491 723 486 870 979 934 489 840 908 265 496 518 198 590 530 656 985 919 396 777 807 882 912 930 285 551 905 810 872 936 407 892 495 227 124 411 187 290 546 828 318 434 511 870 657 809 937
48 525 16 154 387 825 53 99 378 103 155 455 69 148 730 854 434 352 846 901 421 787 778 815 26 454 50 865 207 631 230 758 356 384 349 964 656 164 678 718 891 256 88 703 510 502 815 169 683 399 127 352 647 833 51 502 798 263 473 35 831 428 652 223 17 200 363 156 623 226 700 881 685 159 375 700 501 147 251 290 536 288 962 179 183 858 23 155 31 546 84 262 184 429 420 419 592 441 43 464 658 259 680 403 445 360 760 53 231 692 409 848 285 252 717 519 757 46 118 27 682 87 415 750 958 941 383 246 670 347 979 844 443 490 706 574 100 436 813 97 760 667 734 300 682 577 464 329 820 864 218 927 924 606 781 18 7 498 12 974 493 801 320 306 371 470 488 15 810 925 62 486 909 614 553 976 622 271 145 488 279 821 356 827 725 345 619 210 996 31 342 109 248 282 448 146 159 240 328 731 101 85 76 977 80 420 795 526 613 382 114 763 922 355 496 730 543 46 463 853 197 469 541 544 732 900 901 147 182 584 563 840 483 297 156 31 585 396 167 879 916 874 55 185 519 133 650 871 736 666 615 550 440 258 554 921 30 426 701 917 150 937 849 584 809 763 667 469 45 828 745 502 461 383 106 625 99 696 684 541 891 572 609 143 234 839 266 718 275 601 671 643 154 380 246 981 276 278 431 346 880 899 190 372 257 729 670 686 909 297 62 368 576 891 390 640 277 987 741 478 228 888 533 600 731 655 673 128 966 339 878 216 18 742 300 432 200 595 188 387 370 899 203 271 369 550 459 33 772 706 849 143 8 707 32 897 975 340 35 591 216 319 784 713 522 946 727 265 759 54 576 128 448 989 194 79 835 946 346 355 806 800 124 884 444 58 912 730 353 716 512 505 710 243 119 24 434 253 170 693 96 707 678 307 783 884 505 569 782 462 242 713 389 177 586 41 232 175 322 694 393 501 569 957 450 771 789 490 226 497 287 623 90 435 256 892 673 932 593 986 44 274 128 442 379 767 991 615 279 583 683 914 644 3 995 109 179 646 972 97 603 122 491 675 797 476 527 504 57 183 632 470 20 151 130 926 432 937 863 243 764 479 661 815 440 687 296 739 661 841 910 779 834 73 3 185 997 393 302 843
338 976 110 757 14 97 387 839 75 627 541 588 653 104 557 986 958 607 56 924 366 978 300 519 622 760 292 732 667 919 790 79 146 572 996 749 865 96 679 667 794 549 471 696 805 408 368 10 951 426 879 486 583 473 32 211 883 404 613 983 986 218 309 199 281 479 140 16 36 683 851 820 330 944 72 356 989 913 715 47 46 500 843 404 254 531 972 214 774 473 425 891 112 900 945 689 694 518 463 614 501 483 737 149 401 122 828 771 928 237 949 684 302 358 238 548 331 937 921 184 368 320 567 244 929 367 325 44 384 519 657 564 683 274 572 187 789 269 242 522 167 993 143 939 720 112 769 137 344 965 290 685 129 149 980 794 129 333 271 714 106 651 538 122 631 487 94 93 610 982 729 584 488 665 387 561 854 236 82 173 956 353 539 721 920 73 425 11 1 354 729 961 183 150 730 830 292 662 399 723 961 184 125 546 235 534 234 926 847 584 908 248 693 543 592 292 857 783 603 992 39 512 470 453 524 604 742 354 165 724 376 833 358 42 801 226 830 256 848 888 885 517 704 492 21 655 359 919 823 97 810 393 747 818 656 252 709 634 360 285 653 318 128 836 584 728 759 715 544 992 311 855 1 947 647 122 806 995 741 210 70 571 229 138 803 571 710 258 867 454 24 394 29 162 980 108 821 300 917 319 471 191 615 658 477 368 659 181 92 952 732 923 415 649 252 729 545 243 835 672 361 217 643 740 910 192 109 220 621 158 682 920 194 748 541 45 805 456 889 648 923 794 607 14 331 919 273 602 93 704 241 611 104 814 546 568 671 531 61 320 911 451 193 176 501 60 941 887 542 360 857 800 878 796 139 909 323 232 628 318 290 860 211 959 786 40 865 487 35 866 91 788 99 972 60 555 645 526 84 867 921 7 165 215 544 198 672 73 533 608 32 945 437 881 497 763 929 883 651 475 443 488 477 292 640 295 627 273 768 337 929 782 392 501 436 936 28 333 441 402 523 861 108 740 589 55 693 196 699 244 911 176 949 169 493 152 216 643 790 3 839 679 635 950 984 938 217 182 296 506 685 167 783 705 421 617 834 986 982 458 796 872 213 305 247 489 857 675 627 571 809 906 998 18 974 994 177 624 823 355
798 410 984 905 74 360 605 990 676 361 251 951 299 204 377 790 113 896 69 487 191 859 473 19 561 77 130 254 59 645 190 601 506 931 872 960 252 415 769 463 379 188 599 139 254 896 356 942 951 387 685 712 30 784 561 387 508 209 167 873 763 27 114 721 443 187 384 149 127 440 345 709 70 676 490 758 448 887 163 129 809 399 466 93 319 608 241 158 997 744 615 439 337 800 454 942 897 645 367 71 310 724 213 395 800 850 872 55 273 197 39 851 985 963 949 817 968 546 712 483 486 731 683 608 969 110 904 76 986 683 355 226 673 31 150 704 504 886 520 759 456 803 974 85 609 931 95 159 230 261 258 156 281 293 166 967 623 633 489 459 658 658 776 217 526 312 657 602 657 954 124 626 180 723 789 199 176 465 237 878 578 347 556 7 825 696 24 308 963 176 776 732 672 476 78 979 379 299 711 632 676 62 102 964 312 18 925 241 160 928 389 367 824 497 442 840 486 41 717 293 474 579 70 719 783 66 734 698 491 243 94 34 52 421 40 798 516 496 67 870 505 576 334 903 505 944 792 404 689 962 116 705 770 815 515 950 344 277 880 795 295 782 958 23 662 281 153 377 818 456 777 43 348 135 949 198 884 184 287 929 663 235 201 146 492 937 765 328 348 636 244 815 157 333 956 694 654 561 845 312 382 753 508 431 361 893 719 676 500 509 400 595 888 51 325 622 249 559 34 51 322 349 854 236 989 349 443 582 367 425 778 172 57 815 637 205 573 871 798 738 166 28 269 367 980 347 216 828 666 565 110 136 71 739 490 56 357 462 970 287 264 746 456 262 392 898 120 951 244 239 560 586 116 953 195 709 852 176 154 219 979 404 913 682 948 564 226 651 723 826 676 34 360 434 857 329 756 718 825 681 76 588 32 245 286 599 309 251 434 538 122 148 942 120 408 738 97 483 740 822 816 375 698 271 786 292 230 622 50 731 30 964 840 746 525 188 493 602 741 182 319 876 679 852 749 985 890 853 975 948 873 999 790 815 234 83 837 230 540 603 75 539 534 157 57 704 706 127 391 925 256 938 160 474 927 419 888 136 554 206 157 76 918 551 935 314 426 383 317 918 421 865 208 902 829 651 210 176 317 607
18 158 891 709 341 36 428 236 189 278 74 457 762 218 616 397 168 722 164 376 209 270 223 227 316 394 556 843 156 291 669 870 314 466 652 392 126 781 980 755 762 957 291 192 661 42 929 277 358 635 529 300 817 722 444 805 951 563 435 398 650 781 354 576 616 71 255 611 461 437 946 632 874 369 934 168 857 720 184 672 13 989 570 171 35 429 531 440 500 218 952 768 704 337 244 602 657 673 713 218 804 682 827 388 957 3 953 302 908 92 39 712 978 744 63 551 828 795 304 32 639 382 630 92 761 534 878 729 400 302 727 50 54 769 359 472 335 323 810 917 359 752 271 842 206 910 427 275 944 176 839 72 675 700 786 246 255 516 934 128 806 696 690 212 131 799 16 913 169 696 751 488 214 687 109 362 579 603 43 46 543 773 470 848 873 456 986 689 622 905 863 790 435 953 735 983 253 378 291 464 626 294 104 853 445 510 442 311 217 898 95 11 684 873 578 457 725 354 998 162 767 86 701 81 229 806 222 852 885 544 501 342 831 465 457 918 852 854 337 479 217 668 592 848 477 497 792 72 504 916 987 558 56 804 160 29 178 19 401 117 723 870 484 418 70 924 412 321 861 580 498 36 813 305 967 147 782 574 159 562 730 560 274 814 977 754 637 849 733 24 885 330 832 513 608 215 316 356 915 732 377 495 320 938 727 486 345 334 668 772 253 616 655 825 610 686 588 596 537 54 754 137 317 204 564 967 273 812 280 132 336 31 697 795 905 182 516 729 272 766 244 187 510 677 905 221 449 485 369 64 366 913 113 305 403 595 503 441 515 806 413 523 757 263 43 678 742 984 12 452 62 269 864 597 790 574 588 693 2 993 52 953 262 947 735 146 996 220 534 205 89 551 857 140 899 308 381 279 886 287 817 746 848 651 708 203 917 922 296 826 59 285 809 176 785 952 924 17 211 950 709 878 153 902 283 667 973 742 784 22 962 186 507 576 442 997 43 786 861 366 406 240 516 513 633 70 515 747 888 235 477 922 456 799 705 16 255 883 398 877 688 559 322 401 769 864 865 164 864 207 383 193 196 780 723 736 205 771 906 262 74 285 839 873 491 2 808 209 731 953 920 495 923 818 371 251 890 828 275 96
787 821 130 149 133 610 800 595 606 732 795 934 720 237 119 566 290 526 377 354 920 141 793 439 39 567 390 959 261 676 960 478 703 336 562 831 13 618 744 840 852 494 649 84 428 717 717 775 666 464 150 897 252 349 27 379 260 925 625 976 426 800 595 9 326 633 577 429 562 436 233 967 693 664 33 429 216 952 534 359 625 589 322 574 137 883 912 511 786 643 720 68 289 725 182 522 885 50 514 702 100 184 453 973 808 224 642 914 916 692 895 553 314 978 655 920 343 972 824 653 166 48 897 151 478 267 991 987 900 819 715 168 259 259 950 670 632 23 573 65 855 415 867 901 655 669 553 151 996 785 627 191 360 578 566 746 857 511 25 92 332 771 705 224 603 378 254 627 631 326 662 843 982 185 693 25 425 673 492 232 740 141 475 522 628 946 356 954 807 11 163 929 76 929 169 299 379 718 78 616 535 968 321 103 232 307 779 909 474 836 5 754 931 179 839 39 782 579 947 748 648 806 713 555 580 887 776 968 608 315 442 602 871 993 615 835 945 945 54 924 554 269 139 575 808 942 703 785 487 235 440 301 835 509 72 863 139 270 779 796 8 680 172 124 862 531 809 190 661 514 627 128 370 793 715 883 599 742 456 96 258 18 345 38 967 217 346 231 61 488 242 313 804 230 827 708 222 461 679 596 889 71 36 344 551 959 680 200 802 201 656 443 999 248 351 755 581 135 909 938 520 965 153 166 377 469 587 27 897 965 94 406 691 442 759 343 435 219 537 402 130 602 66 985 489 657 951 884 214 869 700 189 938 545 608 655 355 419 903 911 198 918 552 292 881 569 683 617 611 117 416 638 501 957 282 588 754 850 228 181 901 246 964 389 302 502 537 413 321 780 568 407 875 477 396 621 750 79 492 276 334 574 892 846 801 784 522 932 938 735 299 521 993 284 898 323 372 549 124 607 579 506 182 498 781 100 479 567 356 708 927 70 251 758 376 714 975 367 738 970 484 357 124 478 110 947 181 282 401 774 840 746 285 720 916 710 218 607 27 587 876 344 732 626 681 33 990 649 329 395 564 72 269 411 961 586 750 123 712 300 588 129 650 432 543 557 387 619 801 629 825 833 894 652 146 899 649 175 15 389
438 449 100 911 457 37 213 843 604 174 90 254 902 832 994 349 284 940 113 941 612 151 175 962 757 846 273 214 64 28 150 984 157 640 298 169 256 591 442 310 785 59 836 28 935 561 140 206 527 843 508 794 928 577 457 128 794 691 559 77 460 511 447 238 59 25 65 313 822 716 151 292 9 240 369 390 841 747 589 863 469 173 495 493 803 412 479 351 408 51 472 261 322 728 895 970 579 160 960 3 796 619 954 189 504 404 756 364 722 922 790 204 447 734 324 950 493 72 622 677 26 514 920 65 769 772 494 118 229 986 346 987 755 89 850 555 706 791 395 895 793 489 408 906 824 878 464 807 220 406 22 34 433 572 450 109 363 641 616 791 439 919 199 384 340 100 838 853 341 412 144 238 313 973 390 835 344 3 851 957 594 831 513 970 183 651 473 247 641 489 89 430 629 716 470 163 967 5 893 683 91 153 419 859 34 735 23 620 769 294 29 823 450 954 654 409 830 935 893 2 266 218 488 967 707 156 618 621 58 591 553 768 343 114 186 755 319 650 598 195 831 295 404 983 5 61 724 967 131 915 798 15 283 703 479 241 702 262 275 878 820 897 306 496 91 433 764 27 701 860 593 493 852 831 924 226 362 294 516 459 145 804 214 574 32 974 626 588 825 857 543 75 315 448 553 773 301 330 82 784 206 5 232 6 29 380 942 710 271 508 104 759 929 580 9 241 883 390 64 182 630 303 45 665 795 17 79 886 592 78 791 730 488 665 603 241 321 201 439 913 306 617 94 973 908 179 740 598 725 457 143 534 972 821 301 78 761 859 274 291 978 765 267 787 848 556 801 952 18 290 621 237 174 655 708 952 664 280 530 471 65 377 438 836 674 390 729 646 598 248 203 359 167 699 645 881 696 690 284 325 894 366 565 208 593 639 840 79 194 652 703 911 887 119 145 937 54 579 995 424 974 544 731 602 831 639 703 745 817 735 942 306 218 828 293 400 526 840 409 795 917 223 882 116 822 827 880 620 11 214 247 793 971 499 838 282 830 941 219 24 920 104 162 473 422 728 757 732 90 552 111 414 318 720 471 241 125 222 294 936 614 192 246 152 14 57 372 137 700 663 952 211 603 223 903 481 725 490 238 686
355 652 805 120 514 860 198 673 919 742 899 110 691 966 775 540 136 797 22 288 253 867 264 219 136 995 299 327 51 418 995 246 728 485 424 202 177 270 892 575 623 421 116 504 424 45 954 803 736 918 614 487 352 186 566 716 506 61 714 888 176 387 31 925 326 572 932 85 474 481 476 927 809 873 439 515 966 973 26 669 735 112 652 277 171 209 787 340 402 833 623 925 181 398 912 592 479 558 139 832 106 196 7 566 693 530 594 545 80 884 816 939 123 667 748 131 446 976 494 237 974 521 701 887 349 624 16 621 26 656 87 669 201 529 358 650 602 709 778 633 451 632 319 910 259 73 704 793 24 463 223 979 62 19 505 739 295 336 973 146 619 30 638 520 348 697 883 642 920 859 756 285 687 167 387 864 840 726 824 334 108 395 247 586 833 391 853 993 785 125 837 175 898 516 754 193 706 956 456 209 872 15 876 149 231 143 714 904 367 750 87 368 976 332 574 584 37 215 206 180 346 692 290 980 548 511 21 9 465 545 24 696 819 30 611 881 336 666 113 414 702 501 472 654 461 232 342 217 79 83 326 83 413 728 76 766 502 865 377 335 169 200 399 397 12 617 176 437 612 872 466 729 386 577 390 317 151 107 875 655 57 876 139 308 515 905 918 867 403 555 288 390 227 465 603 879 597 733 38 299 681 66 455 359 384 500 672 53 234 843 826 644 758 960 707 75 345 901 845 853 820 793 435 774 63 706 960 862 16 407 437 343 680 997 146 456 737 158 753 768 912 165 998 638 317 806 465 338 340 615 753 983 320 174 414 479 72 23 596 6 264 53 955 472 482 358 439 567 280 443 984 916 427 477 546 692 881 875 760 783 390 144 107 905 799 235 347 341 588 817 157 728 346 354 512 934 876 748 458 90 885 205 183 445 363 846 35 2 594 96 308 907 691 694 978 392 554 538 733 278 178 238 145 107 999 51 681 708 413 195 626 812 128 125 265 324 705 240 653 617 775 969 297 654 639 736 124 199 261 883 475 603 908 691 174 731 738 131 818 833 899 447 649 753 780 403 360 116 571 102 472 183 514 774 378 85 149 974 4 24 627 5 818 171 148 671 609 599 564 669 297 171 889 818 527 416 31 891 664 834
540 145 652 5 186 783 587 26 248 655 362 328 412 913 445 434 715 9 886 673 566 502 965 996 388 402 177 600 437 143 952 266 958 912 799 465 986 524 867 302 506 57 516 419 763 460 822 855 365 176 447 174 761 842 129 527 243 735 70 746 812 812 192 143 528 455 403 411 902 970 868 159 709 391 9 156 966 955 283 730 2 821 588 653 98 317 427 693 864 497 452 142 958 684 873 442 156 35 693 46 658 918 681 341 53 76 546 928 472 325 663 951 838 854 648 709 673 10 892 462 472 854 419 340 245 787 471 263 673 530 990 691 539 50 149 849 532 316 438 868 991 326 110 407 612 324 311 483 601 877 887 958 481 402 909 199 785 309 619 358 135 359 618 818 146 301 711 945 604 339 231 381 889 68 611 885 431 44 82 897 238 301 819 164 433 650 564 425 943 114 878 656 879 164 669 500 323 112 703 727 80 897 47 640 447 347 437 898 869 409 51 734 197 471 363 728 866 300 976 123 659 2 174 142 287 377 29 798 945 562 335 419 696 554 356 205 554 6 103 149 501 602 474 175 306 306 365 647 822 743 203 198 943 759 822 440 768 410 960 508 125 7 770 375 779 91 708 939 686 54 934 473 75 884 524 454 31 90 509 232 420 744 187 358 267 630 355 135 92 220 980 17 341 243 436 825 583 496 451 102 953 771 441 734 49 157 953 751 97 974 329 714 785 778 36 14 387 661 799 394 247 796 229 985 385 523 891 291 848 733 293 131 211 626 821 12 804 642 25 209 544 975 670 891 522 480 682 863 374 46 688 35 947 709 998 944 559 743 721 679 172 518 807 770 360 849 75 240 307 494 288 184 518 441 996 717 917 32 512 995 418 473 67 408 772 49 241 70 227 623 156 791 322 485 911 867 716 127 201 932 628 816 236 142 762 449 486 361 190 78 582 823 973 483 896 921 363 369 456 464 911 290 947 915 423 488 60 727 285 78 304 980 186 794 77 950 581 52 91 140 581 716 834 360 211 853 988 589 206 255 648 863 43 932 481 219 961 812 23 44 370 857 678 430 305 587 900 832 181 862 907 606 802 419 531 946 793 842 835 761 643 952 218 546 975 298 221 139 400 68 19 897 68 313 245 712 377 572 665 864
621 650 159 814 685 917 994 586 303 335 661 71 341 581 958 549 380 375 12 434 700 9 491 69 561 385 706 952 574 40 731 382 672 39 699 809 688 904 109 650 531 233 864 40 478 373 675 416 822 138 657 108 142 696 769 79 288 264 210 607 477 779 987 647 76 765 33 38 352 358 707 714 372 869 138 555 163 82 890 281 990 965 255 141 95 139 180 187 979 942 514 949 963 337 695 806 326 520 787 669 943 346 558 870 23 386 68 991 40 655 86 396 454 428 74 91 184 127 383 751 342 471 377 710 878 757 491 314 911 866 799 229 805 297 714 289 48 42 537 430 851 408 478 421 345 634 870 520 157 391 161 99 976 439 939 874 202 112 425 65 330 415 551 137 563 250 139 964 965 728 619 920 691 507 797 249 105 561 212 656 597 287 322 680 272 940 355 85 562 439 298 849 147 782 646 506 153 711 652 478 746 811 837 392 428 916 177 888 15 886 538 96 751 650 786 301 460 157 205 579 831 753 297 194 789 702 460 164 890 72 351 505 457 678 990 627 81 316 321 923 180 889 735 816 364 374 183 934 917 854 504 800 329 81 172 288 28 376 223 668 564 493 939 744 325 299 626 300 90 890 60 107 238 627 557 992 936 592 223 906 560 268 564 135 867 723 980 342 38 299 465 125 736 877 691 125 751 478 919 429 749 642 711 498 498 701 952 289 84 874 386 265 456 870 412 490 388 346 949 613 1000 697 81 993 741 268 822 714 813 270 517 272 211 604 815 461 443 93 247 156 869 418 29 598 312 427 578 426 927 478 220 662 416 857 579 623 329 369 677 272 427 127 113 224 24 126 907 450 402 639 281 573 738 458 23 646 324 50 501 968 394 645 323 602 813 329 765 195 74 909 69 790 997 136 255 235 741 464 593 504 721 401 947 360 977 926 865 635 396 527 823 637 915 374 160 951 939 952 58 767 125 482 105 47 401 441 582 371 730 503 876 715 894 250 303 819 924 779 65 687 966 705 724 856 142 389 81 493 960 651 899 842 288 949 444 102 627 707 932 307 278 547 864 245 56 15 992 913 320 991 778 977 975 499 799 926 779 238 56 785 839 462 278 65 304 930 295 655 295 99 838 890 227 589 475 855 207 165 972 923
967 129 25 309 717 206 358 53 682 664 740 309 100 168 539 942 665 895 660 621 799 388 876 265 266 44 663 881 697 595 18 963 281 457 513 119 376 873 401 106 300 455 230 615 841 162 478 948 552 477 573 964 401 778 569 530 413 205 416 107 422 32 731 372 744 392 87 986 749 532 116 527 347 742 715 277 672 809 597 152 61 249 416 523 371 300 572 2 323 172 692 474 870 283 664 844 370 984 298 902 129 121 989 809 970 908 691 986 17 574 915 223 645 531 818 909 176 649 582 180 358 541 482 704 39 656 433 928 856 808 648 898 808 627 179 65 655 164 650 875 554 591 95 299 121 102 944 344 533 576 220 39 782 715 809 985 253 295 616 98 539 240 884 769 704 336 345 476 377 608 29 717 849 616 633 929 623 937 367 851 525 898 261 928 980 977 44 404 871 201 738 792 120 838 533 911 573 715 661 926 284 177 330 979 968 296 770 833 326 994 150 243 682 730 38 453 853 697 676 2 219 538 191 318 563 780 781 326 469 478 685 954 70 376 575 327 484 557 177 534 788 619 128 160 358 620 562 504 386 66 282 167 338 370 303 453 903 507 263 106 693 601 279 850 831 569 812 828 645 345 579 79 949 218 759 71 756 77 308 865 397 709 591 130 758 739 484 175 388 668 463 267 799 196 344 263 476 634 288 724 286 559 703 940 187 510 336 354 910 987 660 503 126 519 407 122 53 101 900 983 593 416 328 931 69 804 858 723 952 52 367 753 613 516 603 337 506 93 587 611 213 786 739 249 572 404 549 298 219 615 92 844 609 462 606 729 560 737 561 639 752 375 74 344 911 617 152 89 130 8 472 558 61 488 434 68 555 692 546 739 979 48 658 508 156 94 825 642 555 653 684 470 854 872 365 371 405 627 780 817 184 249 7 872 230 255 167 694 404 536 937 745 828 213 823 547 11 391 73 3 505 705 839 908 41 458 231 821 740 716 355 764 179 25 11 201 277 161 131 707 569 135 151 634 116 770 487 216 623 267 92 448 901 598 598 889 873 965 530 299 556 116 35 889 497 745 493 542 698 256 684 41 311 79 299 937 645 272 915 410 359 760 500 823 906 193 758 193 493 354 64 579 498 434 224 376 767 611 282 579
265 219 746 135 405 349 739 372 160 341 526 308 405 5 65 634 898 483 639 60 434 351 601 982 768 16 908 670 970 4 541 826 353 385 576 873 642 102 72 952 607 849 367 377 954 653 949 774 516 718 545 898 779 800 332 483 920 509 945 842 98 841 945 605 958 667 216 595 710 81 307 801 156 200 475 344 495 955 399 271 820 982 690 562 694 308 751 930 692 941 781 601 258 708 133 135 103 376 718 393 881 174 119 868 836 584 602 982 91 52 574 131 326 456 711 38 365 599 16 361 776 367 632 742 164 799 179 680 346 312 726 888 844 240 6 125 75 423 722 973 988 817 435 604 527 420 913 655 230 3 932 17 4 490 899 698 895 281 745 512 713 324 307 753 853 728 753 668 624 557 977 247 237 674 409 800 673 387 882 58 538 746 658 697 295 52 828 152 660 367 441 85 89 970 482 411 57 331 513 772 774 298 752 528 563 304 780 519 46 561 662 537 77 663 259 305 662 562 523 757 234 77 957 229 114 360 41 129 540 160 337 749 981 957 37 625 688 564 222 104 502 459 289 165 916 366 34 466 361 210 116 472 409 660 249 627 280 738 477 36 403 433 467 188 806 494 105 47 191 994 456 902 187 829 910 296 477 808 30 459 578 440 587 432 948 415 254 495 707 165 200 491 796 599 434 255 99 532 291 632 985 836 732 638 85 411 679 815 429 429 891 548 228 220 385 250 423 568 188 578 129 731 66 113 813 117 157 649 657 71 116 637 873 617 219 935 674 688 250 371 822 940 156 714 710 540 598 523 810 534 992 616 321 124 578 796 737 812 470 574 268 24 769 913 878 204 334 805 537 417 855 450 704 290 152 942 428 581 815 302 384 954 86 333 836 284 278 329 287 632 303 769 223 45 796 1000 393 422 526 666 479 631 656 911 398 974 984 132 287 891 118 515 114 33 605 519 104 568 54 183 108 51 493 133 968 185 9 608 338 752 837 790 931 897 335 787 714 656 161 133 181 222 147 873 492 93 410 152 462 537 347 112 301 776 705 120 299 65 343 672 373 630 215 993 288 683 541 890 541 32 613 69 513 578 560 507 265 903 791 700 956 572 154 916 129 766 261 537 167 180 776 60 894 739 889 220 497 778 50 622
553 52 744 673 357 457 843 142 577 130 370 706 638 478 371 27 814 710 289 217 34 592 45 63 552 63 737 348 712 71 29 63 606 996 931 495 433 929 584 8 819 566 14 438 299 611 66 478 34 435 924 723 219 170 634 881 674 3 413 226 395 330 249 500 469 158 983 324 913 101 173 895 537 387 208 747 97 606 232 580 419 351 986 63 460 45 914 48 371 812 221 740 904 428 385 991 128 173 229 841 97 629 750 682 348 221 483 765 496 342 300 564 284 891 34 995 280 927 724 168 492 904 731 580 807 330 949 595 497 891 499 122 964 96 318 817 12 763 408 414 645 366 563 998 949 471 371 942 480 682 852 186 522 336 433 406 186 681 458 83 562 139 182 221 67 725 675 47 314 864 570 759 684 278 573 872 112 558 347 103 73 257 137 381 805 26 166 969 180 36 653 217 977 142 151 653 370 42 711 23 359 394 735 513 749 935 217 729 557 915 305 298 423 388 351 19 902 176 164 794 25 139 73 364 658 824 696 276 594 823 951 664 701 282 399 52 719 858 134 828 254 49 46 624 233 815 827 851 591 721 66 236 398 739 128 584 812 297 647 895 862 360 609 889 553 264 314 961 627 134 991 42 950 869 684 74 856 374 186 214 782 162 117 459 188 737 198 321 377 654 51 234 146 656 212 362 919 239 638 552 728 490 140 354 448 570 827 555 336 790 865 257 630 933 651 942 752 330 53 869 999 60 68 536 346 11 29 986 593 555 86 239 968 196 857 688 148 781 711 249 209 74 372 902 354 266 133 753 246 988 988 641 461 429 698 229 351 83 392 853 453 852 365 298 425 661 19 487 817 858 529 782 716 400 227 982 207 345 907 166 82 283 242 22 943 532 569 627 158 904 397 502 446 222 370 606 578 264 52 804 551 476 296 500 267 757 326 638 234 969 662 506 87 431 626 928 848 654 346 527 47 45 531 301 53 512 939 151 167 18 353 362 973 128 28 70 464 680 942 410 712 580 680 768 181 392 23 14 728 301 160 449 511 185 916 543 693 320 909 92 991 572 792 493 629 642 202 472 314 963 644 521 878 483 766 203 948 984 224 649 449 935 992 771 461 115 789 216 663 701 858 28 942 471 222 511 609 681 374 486
204 119 791 671 552 265 320 550 927 669 804 864 185 915 306 655 750 944 159 688 329 495 856 45 61 764 294 661 623 534 588 385 19 836 644 83 731 845 277 89 6 256 309 708 97 981 303 69 736 269 749 836 9 655 757 938 532 578 553 3 17 784 121 530 545 126 842 672 559 207 781 59 815 809 940 166 542 343 613 505 732 32 916 207 162 745 104 286 669 619 241 805 825 331 817 562 723 930 941 203 762 779 337 279 343 327 271 305 934 249 773 902 834 297 863 736 268 281 543 11 692 818 694 735 251 974 912 336 288 781 205 43 536 327 347 508 773 588 364 897 717 836 116 170 291 821 256 508 754 670 748 735 208 663 393 929 366 597 644 335 830 712 982 666 381 770 116 679 966 68 307 582 101 707 648 100 160 832 509 990 332 81 818 452 946 34 948 372 924 726 755 344 154 902 18 269 81 37 866 840 72 572 832 317 192 155 754 849 359 44 834 265 410 120 312 904 610 247 280 2 914 102 427 341 999 33 147 944 843 562 984 493 420 377 44 976 45 265 977 687 306 24 958 785 207 375 591 354 804 536 799 328 294 468 830 130 869 498 252 53 510 265 434 744 536 400 87 568 653 144 551 88 217 965 266 588 816 205 749 189 986 125 527 278 220 430 171 570 942 227 645 56 43 331 585 874 77 959 873 134 43 376 427 598 993 360 626 855 196 40 216 743 556 714 275 938 800 406 59 166 610 803 787 666 466 83 120 246 712 167 48 152 207 870 240 857 82 168 110 465 445 939 254 334 642 301 809 617 665 244 981 978 145 341 843 270 742 460 347 927 726 311 934 725 540 242 173 150 45 48 582 812 308 269 795 430 32 34 654 318 92 785 40 1 973 921 569 966 357 205 946 173 657 975 148 803 924 244 286 995 205 844 666 495 407 336 824 111 561 83 590 117 49 187 890 817 731 856 67 917 602 289 530 195 502 88 702 815 744 846 851 426 325 76 136 677 840 174 262 557 520 174 499 496 176 27 744 857 244 893 410 852 458 549 856 758 809 198 536 217 77 363 90 20 824 272 767 264 987 418 134 972 877 534 491 343 96 172 811 603 628 246 5 298 758 962 648 387 782 221 383 254 18 455 327 715 939 224 679 891
138 529 359 618 663 306 101 170 912 620 1000 729 918 531 421 871 78 251 278 682 937 70 525 697 844 284 675 898 88 967 122 360 164 430 628 105 221 810 317 681 632 648 219 740 536 721 705 899 449 253 179 485 245 152 982 758 944 798 740 819 805 480 656 290 52 867 119 134 716 118 509 735 226 747 213 757 949 356 476 242 699 410 105 421 449 942 112 748 455 313 119 987 330 849 774 639 993 431 261 459 864 216 647 1000 528 361 686 975 979 425 137 118 757 783 905 880 202 532 107 885 120 647 402 692 824 299 929 941 208 932 829 818 372 501 327 95 785 550 233 703 627 878 781 274 640 637 382 70 494 749 343 517 316 974 824 632 103 965 198 526 684 180 537 40 723 563 839 109 144 141 767 152 562 73 842 35 251 312 18 124 311 639 387 388 79 731 428 134 937 823 471 408 219 886 795 335 37 784 218 963 189 254 200 77 672 71 105 445 942 59 755 403 774 802 716 400 3 464 235 645 469 738 442 41 15 277 356 947 636 281 544 753 696 122 295 885 40 84 625 980 418 847 496 21 190 819 679 394 322 153 548 523 748 123 368 909 653 900 271 666 473 449 504 549 914 897 349 968 672 265 700 739 167 666 200 790 754 363 367 209 156 160 575 532 568 462 187 753 586 362 626 573 1000 575 711 784 955 826 494 214 780 857 772 584 436 297 992 155 357 127 14 497 706 133 654 482 188 402 366 516 732 575 354 48 372 234 377 446 281 845 836 988 712 546 623 262 281 88 605 863 819 491 599 351 495 451 118 265 172 595 344 836 951 756 23 716 442 256 5 840 617 915 815 36 538 185 196 447 455 400 339 951 502 371 643 153 474 777 154 158 100 202 471 739 665 844 903 722 679 401 368 773 364 178 934 401 959 224 978 18 935 58 628 226 424 625 274 99 810 482 907 765 225 688 377 782 132 279 272 60 149 644 171 517 732 543 687 379 551 230 118 6 70 173 474 366 482 980 367 232 977 314 77 619 307 585 163 724 646 525 219 265 559 458 120 736 10 462 949 316 868 616 25 920 830 136 262 498 770 218 557 114 833 941 314 269 649 770 627 461 13 836 543 438 609 142 694 794 204 477 731 276 342 22 35 414 779 550 954 872
208 667 58 1 125 131 179 112 733 637 548 851 456 401 190 485 645 699 910 17 195 633 873 391 454 892 480 321 426 722 935 459 724 713 588 301 483 325 952 86 886 96 763 961 819 204 293 742 511 415 865 338 138 254 888 625 189 648 312 690 740 21 825 428 723 461 67 526 854 859 12 265 536 837 157 694 468 94 994 939 438 327 577 659 396 635 43 574 549 219 547 778 69 407 953 461 431 524 658 892 597 988 118 519 450 358 607 145 289 757 816 801 656 218 32 781 517 991 868 157 871 35 221 593 235 142 155 607 411 890 880 896 675 467 213 974 33 859 523 774 441 2 670 268 381 120 633 221 597 929 321 970 742 877 531 17 158 466 550 288 992 137 605 407 294 574 808 504 359 692 994 713 150 135 642 733 794 403 143 431 787 834 390 736 864 115 813 504 29 777 859 191 621 651 958 101 830 689 759 827 696 330 973 670 707 936 460 777 865 779 618 302 320 510 325 958 498 81 270 252 810 302 514 64 660 929 740 423 153 19 584 489 755 9 704 74 119 225 661 57 85 226 886 366 159 468 688 778 73 758 887 335 964 945 173 554 397 383 606 246 718 912 379 234 473 443 508 681 402 203 872 152 264 44 1000 217 44 507 662 821 504 788 904 572 132 393 319 77 990 66 488 485 115 875 463 22 809 149 4 273 68 336 821 569 409 398 566 142 414 363 450 709 364 891 594 340 658 759 503 870 662 226 22 320 508 107 316 888 26 371 781 226 530 594 541 900 175 603 272 554 513 757 620 587 488 760 104 771 933 771 193 749 217 170 9 5 735 580 619 573 964 934 690 152 360 371 569 627 542 132 831 625 121 794 638 126 547 78 382 647 73 529 77 56 147 406 143 274 516 611 223 786 606 390 595 282 794 276 854 145 736 919 145 661 110 484 531 804 473 295 541 3 912 887 42 361 472 478 177 94 419 369 395 107 27 401 869 328 512 329 260 969 450 725 358 402 235 661 417 695 159 586 350 156 581 965 774 287 75 388 171 231 758 930 123 209 703 125 563 295 406 863 630 629 98 848 681 493 433 401 261 18 203 944 772 294 201 760 572 299 797 126 10 9 76 616 49 347 722 980 857 895 857 464 808 189 1 724 595 345
252 284 127 779 186 750 762 32 860 153 447 692 130 928 787 361 771 967 613 421 782 330 657 730 184 168 423 409 990 47 228 866 574 608 698 569 471 638 697 759 867 728 38 275 510 339 800 294 112 869 43 852 513 629 457 434 729 930 834 747 766 140 382 109 242 151 238 334 982 739 880 228 63 804 846 702 878 466 252 391 183 193 885 709 267 16 481 61 403 93 388 189 170 84 245 702 630 187 881 496 251 273 954 576 957 633 251 42 794 765 633 456 67 767 382 521 992 179 284 6 984 444 102 717 977 687 611 874 60 591 112 484 431 519 135 62 538 601 690 944 653 952 526 932 172 269 260 735 132 933 699 311 548 606 94 305 16 905 552 125 949 273 82 446 479 421 76 657 423 721 233 372 150 238 642 441 637 115 247 738 737 183 395 372 939 61 223 8 361 201 449 743 413 372 639 390 571 423 932 945 878 784 257 717 790 605 793 305 884 317 858 807 886 306 747 555 615 477 865 996 424 995 928 995 564 582 995 116 955 796 100 66 301 353 790 2 660 228 202 590 380 623 393 967 899 944 693 112 538 480 696 980 459 267 270 640 116 493 537 90 556 154 200 637 89 124 737 87 300 223 919 441 727 410 827 743 313 419 101 244 282 78 185 276 764 256 434 967 604 718 399 620 582 469 715 448 291 137 559 793 141 278 592 769 405 43 659 382 212 403 641 55 350 394 709 924 926 984 60 378 756 656 454 857 796 922 565 187 217 212 935 633 171 326 564 584 832 676 65 823 312 481 645 823 95 360 469 602 351 95 270 820 181 994 442 295 925 141 775 817 958 397 339 46 1 27 372 554 552 869 863 516 205 76 401 74 159 490 400 318 560 84 635 995 785 644 459 704 236 711 221 647 154 994 203 815 320 763 392 945 984 17 797 428 369 879 425 300 195 498 775 989 968 62 881 979 5 952 590 278 708 938 668 245 38 1 83 722 73 684 99 713 967 168 654 749 600 558 340 360 618 99 933 78 829 897 996 563 245 123 638 892 136 910 376 125 525 882 274 453 346 883 404 804 732 615 12 695 103 863 797 876 190 843 554 631 563 589 76 538 707 880 601 782 777 420 726 797 848 405 746 496 636 110 151 604 176 563 723 857
517 394 826 962 337 950 441 799 249 556 722 733 152 394 491 415 697 218 549 56 937 175 97 21 961 20 674 854 716 81 685 284 80 929 268 665 767 869 312 741 876 908 362 563 133 938 812 642 599 101 306 546 138 84 908 824 604 955 687 108 411 804 332 284 272 867 648 123 833 279 52 182 36 43 303 823 811 837 765 254 810 311 650 516 155 506 490 634 48 106 927 721 92 378 256 459 75 855 85 946 622 360 245 826 376 692 503 287 151 894 81 92 257 836 803 739 702 543 324 441 596 220 552 780 908 521 268 665 79 306 68 491 348 151 783 776 622 101 955 386 175 358 238 249 560 517 188 510 791 200 359 384 511 860 772 295 859 858 434 315 667 849 639 842 822 308 739 301 425 515 798 629 753 594 634 920 867 160 524 677 187 897 15 413 380 471 221 74 707 590 897 769 558 857 591 95 963 444 107 504 764 257 694 471 449 76 550 197 385 465 567 233 960 653 203 117 147 1 814 875 129 939 419 217 925 432 160 633 310 287 578 226 77 713 634 294 635 315 711 595 131 466 160 768 453 3 847 332 507 994 679 89 423 869 214 726 126 489 915 872 441 705 497 51 405 51 374 668 581 180 756 27 348 738 190 975 318 486 748 313 48 863 218 842 682 661 604 271 130 401 689 218 953 586 59 683 582 564 627 105 420 958 302 856 517 666 12 308 481 666 803 848 509 846 167 270 365 223 677 22 186 552 818 94 566 599 711 185 158 790 709 749 629 495 317 644 42 13 216 533 708 399 772 577 258 668 256 885 910 610 529 216 30 714 912 326 904 880 50 874 819 482 578 115 660 650 751 798 726 395 870 983 511 911 753 68 963 127 1 159 924 978 975 3 79 558 638 782 797 445 631 794 620 265 55 14 719 150 126 467 392 252 827 285 445 245 904 132 544 543 81 954 114 198 102 494 292 716 975 80 168 270 863 287 992 965 485 71 115 462 153 461 634 53 772 809 20 284 919 466 309 303 614 307 400 965 186 650 947 90 282 702 246 892 112 985 10 909 228 2 100 340 112 77 782 442 44 292 841 804 509 757 212 976 907 595 464 351 563 175 584 430 430 928 553 450 457 141 105 595 517 689 31 711 321 48 939 656 87 203
372 654 845 517 179 900 263 435 124 187 816 770 579 272 36 25 520 229 841 760 773 400 355 312 481 714 473 772 505 482 792 680 139 91 212 470 182 536 487 213 170 902 92 817 103 187 571 515 701 64 20 977 180 368 663 827 329 907 608 946 431 168 477 797 243 516 484 925 430 209 641 668 153 434 413 685 471 133 868 208 859 935 998 504 54 182 316 53 226 443 430 641 816 282 684 89 344 84 318 691 190 916 30 776 322 36 46 740 419 654 399 560 977 871 318 980 483 348 30 260 512 114 359 64 76 882 47 952 342 254 473 541 957 47 819 641 901 465 733 719 965 307 781 135 630 712 242 26 859 337 365 27 702 311 320 42 323 536 736 626 259 822 478 544 239 292 937 997 538 695 827 569 727 630 96 62 539 730 471 118 333 36 537 18 203 216 208 343 170 421 664 977 445 136 582 249 474 57 239 487 310 594 297 252 986 507 44 316 992 917 150 150 276 933 505 138 601 37 606 455 636 358 849 893 126 431 789 410 835 451 554 581 966 454 597 921 660 400 521 445 899 493 633 121 486 535 762 189 362 787 598 208 928 189 971 311 425 740 110 77 472 771 148 347 283 465 879 214 295 244 142 551 46 479 788 516 837 147 960 486 582 171 948 416 574 282 881 640 635 201 719 160 256 581 69 761 426 845 768 735 758 290 775 94 341 584 230 953 525 602 960 178 649 603 283 681 774 629 676 268 901 702 855 108 289 99 688 266 720 981 305 19 741 88 425 75 318 553 668 597 109 239 169 207 462 720 33 295 969 843 488 551 841 134 495 967 6 908 299 434 511 619 227 559 576 480 260 696 880 795 602 244 730 535 144 455 888 856 71 321 981 264 521 167 824 69 543 429 199 589 235 972 252 818 793 134 9 304 868 494 152 899 808 439 848 590 464 82 729 689 931 101 748 247 514 833 614 812 741 628 758 558 636 678 469 874 626 31 893 846 475 807 397 659 555 421 958 748 674 890 246 674 432 468 173 285 516 294 396 685 625 535 535 513 850 738 482 740 81 932 744 352 882 393 397 502 359 262 62 744 889 261 680 390 892 586 964 313 415 485 44 526 636 2 82 74 650 458 785 619 368 998 462 650 815 163 162 760 833 568
507 479 179 616 861 872 685 576 993 508 564 511 309 767 561 918 247 743 656 317 459 444 178 511 901 313 669 823 839 478 146 589 896 430 6 748 467 197 883 99 561 758 490 436 959 358 860 503 213 468 425 346 670 925 302 74 259 134 670 620 795 777 673 732 142 509 754 715 137 448 187 551 551 930 831 431 927 694 676 934 95 191 365 654 311 73 429 173 848 563 547 671 681 140 693 234 171 477 867 339 983 828 520 493 637 817 558 963 937 244 38 897 439 299 838 711 503 544 369 963 708 487 520 432 532 951 227 903 1000 465 972 416 87 968 194 400 526 871 369 985 296 46 848 840 871 415 501 850 983 707 462 872 949 379 657 202 509 398 944 31 260 73 974 990 545 19 421 521 863 677 73 662 324 974 357 506 403 494 802 862 803 577 524 635 48 173 684 466 408 133 453 861 575 974 451 936 359 491 253 42 395 699 154 990 884 901 287 895 540 357 308 367 763 665 899 755 716 650 911 541 226 260 912 844 271 493 21 672 425 596 489 975 111 121 513 642 227 99 473 439 423 304 425 50 518 410 750 469 195 937 337 775 97 549 732 603 950 417 713 959 971 873 647 739 123 875 364 952 340 20 121 75 675 285 390 333 132 508 932 559 369 542 50 748 534 109 417 83 51 289 675 381 627 490 253 923 920 254 600 22 612 226 798 596 551 61 132 176 836 720 912 974 25 987 356 50 672 929 232 302 116 701 88 749 216 761 864 298 844 765 84 365 683 643 4 75 314 143 335 344 395 278 575 767 443 939 499 731 853 386 382 116 991 178 252 210 991 56 979 779 787 891 630 490 311 728 857 194 219 959 614 169 551 454 1 545 509 30 480 377 978 450 665 721 447 173 845 478 337 388 441 73 38 929 459 389 261 800 279 290 299 256 116 582 89 797 340 586 748 209 761 547 826 356 204 329 701 921 313 876 902 557 136 35 949 87 642 686 189 309 805 408 823 204 426 560 882 568 818 531 995 478 733 796 878 104 348 35 664 653 65 891 213 857 964 204 406 76 258 840 670 610 262 68 782 496 552 521 290 890 706 568 881 808 765 695 455 83 567 320 793 957 229 201 2 13 841 634 679 225 49 81 790 300 560 311 846 250 964 98
884 660 837 434 892 227 277 617 224 422 137 498 974 165 747 745 12 877 356 176 57 380 7 331 247 868 683 936 878 829 558 181 659 992 728 650 444 905 152 432 734 937 699 731 205 806 544 507 881 353 733 508 440 427 590 731 902 635 817 101 979 863 508 549 693 566 918 273 564 650 742 262 867 932 339 302 308 663 809 902 385 926 429 212 871 980 408 62 609 108 605 255 740 851 953 638 822 347 584 372 67 420 726 90 904 939 120 388 523 783 545 995 672 527 608 15 776 179 108 817 28 896 117 688 644 446 499 697 565 111 381 400 703 827 997 133 486 28 212 758 412 550 784 239 54 585 31 593 411 48 912 996 497 391 870 310 76 997 913 692 369 454 854 799 32 860 414 813 459 642 295 775 294 160 870 219 302 333 106 633 720 268 913 540 893 161 43 197 48 983 379 173 878 752 513 625 593 337 786 928 711 765 456 309 780 452 730 58 478 29 130 40 388 271 88 992 61 639 782 398 794 291 512 51 953 609 653 134 699 57 754 966 948 633 598 589 793 832 968 461 793 640 99 883 180 927 360 734 452 74 319 481 56 344 779 325 624 729 139 324 891 230 598 664 124 912 108 754 329 78 32 247 112 300 91 589 539 982 415 128 276 349 630 533 819 784 138 842 505 954 697 509 135 904 160 352 148 439 504 183 162 777 643 53 885 842 386 86 641 810 894 661 671 190 355 25 952 287 335 447 839 238 264 79 313 19 117 252 986 350 807 789 607 93 717 346 683 385 444 633 465 810 713 857 279 400 146 470 313 45 244 444 777 316 853 675 527 237 659 873 824 221 245 246 439 825 265 145 108 615 477 128 873 271 114 484 409 923 536 445 252 226 549 816 892 389 643 650 159 57 565 334 939 709 489 123 700 235 100 206 987 991 84 221 103 260 534 756 732 332 110 65 157 116 357 647 818 677 308 353 134 282 165 929 360 905 114 871 99 283 496 638 207 579 146 311 794 218 849 761 684 283 653 118 29 991 685 275 777 699 121 437 925 887 133 599 978 268 933 102 835 394 483 228 641 113 701 702 66 124 936 839 583 236 805 602 604 350 620 272 119 756 489 653 230 668 226 507 367 273 179 530 472 623 113 408 906 57 440 474
407 535 382 96 99 296 300 123 343 122 47 706 715 157 723 388 413 521 714 96 558 971 891 116 461 657 851 555 875 483 561 118 18 905 615 369 541 657 642 733 684 815 628 519 939 769 443 108 289 687 467 754 155 308 755 492 994 792 442 243 304 462 512 828 428 882 357 450 674 406 38 500 942 272 750 305 680 156 205 334 935 490 738 798 399 245 976 892 203 752 433 905 737 927 94 290 829 811 50 623 568 658 613 41 597 4 928 321 311 538 865 897 541 111 524 383 85 190 782 289 425 13 532 521 691 835 303 528 313 267 701 705 168 350 334 902 787 126 32 789 912 306 1 243 7 154 77 523 658 555 836 503 125 406 995 479 525 171 713 723 145 76 578 693 396 633 659 975 1000 417 211 778 106 211 774 410 598 904 815 240 574 56 290 459 385 349 59 884 579 135 443 575 929 140 785 191 108 578 364 295 179 760 946 880 505 895 192 337 689 609 61 261 964 397 604 967 725 396 31 18 348 449 257 404 990 349 621 470 219 845 784 257 961 111 380 900 918 509 692 392 550 949 399 767 443 568 970 186 457 269 823 222 348 57 803 137 697 136 761 18 643 516 56 173 680 692 669 605 815 114 765 899 359 704 190 433 206 113 931 737 733 202 599 878 731 481 784 960 960 473 748 139 931 1000 470 587 757 773 156 884 98 146 499 135 341 612 874 326 548 342 270 208 179 940 354 871 850 82 768 413 46 595 878 504 678 819 666 149 925 652 626 997 544 884 133 957 749 145 901 23 510 691 560 8 59 201 794 976 298 129 677 118 79 145 136 31 364 788 965 444 811 243 532 492 966 309 194 841 792 44 305 464 143 950 784 475 522 378 876 69 909 879 363 388 134 637 929 409 12 402 143 507 783 800 795 521 741 505 449 490 555 501 388 195 871 949 653 16 634 595 592 365 424 116 893 937 597 912 285 391 283 527 735 951 34 631 193 147 542 729 307 445 760 299 505 812 493 330 60 550 584 664 7 306 312 703 799 80 820 58 491 969 479 680 738 692 639 826 251 847 9 181 213 541 891 98 677 346 820 664 718 48 69 240 96 730 232 212 539 354 84 937 410 468 73 612 94 779 936 684 976 552 893 395 444 927 140 729 552 308
770 894 464 928 374 985 671 612 197 968 681 950 961 786 498 39 820 694 792 89 178 540 641 797 60 67 384 802 915 680 611 476 392 105 434 517 788 375 675 339 87 98 580 695 373 856 411 426 69 889 509 409 510 625 378 154 943 924 837 96 821 363 447 395 175 619 627 37 86 593 265 879 90 236 848 967 653 689 339 428 184 797 839 956 189 48 839 769 837 870 100 834 671 628 195 531 931 279 338 161 186 381 499 259 413 427 734 279 23 163 795 231 949 1000 200 747 142 308 535 775 342 800 344 270 433 59 412 521 673 938 229 612 354 638 391 948 884 619 912 976 684 119 164 625 910 838 539 894 989 283 251 564 923 675 926 805 850 526 770 782 40 599 435 644 36 723 515 819 756 795 621 866 209 250 3 402 934 701 888 703 401 523 390 128 303 193 384 127 250 920 805 584 270 374 832 694 393 867 787 804 895 613 466 349 27 157 367 49 300 680 566 335 273 334 694 928 591 825 221 468 234 8 785 83 795 115 104 772 397 500 254 932 383 511 237 811 409 394 594 530 726 450 983 74 686 943 179 713 857 327 527 238 287 409 172 811 346 361 137 284 346 499 909 557 477 158 973 142 509 744 254 747 237 744 838 228 721 597 811 216 1000 602 971 945 795 651 211 217 823 458 940 492 3 371 509 439 456 816 115 899 10 76 880 637 38 636 825 648 104 743 800 793 531 927 810 145 623 885 557 334 246 736 923 753 16 909 995 234 982 353 916 72 243 611 756 158 198 185 888 704 3 457 103 473 245 895 890 701 151 526 814 394 960 377 768 814 448 426 695 84 39 130 798 538 62 987 275 783 467 232 543 97 425 333 27 472 487 995 494 311 351 3 814 776 606 463 444 414 925 600 686 994 249 824 595 470 143 447 219 9 225 202 194 344 34 603 151 336 989 495 750 778 542 51 810 967 124 86 90 940 683 340 970 343 198 750 420 127 35 990 455 647 590 902 613 433 100 876 393 314 512 523 438 119 865 557 122 165 586 299 437 558 777 60 541 891 836 913 545 914 503 690 934 839 179 281 829 630 383 819 322 964 970 902 290 325 265 784 228 113 361 2 721 356 987 565 275 402 659 392 726 559 649 94 862 70 316 953 426 255
652 991 410 10 567 898 171 384 884 639 785 14 877 897 889 123 362 524 290 93 357 272 489 995 996 844 428 752 498 473 728 125 266 884 44 547 466 390 883 730 79 654 965 601 830 207 444 820 616 19 639 808 710 76 958 603 990 786 860 365 354 312 662 307 691 1 978 29 57 615 486 369 822 817 112 348 187 133 211 167 152 89 314 469 132 515 312 291 690 546 940 781 640 48 632 449 800 314 528 380 623 22 194 713 919 338 930 956 311 633 782 330 256 660 188 477 375 526 896 37 398 704 557 902 545 907 219 204 374 388 657 541 556 977 685 853 348 368 801 303 751 232 348 999 187 276 963 31 576 564 185 466 566 278 525 476 371 264 64 445 309 795 856 489 786 366 564 212 495 442 667 621 478 457 563 95 933 610 284 68 969 303 985 106 385 338 546 688 575 131 162 951 407 738 212 158 725 104 652 934 832 795 5 700 497 583 932 223 169 663 88 117 991 91 199 867 99 915 599 6 780 268 326 115 331 931 627 910 146 806 789 555 211 468 541 119 967 431 306 350 463 42 666 559 70 197 10 840 372 44 952 175 248 314 369 978 278 722 20 375 658 471 690 636 778 404 950 100 834 987 617 452 864 212 469 701 21 154 27 477 184 904 115 837 481 280 956 981 848 806 352 234 904 976 951 797 757 88 556 213 422 526 10 214 71 126 978 984 337 68 918 861 806 638 840 525 157 252 962 144 444 86 139 108 380 480 60 814 61 597 981 483 617 672 72 744 878 548 328 788 542 910 339 245 733 237 573 382 570 207 439 589 175 511 90 836 713 338 265 405 685 900 98 989 65 607 982 196 13 855 267 991 645 158 582 55 28 767 477 855 447 433 949 341 934 728 572 336 890 358 642 785 834 928 284 828 258 918 78 776 380 93 430 136 445 343 650 563 873 678 955 166 176 690 857 248 624 749 522 337 402 57 246 687 114 774 538 892 293 240 311 639 850 180 268 685 707 190 823 570 446 18 112 900 66 744 881 741 817 501 711 128 443 476 72 586 233 518 431 391 107 996 29 670 186 992 610 435 208 970 827 653 147 668 342 263 151 824 703 250 328 440 791 424 946 178 513 80 186 737 452 728 955 833 644 304 322 225 4 772
890 323 278 669 313 604 482 609 85 694 549 815 924 580 108 738 161 756 50 973 158 696 933 925 715 34 984 987 137 142 890 599 374 249 412 866 926 337 271 249 670 158 435 959 994 622 845 856 696 487 647 727 796 627 793 106 97 657 368 284 962 156 395 919 516 299 537 3 341 495 716 164 358 50 857 284 767 312 882 253 406 352 447 401 345 461 14 890 565 190 362 78 373 436 76 391 467 618 56 73 924 76 148 849 326 77 42 222 776 380 179 406 740 479 384 188 691 181 153 276 304 493 639 148 400 104 576 867 673 35 680 333 97 640 769 813 534 845 821 744 575 375 193 347 998 191 949 102 204 773 436 964 676 89 660 447 330 597 960 927 124 11 524 170 361 504 580 288 353 423 913 936 177 363 457 943 355 368 524 941 944 254 554 127 351 616 547 987 649 643 91 706 206 728 577 991 550 758 346 337 951 357 790 944 596 591 765 935 40 439 775 45 377 498 268 294 511 82 911 469 654 379 997 768 599 331 58 341 871 332 972 958 580 2 111 1 834 780 351 925 497 278 790 4 345 228 99 846 205 973 970 702 793 711 777 705 889 951 735 805 351 547 321 62 188 721 39 843 278 371 658 778 705 204 524 279 249 804 982 380 222 522 637 525 900 233 465 342 377 658 29 512 33 526 413 591 152 296 581 776 961 843 203 145 246 419 433 605 675 274 218 602 307 590 823 540 165 280 232 388 633 974 203 499 901 528 47 978 466 46 36 499 175 926 524 863 334 366 326 267 183 932 738 322 12 808 328 414 909 811 132 2 440 851 774 702 544 693 592 799 688 702 981 669 227 544 844 58 21 224 431 968 337 597 522 677 228 654 160 266 95 885 568 559 663 223 541 976 500 132 162 827 320 409 981 337 356 928 737 544 950 650 755 486 544 707 609 229 31 267 12 273 714 927 616 67 208 873 33 417 708 814 780 318 520 993 705 530 45 780 727 901 531 76 123 133 758 622 475 267 464 503 101 334 152 748 361 824 145 129 474 964 525 816 139 641 346 890 768 401 43 968 745 110 34 994 220 387 462 147 980 513 800 326 988 533 421 798 610 503 348 151 767 357 343 588 394 390 237 905 756 506 773 307 723 126 249 790 213 328
595 428 93 965 933 54 483 548 709 844 513 684 774 64 392 963 23 189 818 64 913 120 921 111 344 308 220 773 812 548 93 331 308 754 561 661 485 686 507 13 461 644 509 670 299 96 172 619 174 273 834 410 552 801 301 983 439 944 206 902 375 24 377 575 148 113 407 491 214 552 418 464 61 720 843 439 1000 61 993 548 500 518 329 339 975 277 865 960 496 490 177 742 360 867 274 710 144 499 617 847 800 765 605 392 352 545 710 964 941 120 548 79 859 199 20 325 804 660 737 384 48 609 879 655 58 953 305 689 347 57 565 267 445 680 931 129 63 904 578 889 653 336 68 756 860 401 599 844 327 42 781 418 354 210 985 394 968 763 140 192 667 67 143 944 703 473 796 851 597 253 708 198 66 722 652 21 724 607 80 864 557 977 17 719 413 175 133 308 449 115 479 284 26 936 901 542 57 118 17 923 747 341 807 156 742 291 962 897 671 789 996 145 487 138 490 7 102 681 568 692 14 496 277 910 349 854 938 330 937 751 922 954 81 833 61 847 433 11 445 134 93 902 84 499 58 719 851 333 805 34 932 117 440 336 503 361 722 68 390 566 571 573 289 812 209 751 406 831 879 376 5 766 804 834 299 833 259 153 960 242 666 101 935 796 554 322 827 86 922 997 997 752 757 351 176 84 639 532 666 816 495 317 604 349 656 684 222 906 770 721 744 703 195 195 280 59 479 196 248 700 360 140 523 39 914 764 733 48 510 87 583 598 545 544 721 417 821 421 309 563 751 796 607 125 515 463 221 583 613 749 828 944 321 853 327 139 617 206 699 380 950 661 547 495 178 196 19 142 636 781 901 210 574 737 417 511 519 359 928 895 674 212 106 100 576 170 470 721 294 440 538 102 684 532 604 61 231 897 40 143 702 447 576 637 738 475 558 837 998 901 269 128 306 336 929 326 566 279 901 929 266 735 23 696 505 689 199 846 152 702 420 917 73 401 631 793 710 290 635 289 666 91 186 851 531 215 937 222 500 518 530 646 25 481 896 880 768 359 290 98 294 865 778 183 133 421 448 542 509 536 276 533 664 390 558 368 274 993 601 77 172 140 380 829 967 106 124 103 12 1000 917 351 518 15 751 125 662 668 656 123
