200 200
842 50 -1 375 932 39 -1 247 -1 847 971 643 64 407 -1 571 297 554 316 699 596 193 561 578 -1 697 796 600 371 814 799 589 507 747 624 121 169 156 432 -1 783 809 322 359 594 71 968 714 63 318 698 292 909 24 364 120 224 133 408 893 171 563 141 885 724 368 390 155 -1 675 497 187 5 548 580 129 528 671 56 892 896 573 409 494 64 214 113 54 581 104 629 -1 629 650 356 486 870 478 320 -1 351 491 166 211 541 707 28 306 885 -1 531 172 229 798 652 831 777 826 411 233 505 30 810 266 620 458 741 978 83 233 346 640 625 491 353 87 123 802 205 183 652 821 740 412 87 175 29 927 672 847 486 359 562 15 744 540 143 893 895 258 514 601 558 135 -1 920 598 530 940 134 537 894 188 795 177 634 570 -1 544 804 905 255 44 520 29 935 -1 997 525 284 547 520 716 898 266 915 861 427 453 688
75 311 919 963 677 260 991 765 408 167 853 724 528 432 327 -1 347 452 394 639 984 -1 808 898 272 928 277 840 934 969 153 528 718 286 -1 436 276 650 -1 623 69 125 348 428 275 45 245 993 52 955 313 211 513 278 19 38 -1 565 527 958 675 443 560 403 316 236 853 747 415 56 15 -1 262 57 -1 892 995 249 47 162 4 985 561 36 317 188 -1 487 672 517 94 92 601 -1 -1 239 -1 874 674 803 399 738 154 634 45 733 643 718 143 771 855 17 599 729 710 88 -1 370 386 572 -1 -1 251 4 72 516 95 68 486 77 241 211 666 506 79 701 48 659 615 261 710 582 494 -1 689 -1 502 529 478 122 563 88 18 79 992 276 939 216 -1 -1 269 136 647 909 374 920 404 -1 -1 462 745 353 124 2 347 123 201 924 260 403 891 370 774 50 53 293 153 273 324 383 439 832 410 964 209 51 421 771 891 51
564 484 289 757 669 672 495 404 659 213 832 226 341 461 561 93 570 -1 265 207 768 393 537 277 64 589 129 542 884 95 255 662 977 834 23 436 918 992 1 -1 951 876 460 112 156 699 846 663 917 565 2 239 39 312 642 652 783 73 967 398 810 11 472 324 905 539 253 -1 666 23 907 431 -1 435 233 713 431 406 817 866 211 206 840 477 779 112 508 918 428 58 150 56 998 426 -1 -1 920 322 82 338 669 765 320 388 340 112 -1 360 907 988 390 842 824 51 201 942 332 919 647 832 415 -1 -1 -1 264 65 348 344 632 -1 707 283 739 939 970 25 110 980 795 258 835 951 9 757 709 622 882 371 611 -1 771 418 -1 -1 334 437 74 87 432 727 178 427 913 766 793 125 301 581 261 204 191 158 930 335 -1 252 237 103 38 487 237 937 898 123 -1 848 953 -1 183 267 681 109 727 223 -1 46 262 -1 936 12
419 190 80 815 496 -1 405 159 94 408 420 684 977 -1 905 427 -1 822 202 415 7 161 841 -1 374 167 53 657 407 -1 380 176 291 176 112 772 991 309 966 -1 323 -1 398 -1 705 165 878 415 201 188 43 531 368 253 836 43 863 40 332 614 870 314 316 436 377 449 4 502 458 799 857 485 69 441 822 523 42 85 322 524 -1 917 974 27 629 835 135 504 831 170 739 68 626 163 629 836 261 942 607 519 382 -1 166 285 917 812 118 50 369 464 594 918 549 404 381 378 369 84 181 981 -1 260 990 600 918 2 227 631 428 918 -1 628 23 -1 312 366 424 604 376 487 15 250 462 -1 893 277 271 58 576 609 455 531 255 1 -1 416 164 -1 13 673 146 531 520 426 179 66 50 742 733 385 764 83 464 108 660 -1 768 966 729 -1 696 808 996 658 916 902 174 242 208 765 197 337 389 646 682 550 860 7 448 240
316 401 80 176 28 637 354 718 -1 -1 650 -1 -1 -1 781 838 547 68 774 967 253 115 -1 933 650 -1 648 103 811 210 345 22 953 733 933 988 488 634 808 447 101 722 -1 732 94 295 2 296 56 -1 504 846 507 981 267 163 220 238 113 786 -1 714 108 365 -1 914 89 662 -1 270 559 389 646 472 609 772 35 335 889 678 332 450 264 130 659 244 274 721 633 160 741 535 242 194 978 105 674 394 152 751 281 654 288 398 13 810 228 648 23 619 6 930 718 768 867 740 899 717 235 657 443 644 917 802 730 257 495 637 531 953 916 797 -1 930 40 224 801 205 104 468 735 17 849 352 971 701 527 126 629 58 392 14 -1 644 361 112 760 977 225 984 218 952 830 198 576 835 362 851 836 302 666 854 803 274 704 437 494 -1 288 671 492 639 676 157 875 88 928 966 852 597 -1 -1 672 623 147 191 355 214 811 625
623 93 916 652 203 219 760 688 569 430 143 571 -1 148 253 553 753 -1 480 510 861 437 984 185 652 22 699 339 97 497 148 -1 641 97 375 798 790 291 433 54 300 506 516 894 999 505 339 731 601 90 42 568 559 409 7 -1 487 674 -1 557 632 690 611 85 684 641 104 891 -1 937 14 843 317 265 190 327 -1 593 56 535 -1 830 713 458 -1 609 961 160 423 85 218 642 -1 -1 125 880 -1 133 283 249 763 52 766 877 778 -1 727 686 261 54 12 -1 704 82 320 170 855 62 972 450 171 817 977 645 489 806 279 581 287 -1 721 615 621 16 616 599 910 397 617 240 291 330 433 943 909 296 832 586 999 827 796 356 553 817 807 955 317 694 726 261 10 471 550 791 -1 534 907 329 604 218 186 297 578 799 153 945 384 381 807 -1 32 532 97 -1 887 601 268 287 970 608 987 864 -1 186 29 -1 892 499 932 884
407 724 264 239 980 519 460 380 739 40 964 925 29 49 526 663 496 -1 774 -1 767 606 669 332 400 493 452 147 914 -1 200 161 226 -1 383 144 981 -1 863 -1 -1 331 489 375 227 185 567 450 273 253 278 304 172 112 925 158 59 807 217 856 264 994 268 948 400 918 853 301 656 -1 350 454 -1 540 369 934 284 142 535 729 616 -1 -1 508 180 628 644 597 11 -1 418 939 -1 344 655 505 -1 782 893 255 852 38 381 879 -1 457 74 732 850 329 889 770 299 977 458 544 138 -1 230 172 257 979 -1 -1 200 858 591 245 106 97 47 477 513 113 416 555 882 685 765 971 961 711 860 38 964 -1 411 344 864 824 329 868 333 981 362 433 12 544 333 517 231 993 960 48 906 42 -1 273 639 556 37 257 14 974 -1 356 124 -1 944 275 -1 955 127 907 417 281 90 295 625 227 207 376 562 490 318 -1 194 393 406 -1
883 332 504 900 303 -1 -1 621 451 530 451 782 231 694 159 685 692 626 841 98 762 487 646 937 423 5 564 510 586 871 894 114 464 295 300 539 394 7 870 390 189 823 590 238 -1 332 623 982 996 933 27 -1 510 550 552 448 530 441 367 -1 464 693 -1 420 411 951 901 432 451 921 352 765 175 376 846 180 916 352 522 431 537 524 915 187 -1 110 647 44 11 315 567 -1 863 -1 -1 -1 788 273 918 148 421 149 778 30 175 503 628 820 -1 -1 331 244 174 -1 880 597 -1 639 56 406 983 -1 -1 229 -1 876 7 836 429 984 973 -1 692 227 409 497 -1 90 367 8 298 372 547 344 68 433 360 397 291 447 -1 350 248 95 558 131 479 825 377 740 645 214 488 233 692 724 611 602 548 623 129 126 94 277 784 674 149 400 712 872 193 112 -1 825 305 736 232 837 290 865 794 644 136 181 -1 680 919 675 474 868
928 187 278 752 694 -1 -1 203 160 41 645 184 234 734 948 701 959 -1 796 923 -1 622 998 114 -1 796 768 428 404 631 288 358 435 349 757 860 464 693 439 867 131 194 -1 826 179 993 242 256 173 422 -1 141 724 495 248 -1 137 360 137 146 247 835 435 174 159 473 416 118 13 212 -1 312 719 986 333 583 173 47 -1 769 766 757 112 980 195 330 -1 660 629 669 669 142 26 860 377 654 918 173 737 761 389 846 236 565 858 246 -1 823 840 413 968 434 162 618 83 233 454 412 -1 -1 196 382 -1 876 524 291 -1 -1 912 450 -1 181 169 5 577 582 88 530 995 641 998 624 831 741 624 579 976 673 307 544 29 228 459 151 381 966 543 452 117 992 562 227 260 193 258 233 232 714 526 581 -1 76 138 564 859 118 984 105 703 176 197 794 -1 634 -1 382 -1 979 308 139 910 -1 207 940 364 764 824 697 -1 246
755 366 45 362 -1 823 35 692 363 458 -1 451 22 76 190 954 704 857 897 707 276 15 -1 499 895 -1 77 838 615 488 710 403 981 78 541 916 640 -1 370 340 398 322 -1 342 255 624 -1 688 394 513 366 541 143 35 925 894 437 650 -1 813 894 145 312 350 522 252 564 343 -1 331 802 377 829 358 211 -1 465 406 310 601 -1 316 586 960 76 598 599 595 480 794 739 70 327 283 560 -1 275 21 410 915 885 102 752 -1 50 -1 897 737 193 658 656 29 335 28 416 820 59 816 -1 343 613 963 14 -1 670 58 728 338 20 147 861 -1 434 697 569 617 236 265 490 795 668 724 285 543 136 572 672 372 644 775 960 -1 62 210 187 621 153 892 944 542 -1 249 881 652 923 472 809 111 16 -1 412 360 -1 420 385 643 32 269 248 209 436 306 511 584 489 891 978 843 91 498 256 700 980 594 -1 872 370 -1 450 885
959 26 156 10 310 754 770 700 425 941 407 917 -1 812 16 -1 238 716 21 -1 67 124 994 439 -1 554 756 116 860 941 -1 874 905 75 182 -1 990 -1 418 975 11 43 558 339 896 276 326 393 397 903 147 651 -1 949 711 387 846 119 -1 35 51 572 662 685 995 485 874 351 390 645 891 730 -1 273 694 74 557 947 272 862 739 604 227 68 542 210 833 690 842 182 848 668 45 371 838 420 258 374 823 310 91 298 712 650 818 530 697 501 244 536 391 570 585 605 736 939 248 449 -1 880 -1 982 633 943 -1 376 -1 994 664 263 395 133 197 873 382 -1 881 -1 389 425 923 811 -1 474 718 425 181 451 139 845 -1 206 42 302 788 471 227 585 105 869 578 844 729 884 -1 428 144 837 -1 329 531 191 282 89 262 306 524 698 -1 888 447 264 135 -1 383 673 598 953 206 724 53 9 419 844 281 450 728 997 466 746
900 185 655 141 74 510 945 755 511 738 302 548 150 733 104 207 974 -1 854 928 435 59 137 -1 301 896 327 737 934 562 156 682 401 336 657 671 96 153 441 412 849 674 672 539 -1 19 509 935 -1 885 598 91 482 915 926 947 595 991 -1 156 52 359 254 373 807 829 -1 98 116 610 37 -1 100 714 592 79 680 369 965 -1 -1 857 153 110 120 277 121 252 549 -1 973 414 131 745 514 98 -1 501 719 706 90 158 32 640 299 124 -1 240 794 728 842 614 101 -1 709 311 831 607 12 954 417 -1 152 696 817 144 948 340 69 811 39 798 71 652 -1 52 806 667 358 823 689 509 849 311 763 808 605 396 804 526 984 671 119 -1 822 859 246 469 899 930 911 402 405 700 351 416 234 857 680 857 313 -1 17 900 429 307 344 86 865 34 91 192 453 552 124 643 -1 189 341 372 360 625 984 512 898 622 851 401 1 107
466 673 361 566 772 386 772 683 527 455 303 678 703 535 62 511 709 59 910 571 319 913 622 36 495 976 278 602 521 -1 766 288 248 558 -1 418 825 655 987 369 285 854 846 -1 916 529 64 757 698 55 995 991 711 317 487 329 413 267 328 987 116 931 514 653 914 156 549 573 422 282 735 543 872 266 13 -1 581 617 272 908 -1 772 849 828 953 661 741 709 414 963 860 402 345 191 147 534 950 137 699 -1 515 -1 242 414 747 866 874 155 871 513 290 761 953 900 663 721 918 69 620 280 926 97 583 822 -1 -1 125 333 469 143 516 -1 569 34 -1 114 302 349 544 224 841 860 592 32 178 -1 435 978 742 -1 400 603 683 57 985 674 74 590 465 902 466 631 413 778 754 17 203 761 272 774 997 806 943 628 65 428 -1 740 551 364 579 364 46 708 921 -1 792 110 373 483 85 814 919 132 541 521 363 22 198 969
532 750 165 862 142 -1 600 29 -1 805 -1 209 548 880 640 473 655 8 928 902 606 968 468 943 724 780 -1 56 174 690 246 481 484 122 614 717 911 402 764 650 664 -1 -1 822 -1 412 954 794 953 592 270 -1 491 107 904 192 542 525 523 912 901 -1 570 88 635 811 80 678 298 687 -1 25 520 469 726 213 114 89 361 90 871 104 -1 317 152 591 788 81 -1 710 220 467 946 665 777 816 -1 -1 -1 687 871 821 185 301 724 807 357 -1 167 970 955 639 769 281 14 22 558 944 2 794 351 545 37 322 346 551 470 544 -1 251 418 532 991 664 295 907 -1 733 971 449 171 764 401 264 94 215 634 659 146 613 -1 80 -1 -1 -1 146 740 993 899 788 922 311 714 456 900 -1 351 211 -1 232 214 687 640 -1 927 -1 678 678 47 100 59 668 -1 64 -1 -1 134 364 740 379 258 171 115 932 293 955 230 908 394 247
484 8 -1 857 289 -1 119 569 96 497 178 437 122 273 481 347 74 496 577 986 386 967 58 175 324 86 480 472 135 -1 326 -1 809 123 487 185 643 528 660 759 -1 792 620 374 823 330 878 673 187 17 924 461 37 999 197 322 962 -1 -1 369 239 -1 874 504 218 222 482 804 232 774 417 423 24 789 848 159 265 487 729 268 124 427 141 139 908 172 172 -1 809 910 229 980 991 418 -1 840 18 73 991 142 543 308 670 598 250 544 821 535 198 607 585 881 262 422 537 842 -1 640 218 819 456 695 979 185 333 239 92 213 411 922 380 369 507 131 656 273 523 416 662 -1 965 556 722 323 494 693 165 120 786 564 650 607 202 871 262 67 871 786 204 610 744 30 -1 -1 713 178 272 805 20 -1 -1 -1 482 535 299 491 342 -1 -1 94 -1 -1 135 747 514 193 574 770 710 303 235 74 97 -1 813 824 835 96 484 142
-1 221 650 769 434 340 32 25 298 736 630 189 319 921 162 -1 348 734 719 318 536 57 324 -1 -1 155 645 473 -1 804 534 703 542 77 72 448 259 526 326 961 789 548 950 323 108 90 286 879 932 65 635 -1 873 790 533 -1 97 754 -1 787 543 73 839 854 246 784 725 127 470 120 -1 963 926 232 619 777 734 807 199 503 833 822 262 834 153 631 177 870 193 58 884 353 -1 622 -1 -1 234 839 973 384 404 113 13 421 789 774 837 824 -1 176 833 517 390 315 553 687 354 177 900 878 763 556 50 863 467 482 802 858 349 66 335 925 233 630 -1 204 656 822 388 648 591 922 860 895 937 602 918 496 13 682 214 372 675 128 583 -1 443 -1 95 298 808 104 763 60 905 756 390 79 207 337 996 560 12 147 388 575 169 933 901 890 55 213 923 921 730 524 159 148 449 435 705 283 222 480 -1 822 735 802 262 842
618 894 600 113 730 222 859 524 -1 454 890 -1 694 328 655 557 785 204 891 634 318 224 146 324 304 492 788 498 284 203 522 174 361 991 -1 752 361 861 156 855 7 -1 489 646 695 443 161 679 5 149 695 811 586 349 161 413 293 920 999 -1 492 282 917 -1 811 655 120 397 579 267 -1 69 935 13 341 507 707 78 61 144 234 448 752 929 970 565 92 153 198 -1 748 96 726 612 309 -1 -1 23 712 116 110 624 964 370 878 401 457 999 -1 922 185 813 755 457 698 802 810 15 903 -1 677 966 50 575 509 393 662 -1 805 962 -1 425 194 746 342 979 630 917 276 217 808 5 705 658 269 345 879 975 946 504 776 -1 85 929 520 956 -1 137 284 621 453 829 748 378 -1 740 67 285 211 966 540 586 664 468 326 973 982 768 831 55 886 759 361 386 266 35 27 -1 915 221 481 83 352 624 140 777 191 267 168 229
805 266 227 628 790 -1 640 455 427 825 62 238 493 986 266 701 326 172 921 505 577 568 998 167 98 983 994 597 339 561 789 -1 127 467 577 961 372 952 557 681 369 195 993 727 66 215 211 679 857 114 949 198 731 273 -1 993 917 10 359 604 186 -1 184 230 955 600 528 692 415 28 -1 435 765 527 373 23 56 639 395 744 137 922 557 162 114 821 317 589 -1 475 16 242 243 6 844 793 -1 397 488 228 855 -1 245 619 203 -1 -1 91 81 316 -1 458 159 443 932 526 170 510 868 761 641 292 344 -1 767 523 235 444 465 -1 4 678 204 550 374 273 339 411 865 160 -1 -1 270 103 697 199 -1 577 299 -1 914 145 -1 676 715 1000 809 821 -1 246 -1 741 175 376 848 449 4 557 886 930 893 120 390 -1 157 -1 896 605 931 573 603 977 971 546 532 745 383 573 228 676 516 -1 613 545 122 721 384 255 893 385
301 726 -1 329 219 883 314 89 751 846 804 753 651 18 63 420 -1 538 890 824 349 112 755 500 202 499 -1 348 889 296 322 657 162 63 874 38 913 -1 156 384 115 451 610 21 191 12 117 341 36 193 594 626 101 876 247 601 904 38 529 617 -1 244 319 938 924 340 247 433 602 649 -1 830 481 491 14 -1 234 180 863 980 819 267 766 900 -1 218 70 -1 -1 443 467 719 378 174 541 381 555 899 869 630 281 87 734 118 545 141 866 166 980 228 166 203 458 265 809 169 384 60 -1 984 412 509 821 178 -1 191 661 719 176 891 564 734 632 281 695 997 799 854 454 328 772 506 994 61 110 -1 607 996 152 867 -1 973 17 236 851 465 884 322 347 135 68 24 124 -1 688 943 90 985 815 567 831 -1 316 -1 566 616 147 556 805 850 980 278 852 137 406 -1 -1 810 523 497 -1 764 725 215 509 674 161 158 189 519
970 740 585 97 357 494 608 223 827 -1 261 142 616 919 796 689 806 446 448 731 194 160 522 326 888 285 188 861 487 198 516 102 -1 205 911 584 446 800 646 234 177 381 827 -1 708 259 751 62 892 203 87 854 -1 257 -1 229 808 424 229 118 111 503 231 38 398 954 230 75 828 452 599 851 282 417 841 677 -1 976 251 521 82 921 10 -1 648 198 135 445 746 147 673 -1 392 333 238 132 -1 -1 -1 815 828 94 70 307 -1 378 631 514 917 536 499 393 948 993 492 853 532 286 601 -1 895 158 782 371 532 153 919 126 427 -1 680 311 451 65 820 309 838 -1 130 91 -1 228 835 -1 531 -1 993 258 321 49 1000 -1 419 60 103 586 602 884 509 589 289 334 282 522 -1 508 378 521 299 383 936 281 613 445 264 877 209 561 830 16 -1 180 707 199 179 99 821 488 542 45 982 401 201 713 1000 413 410 193 145 797
570 860 -1 78 962 369 275 471 320 819 189 686 91 582 490 105 147 230 832 870 85 405 972 390 452 385 97 234 247 -1 -1 596 93 294 60 33 128 606 -1 830 497 833 917 273 165 726 805 644 445 832 700 951 520 342 762 662 281 797 461 778 943 635 117 701 724 139 684 973 746 813 -1 834 179 69 19 762 978 -1 142 601 348 504 59 518 -1 -1 442 344 28 -1 -1 857 505 858 -1 324 -1 268 982 -1 385 101 105 443 613 -1 481 868 47 432 284 3 917 360 388 644 632 -1 241 581 909 676 -1 566 595 639 312 547 -1 683 -1 898 784 32 169 244 858 722 621 630 978 839 254 908 355 460 572 296 20 816 959 859 407 698 66 73 138 555 595 874 520 499 841 909 830 925 -1 846 920 792 535 336 133 322 403 870 459 258 188 881 156 714 -1 207 785 -1 759 791 826 164 96 901 213 -1 94 411 -1 680 -1 641
32 206 808 356 545 872 395 -1 299 220 456 885 815 389 92 461 -1 438 265 238 787 524 7 392 988 386 571 759 -1 160 528 333 480 892 949 627 143 261 894 -1 818 -1 840 898 219 21 421 715 749 -1 227 208 591 703 649 399 71 118 458 959 360 648 962 520 437 395 506 39 577 678 -1 355 81 243 306 551 79 -1 -1 706 -1 541 310 146 671 128 -1 36 413 286 239 479 836 969 356 138 670 781 196 372 546 829 343 635 14 -1 442 737 512 722 214 359 490 836 943 887 -1 31 710 789 510 803 613 502 481 224 797 -1 682 141 454 640 211 504 747 319 23 -1 748 151 750 383 152 311 528 658 961 784 713 352 973 747 -1 329 817 920 748 317 526 279 375 377 521 257 -1 511 539 841 352 638 576 511 138 265 101 254 35 537 549 507 511 60 642 531 193 -1 88 121 526 179 647 -1 882 311 784 81 347 213 353 -1
501 559 995 870 990 616 346 105 573 326 81 769 305 394 474 832 835 26 182 -1 694 193 970 -1 542 746 -1 540 450 677 282 421 278 278 213 215 29 681 277 424 920 -1 59 107 599 750 415 505 180 525 898 898 285 245 950 584 -1 548 531 17 -1 234 429 95 496 673 748 418 747 147 610 482 353 214 927 216 121 764 533 529 152 664 -1 8 776 55 437 69 575 530 438 305 93 332 405 180 376 -1 155 962 892 332 931 857 460 715 925 397 191 885 375 608 723 471 992 -1 71 456 485 960 632 713 432 516 748 602 351 915 451 866 738 991 975 -1 20 421 180 351 459 574 885 634 528 935 283 744 269 218 170 455 219 178 778 874 406 374 436 661 939 699 279 132 369 839 540 141 345 789 3 766 71 94 843 512 255 845 355 714 715 580 117 24 265 81 600 198 558 350 869 263 786 669 802 305 765 826 620 699 281 89
798 -1 359 670 954 641 645 529 184 918 179 -1 527 567 430 480 382 19 857 617 -1 312 872 989 703 914 160 303 138 457 130 139 566 379 90 621 886 97 549 643 121 625 -1 330 20 104 960 816 267 149 281 381 668 852 669 348 727 764 57 711 701 779 605 281 73 313 711 988 42 542 939 421 552 -1 106 977 657 850 954 231 -1 798 387 789 873 923 590 491 5 802 324 750 947 373 130 462 614 542 667 -1 732 566 153 -1 849 382 29 47 481 -1 330 671 81 552 573 594 618 499 980 223 78 522 130 942 855 245 228 411 58 -1 942 575 745 753 647 483 878 42 -1 331 881 29 836 889 278 626 114 596 358 770 865 339 338 146 989 -1 881 -1 751 226 107 -1 419 980 548 -1 271 657 592 727 899 933 19 26 261 -1 -1 -1 542 98 347 -1 357 -1 760 819 461 994 733 282 349 748 800 419 588 204 -1 556 589 -1
847 190 867 440 699 -1 136 454 883 734 6 28 374 62 243 109 215 655 111 102 116 324 957 412 162 816 549 643 -1 506 765 815 132 -1 423 484 141 434 953 564 -1 919 337 611 757 457 879 962 552 888 234 340 -1 488 474 953 480 -1 -1 -1 28 963 208 353 983 666 555 207 5 979 904 60 -1 625 974 798 998 432 365 942 -1 638 145 162 690 476 274 885 21 913 70 75 835 537 115 492 809 -1 276 -1 -1 850 979 878 703 2 532 790 582 543 950 9 -1 232 350 881 -1 132 845 719 8 345 211 720 238 869 398 418 395 -1 -1 127 885 749 33 740 907 233 431 276 658 648 177 986 61 224 494 927 653 810 376 752 812 76 228 656 21 165 -1 392 496 -1 250 139 369 151 -1 756 679 -1 923 673 840 140 514 121 -1 555 644 829 71 201 886 305 -1 176 119 881 956 391 203 588 427 391 435 189 885 656 146 875
215 976 248 401 -1 908 678 -1 606 19 -1 -1 616 108 247 432 349 748 434 860 167 552 821 983 -1 210 583 931 801 754 502 423 743 993 820 728 508 45 367 670 546 306 496 -1 450 357 284 398 470 -1 994 154 328 423 816 153 212 231 395 578 590 42 609 242 37 147 597 922 383 502 941 207 916 497 499 561 216 887 -1 802 262 121 103 834 81 490 873 509 851 896 510 155 273 111 740 741 869 882 299 52 652 246 631 597 137 145 806 317 953 945 475 -1 461 799 927 253 991 891 108 332 805 157 413 -1 98 -1 -1 165 899 241 -1 -1 -1 996 101 36 129 101 765 336 -1 89 109 242 652 49 886 642 781 980 614 220 133 -1 787 11 80 269 215 115 -1 245 624 186 629 520 117 183 82 296 816 409 987 -1 72 876 -1 475 617 186 -1 597 731 891 322 511 479 95 263 30 229 833 365 140 924 381 73 638 -1 696
632 700 388 806 -1 805 223 879 -1 587 497 941 19 289 -1 -1 403 -1 203 -1 -1 367 781 401 -1 612 636 37 533 617 354 927 -1 198 947 935 827 276 830 691 887 368 -1 -1 977 452 108 336 340 921 48 871 927 108 -1 556 369 84 929 855 924 554 679 228 283 315 234 304 674 781 995 -1 652 88 -1 796 721 439 681 598 713 679 873 838 728 132 566 692 41 522 670 501 290 117 620 670 855 855 860 12 371 783 703 446 901 55 703 64 265 823 350 -1 716 284 208 368 554 980 249 283 887 -1 877 698 662 436 379 889 559 9 571 671 505 -1 373 997 -1 213 -1 757 134 992 950 971 193 845 992 685 889 334 761 298 552 -1 -1 80 180 398 71 646 561 981 670 491 211 519 -1 45 -1 141 722 -1 150 515 774 730 413 875 976 721 562 199 41 848 950 941 326 124 686 651 299 598 736 998 88 494 189 908 350 862
252 475 699 774 830 -1 888 673 758 -1 969 120 91 65 383 526 22 132 -1 244 986 467 859 877 1000 294 635 142 150 506 125 439 898 848 284 -1 -1 160 334 -1 957 838 386 313 50 650 524 -1 509 527 964 721 431 565 -1 594 46 192 674 388 56 206 138 167 518 -1 -1 670 116 676 181 -1 501 44 970 222 813 -1 225 -1 400 633 -1 589 700 -1 513 782 245 930 -1 150 842 -1 637 466 299 671 637 33 247 100 131 -1 231 -1 781 421 27 972 114 474 189 115 454 780 -1 382 -1 -1 902 616 768 207 879 212 527 248 310 510 430 899 724 879 506 220 295 296 212 95 157 93 43 940 179 193 456 856 116 11 91 457 763 186 622 422 721 155 -1 290 783 574 22 285 -1 271 544 156 859 12 870 650 975 826 206 -1 58 771 714 367 518 355 115 989 75 940 -1 683 175 127 201 25 787 959 90 294 648 947 416 979
144 835 17 835 732 -1 -1 572 75 160 604 500 238 634 902 -1 274 9 748 116 984 687 521 638 175 906 271 881 22 -1 255 -1 200 924 940 982 172 687 633 521 976 865 348 706 -1 186 8 304 211 63 -1 844 306 818 131 954 543 974 355 114 -1 424 844 573 695 772 326 924 -1 807 -1 877 131 825 577 95 487 -1 120 138 768 768 876 556 54 397 617 979 673 324 913 706 704 741 985 110 378 796 789 -1 276 981 467 832 912 290 189 553 942 722 926 549 295 69 223 16 861 699 843 339 141 106 912 44 505 667 113 84 124 227 831 48 435 150 303 238 989 893 669 637 345 799 213 505 565 285 825 6 680 737 542 598 63 522 469 529 -1 -1 763 322 221 302 251 381 513 164 300 385 113 328 486 426 371 746 401 785 921 8 -1 937 488 731 421 326 336 852 773 773 271 415 990 21 53 -1 649 149 660 -1 766 768
256 41 742 -1 179 -1 90 995 -1 89 825 866 558 911 44 -1 130 783 386 217 720 159 794 -1 264 552 701 -1 486 712 168 919 901 667 666 469 502 193 424 827 227 818 907 230 129 -1 101 397 940 624 95 116 -1 867 680 566 771 831 595 136 94 797 683 956 787 411 92 57 -1 547 289 685 -1 920 815 651 962 540 149 895 725 572 391 674 81 24 956 118 589 538 533 693 42 -1 382 814 -1 77 565 797 247 367 259 619 724 540 58 93 135 409 590 832 12 729 250 17 986 361 122 -1 94 -1 976 861 -1 863 36 667 796 11 -1 621 429 582 222 840 772 451 973 128 584 178 490 897 727 919 887 250 -1 211 44 975 431 152 540 981 150 578 974 498 773 639 38 135 682 -1 953 139 371 -1 234 241 948 559 597 778 12 417 344 900 866 235 504 1000 121 841 -1 465 613 416 74 772 624 898 447 489 181 273 324 952
244 -1 335 691 787 826 780 224 455 753 598 293 740 773 26 459 261 311 610 872 543 -1 970 52 109 766 25 686 200 610 823 354 944 551 956 -1 525 764 -1 156 -1 463 10 272 349 634 773 448 728 367 64 306 685 9 283 338 65 329 740 144 134 281 673 540 105 -1 735 96 879 145 19 278 234 486 -1 -1 907 410 521 237 657 147 938 158 328 426 990 741 537 649 -1 582 -1 586 754 308 926 -1 654 859 771 402 483 236 749 963 -1 586 299 602 325 -1 346 152 497 941 705 145 638 428 496 318 361 22 666 508 457 740 382 474 643 301 955 487 592 -1 162 133 388 456 599 907 695 -1 318 146 373 725 73 659 484 905 -1 939 924 43 69 303 -1 814 325 -1 718 375 228 992 811 734 454 827 860 876 -1 738 995 383 848 988 545 185 -1 364 160 315 297 -1 803 -1 348 94 582 490 165 507 584 754 491 796 698 387
-1 762 391 880 620 774 951 949 586 371 737 -1 634 876 160 223 474 373 825 499 1000 889 790 -1 783 758 614 379 867 659 108 5 22 662 786 396 400 745 251 430 944 422 683 -1 810 521 307 139 392 807 257 543 458 673 4 721 190 -1 -1 617 370 195 385 600 565 425 562 434 -1 632 361 917 180 -1 423 808 135 220 258 814 275 887 177 66 656 807 154 435 742 867 -1 68 160 165 731 -1 -1 899 -1 995 599 518 509 951 309 577 988 345 412 85 809 665 291 611 119 659 662 864 237 952 915 967 404 739 472 502 -1 201 713 500 194 527 739 915 257 754 -1 738 892 80 900 121 986 482 468 105 330 881 462 953 839 459 557 873 -1 459 93 570 119 638 607 -1 168 392 29 877 554 349 13 774 94 5 411 475 119 897 638 -1 87 857 495 151 567 919 876 525 136 262 -1 527 952 215 998 87 108 291 972 944 277 645
77 137 291 789 330 967 983 708 459 24 407 199 408 -1 109 391 792 439 -1 947 883 618 24 308 663 969 641 285 969 826 -1 657 -1 635 498 467 312 886 583 306 768 884 -1 667 155 356 14 861 80 549 700 623 579 47 735 202 468 170 982 673 866 485 549 713 519 721 79 468 563 102 41 959 152 659 781 563 779 489 890 250 399 55 538 441 953 863 731 463 433 -1 778 809 79 356 771 200 739 45 719 134 773 -1 -1 417 520 122 -1 -1 347 712 -1 815 179 995 724 -1 473 944 99 437 774 476 156 932 578 618 251 154 273 788 979 89 906 683 470 269 427 187 534 175 14 -1 636 657 559 890 -1 22 568 139 152 689 916 989 205 499 285 990 866 259 687 11 391 986 454 -1 590 -1 -1 199 66 231 234 615 155 -1 903 793 414 604 292 449 243 270 517 182 584 -1 481 374 722 68 240 -1 559 832 905 824 -1 900
674 399 579 582 312 352 745 478 465 655 487 305 431 741 492 424 352 263 449 455 964 767 318 827 518 3 582 56 -1 107 278 765 297 452 642 14 109 11 374 923 104 96 264 69 909 102 71 225 445 750 42 131 116 685 269 -1 695 401 241 710 454 478 536 377 674 556 936 522 581 206 954 229 581 137 852 663 312 239 329 517 696 793 394 16 688 613 47 212 609 434 22 1000 623 304 919 3 14 489 453 951 1 776 -1 485 -1 762 655 442 -1 106 239 32 288 763 172 26 56 648 530 843 -1 -1 792 192 86 670 -1 423 135 473 548 153 -1 171 44 741 517 766 997 738 172 716 846 449 110 156 371 909 272 605 196 206 712 703 -1 126 84 274 955 -1 962 520 579 -1 682 701 467 993 144 780 309 448 663 502 964 257 918 291 642 743 521 481 330 964 301 27 537 561 541 700 553 67 423 324 552 981 113 273 832 530
899 988 110 553 -1 137 432 738 745 591 400 324 334 470 538 204 69 581 42 459 991 193 352 374 473 530 767 366 506 237 958 849 573 744 952 781 261 895 610 775 -1 537 318 568 519 72 861 413 -1 770 604 438 663 788 143 -1 163 685 237 630 107 779 677 989 331 949 536 196 185 148 30 20 219 728 410 219 105 376 988 379 227 422 709 838 958 54 410 559 233 226 462 143 175 820 558 465 -1 328 380 -1 -1 422 781 662 895 355 161 479 32 733 852 760 97 654 292 62 943 886 854 274 22 746 217 819 177 -1 343 134 721 108 -1 406 254 426 361 672 477 41 620 -1 122 870 560 932 907 816 119 594 606 269 445 618 731 430 531 358 20 633 792 517 -1 196 188 140 553 230 423 -1 609 389 946 735 -1 360 605 904 594 582 937 262 32 718 16 121 -1 751 672 116 -1 889 729 437 71 980 926 59 694 740 384 979
120 791 974 401 810 940 349 172 608 268 863 584 328 -1 849 296 287 900 377 300 695 725 188 722 585 954 899 556 -1 -1 31 430 -1 634 -1 504 996 43 995 85 424 87 232 947 886 5 813 99 218 860 547 976 970 347 327 697 196 734 380 103 -1 -1 285 381 793 539 578 561 676 525 98 219 71 42 89 118 515 639 -1 313 124 795 765 925 35 459 258 396 -1 444 713 998 769 -1 6 638 916 255 911 424 74 741 632 828 838 293 424 351 695 224 642 652 542 -1 373 505 815 905 507 842 568 304 426 177 263 576 105 807 200 59 -1 692 22 620 141 -1 947 585 266 539 783 343 -1 725 6 909 171 -1 912 235 -1 405 352 -1 544 189 -1 956 782 895 681 -1 596 635 70 343 307 709 148 -1 738 820 320 520 398 977 917 931 519 930 127 817 523 708 222 199 -1 301 841 176 704 507 131 992 366 319 244 598 955 532
500 114 234 749 12 414 683 283 541 227 -1 792 530 848 328 990 207 464 586 101 930 -1 347 444 830 367 759 816 619 307 466 476 581 141 819 90 703 409 723 236 766 646 47 340 404 542 920 -1 -1 892 611 135 599 799 364 116 350 426 194 938 822 650 243 428 403 598 216 184 108 702 409 413 446 470 228 157 225 109 114 617 266 802 337 81 950 827 607 937 435 689 686 740 626 577 13 302 81 720 511 631 992 9 987 392 477 249 -1 42 579 9 752 289 932 953 113 90 704 403 56 101 528 762 804 142 395 -1 782 310 954 895 648 831 626 976 636 338 158 32 -1 148 971 62 360 930 896 90 452 652 442 252 990 19 240 283 301 908 461 683 678 -1 650 44 679 57 251 -1 593 298 528 213 112 957 -1 215 268 456 -1 236 865 126 563 525 521 963 -1 331 458 737 -1 247 5 89 85 952 38 738 986 622 619 924
768 722 697 179 522 58 105 100 167 128 751 734 894 969 225 569 943 680 940 813 383 -1 480 233 352 -1 883 151 937 313 821 252 705 241 872 635 438 384 264 749 98 302 741 9 43 212 591 189 377 902 77 82 909 922 708 188 554 570 498 926 205 615 123 475 645 381 822 502 65 425 405 141 -1 446 691 718 775 -1 153 449 634 339 441 518 538 477 111 591 87 -1 388 133 509 -1 10 422 286 972 149 168 461 68 839 765 -1 145 330 496 662 334 -1 -1 287 635 158 972 115 827 204 728 520 793 951 674 554 283 787 649 169 -1 722 -1 970 910 -1 113 -1 -1 868 43 452 382 134 -1 454 257 124 198 442 901 570 388 914 748 431 -1 228 744 764 734 -1 616 921 879 869 495 591 951 868 559 308 656 906 61 650 809 531 266 44 63 863 491 201 781 129 908 775 238 264 952 686 241 649 892 62 455 206 -1 6 74
426 -1 50 138 274 259 819 168 620 877 945 612 89 759 325 938 36 736 315 424 830 442 978 -1 52 716 341 612 41 -1 812 945 72 873 804 58 936 164 374 158 961 -1 183 741 802 741 887 178 591 691 879 240 762 -1 616 691 218 309 228 595 50 145 843 775 682 289 610 964 242 572 402 577 315 916 287 604 -1 283 210 509 -1 886 646 -1 -1 384 81 544 -1 -1 730 968 -1 538 50 514 674 430 142 547 585 46 801 261 496 543 635 868 913 469 181 736 -1 569 391 534 681 431 152 890 30 435 540 208 63 264 610 641 126 800 95 625 249 854 920 647 461 -1 19 167 718 259 953 -1 634 338 -1 -1 140 59 302 789 734 141 260 586 886 135 933 458 905 126 31 705 576 202 546 442 386 572 824 -1 4 240 32 660 96 159 -1 925 405 138 652 960 728 251 993 -1 485 854 87 424 860 171 263 428 833 37 326 56
695 669 953 506 61 373 340 464 552 802 568 668 924 500 330 813 827 465 -1 152 542 -1 462 841 924 329 556 -1 701 52 915 679 209 656 798 910 214 709 951 981 147 246 428 -1 159 273 224 53 487 -1 51 205 630 817 438 537 -1 147 424 106 170 523 771 759 279 218 164 377 267 -1 914 240 865 182 908 35 959 279 981 954 724 707 -1 -1 556 143 244 416 184 252 963 849 844 496 372 762 957 471 201 224 585 383 454 392 451 638 903 258 693 926 247 386 823 556 -1 146 266 353 388 630 -1 911 238 697 731 961 287 9 940 776 102 16 736 501 150 861 287 -1 177 691 646 388 307 343 -1 980 228 -1 -1 190 606 692 919 936 763 703 545 950 640 257 121 121 221 302 -1 182 776 203 68 313 -1 248 938 872 609 348 93 974 616 101 200 158 835 87 255 870 -1 813 203 -1 810 565 675 728 154 171 556 596 -1 74
136 340 956 685 568 702 92 100 207 -1 609 202 863 519 -1 591 207 103 971 349 717 991 197 939 748 151 104 136 247 426 200 440 259 393 254 -1 741 703 452 -1 726 898 414 191 301 43 920 415 467 621 140 577 -1 471 217 512 671 56 94 107 131 545 81 -1 653 411 858 977 833 261 948 828 366 889 172 49 -1 -1 225 615 955 803 279 127 604 399 599 529 20 224 997 -1 331 468 252 633 510 324 420 701 807 308 820 397 612 765 745 -1 120 -1 436 557 787 588 3 158 328 -1 508 985 146 -1 690 322 339 373 406 246 685 213 774 937 913 472 594 907 652 861 874 685 337 815 782 301 268 78 -1 175 273 526 522 776 478 -1 598 393 888 329 206 495 938 -1 353 242 631 586 648 665 -1 620 440 353 662 542 536 491 945 823 214 720 534 721 -1 393 621 367 157 520 133 441 647 292 785 -1 153 931 657 559 233 706
748 572 553 227 980 197 380 613 104 -1 538 541 127 456 -1 754 850 547 30 119 862 615 -1 22 636 394 805 510 474 79 538 455 82 323 155 514 904 -1 941 207 698 934 709 -1 -1 649 960 460 829 711 399 46 674 658 636 283 919 818 471 653 -1 191 732 -1 76 851 142 390 552 307 229 13 809 428 359 -1 931 940 790 490 802 -1 495 675 119 612 938 228 499 340 548 943 68 437 195 831 913 -1 430 465 712 569 723 618 897 672 -1 929 298 223 200 377 653 531 11 645 645 674 830 814 515 502 -1 266 931 66 348 233 499 301 866 259 445 753 201 999 -1 377 565 275 446 798 245 882 905 137 732 722 369 685 106 -1 -1 731 -1 520 334 213 58 900 649 -1 210 729 994 721 772 482 -1 335 525 762 647 729 647 323 887 813 -1 274 34 599 668 993 864 162 -1 205 147 98 694 293 337 768 570 127 94 83 941 933
990 524 909 481 -1 987 873 756 880 426 -1 512 90 937 387 57 119 891 868 793 639 453 540 585 -1 -1 564 220 596 844 921 229 566 39 123 60 861 271 512 782 596 444 -1 48 518 711 159 473 -1 591 65 327 555 527 823 708 914 126 357 -1 67 443 542 954 896 869 441 415 961 181 556 -1 432 872 757 301 491 871 433 151 -1 377 547 757 233 834 829 56 738 732 900 344 906 121 172 217 101 92 225 732 712 255 156 182 267 150 762 732 323 833 157 335 797 841 768 994 956 -1 381 309 843 332 383 23 259 664 473 989 -1 203 849 681 408 -1 338 445 648 959 77 215 951 662 759 183 548 481 447 83 434 255 635 192 132 263 690 199 954 600 54 499 407 635 144 -1 266 769 310 275 651 649 313 786 957 129 215 974 79 605 109 883 439 563 -1 80 816 772 -1 679 820 502 755 796 733 728 300 783 569 59 -1 536
793 194 356 772 745 992 225 625 935 -1 115 -1 697 71 111 61 612 -1 930 -1 81 -1 330 179 108 -1 728 133 732 273 147 781 120 759 599 409 65 870 941 723 393 506 65 469 144 724 -1 144 72 787 745 690 -1 526 422 202 606 936 154 436 -1 593 985 193 26 414 588 479 841 -1 56 509 394 948 308 971 -1 803 109 633 857 856 -1 599 817 309 643 710 669 64 40 341 589 479 1000 491 842 179 685 740 823 538 498 793 415 477 911 265 994 208 141 589 540 53 685 440 893 -1 276 196 697 440 681 711 -1 313 482 383 200 278 196 298 566 348 244 961 699 975 260 738 669 628 837 802 261 557 990 467 193 411 466 54 106 -1 864 145 170 855 146 429 553 -1 234 506 188 -1 74 28 248 178 921 616 814 -1 969 228 50 735 914 -1 687 798 731 740 278 456 616 464 27 632 819 264 404 644 52 150 -1 -1 568 712
662 173 891 113 807 -1 356 185 27 342 838 622 677 496 200 890 49 225 93 737 303 -1 568 -1 837 928 227 586 164 241 832 839 -1 654 673 -1 138 488 816 436 870 -1 955 -1 144 -1 176 52 967 248 18 16 728 31 146 104 663 651 299 -1 731 819 -1 316 -1 411 121 882 582 -1 762 58 61 441 610 708 -1 244 25 674 750 717 769 -1 34 561 221 842 816 971 836 305 330 830 -1 905 530 993 753 193 492 618 536 657 424 513 203 485 -1 470 852 326 529 -1 930 -1 894 541 572 105 317 471 -1 387 682 506 284 108 541 16 893 196 301 722 452 173 389 64 457 368 953 496 383 743 -1 247 943 974 126 309 720 932 270 814 459 729 -1 316 157 995 688 -1 598 531 925 841 956 977 160 702 932 841 770 612 865 635 434 715 450 326 973 -1 123 610 562 -1 778 88 -1 591 733 367 225 28 883 278 439 395 129 753
649 786 -1 881 -1 815 -1 570 728 267 -1 264 631 509 749 446 -1 959 306 155 616 34 816 171 35 211 847 772 579 -1 6 14 342 144 477 155 445 178 513 960 12 587 377 -1 667 67 293 674 143 810 321 144 973 952 -1 874 112 -1 233 541 687 47 -1 842 683 182 936 -1 227 806 479 -1 404 663 203 700 611 88 -1 681 213 607 553 543 563 914 402 932 589 160 327 -1 52 978 746 -1 477 304 197 313 959 228 444 572 631 745 786 845 84 116 993 11 507 570 608 30 461 310 411 604 145 47 -1 -1 378 206 -1 231 570 678 -1 567 236 74 -1 571 239 445 242 417 546 582 289 751 268 64 269 914 380 440 982 38 752 640 960 419 34 558 452 -1 266 217 690 429 418 319 -1 436 178 302 336 120 723 207 -1 -1 990 686 133 848 774 818 796 492 50 18 -1 412 536 413 393 22 -1 34 404 943 705 -1 714 290
887 844 311 127 577 344 318 -1 783 792 24 286 984 213 269 964 -1 232 262 883 -1 194 89 148 589 118 535 837 687 402 -1 -1 720 718 316 143 732 940 -1 658 729 843 901 984 233 -1 149 880 95 137 640 797 650 791 426 832 42 438 609 496 -1 589 355 -1 277 595 863 -1 854 113 879 -1 -1 1 -1 957 430 -1 1000 741 122 396 549 364 27 710 539 421 37 23 -1 226 -1 -1 150 -1 -1 412 234 703 463 458 769 587 291 121 795 866 -1 390 220 737 294 387 -1 588 278 131 890 63 876 993 500 -1 605 91 472 733 903 710 849 399 -1 186 215 830 702 431 953 229 163 -1 329 256 -1 947 535 160 710 888 238 628 395 890 169 416 9 764 61 -1 812 303 749 708 911 652 840 14 583 517 408 549 713 613 269 193 429 91 473 335 250 870 650 90 951 757 638 176 890 787 -1 379 -1 567 862 329 423 -1 36 48
550 785 498 -1 981 318 241 798 444 467 28 663 189 704 558 3 -1 969 240 912 201 599 459 312 132 744 454 977 195 907 424 640 525 920 617 -1 897 952 213 303 284 -1 803 261 -1 492 319 110 848 813 78 728 258 73 509 552 798 412 -1 24 -1 473 131 966 222 61 51 52 365 30 780 738 612 312 892 618 626 505 745 639 706 509 95 608 419 510 659 458 307 100 353 -1 307 230 149 344 833 47 606 999 85 790 163 384 609 -1 150 482 262 282 389 902 306 576 129 340 795 980 94 25 424 430 354 960 776 308 96 762 939 707 685 466 276 156 104 -1 428 308 324 116 441 406 831 396 25 958 851 -1 578 156 851 373 878 531 920 991 -1 126 356 33 714 820 909 802 907 320 286 -1 824 986 548 125 545 170 17 588 141 692 412 507 702 -1 775 973 710 -1 717 -1 310 108 -1 144 810 117 -1 891 915 291 315 284
415 364 817 177 867 56 -1 773 820 737 390 205 -1 262 805 191 245 -1 350 269 247 265 915 171 283 280 80 654 212 832 348 534 198 219 37 17 363 460 -1 670 738 616 -1 133 91 456 273 215 70 691 385 381 650 638 -1 622 836 877 64 415 393 99 123 134 5 989 896 936 968 484 187 2 -1 256 75 308 140 477 923 686 456 10 526 346 114 796 707 659 997 376 -1 778 222 547 906 -1 -1 567 219 -1 -1 -1 959 524 -1 186 165 253 313 353 577 358 28 663 216 962 614 632 -1 717 445 52 835 -1 483 615 766 62 121 -1 508 54 417 -1 797 -1 -1 316 839 763 191 952 330 304 -1 885 11 229 286 513 169 884 149 874 686 817 306 792 219 506 258 -1 38 960 795 231 229 146 530 22 995 627 -1 377 211 -1 797 209 54 325 183 960 948 939 259 397 351 618 -1 421 784 327 125 159 716 833 218 811 339 204
568 649 664 -1 480 8 889 898 -1 625 588 804 76 784 201 514 853 746 816 586 590 141 368 225 118 822 119 398 982 401 496 173 195 321 192 30 956 -1 268 315 530 539 415 182 185 68 -1 819 273 350 159 332 749 76 789 26 35 694 449 -1 999 23 809 240 859 234 231 43 672 245 221 575 511 684 339 768 445 501 304 905 -1 151 853 843 524 765 77 966 603 339 50 62 17 192 -1 726 -1 809 -1 674 4 563 250 754 333 129 395 33 952 856 560 486 222 145 44 138 133 -1 662 525 46 58 55 729 360 363 810 587 570 -1 264 835 96 599 425 333 183 187 516 429 481 176 856 17 843 204 367 627 803 523 367 720 320 18 655 456 -1 734 778 985 541 465 196 -1 -1 735 896 392 376 22 998 8 32 969 639 616 71 999 691 -1 845 936 414 296 776 745 915 169 763 393 5 742 192 644 357 973 702 688 381 911
877 247 970 761 430 188 809 314 238 745 340 781 878 760 840 897 901 766 94 190 561 490 68 485 828 309 38 318 205 712 500 349 815 53 919 375 813 -1 338 869 676 487 567 945 548 256 912 219 240 755 -1 784 631 554 349 675 521 753 686 829 830 624 71 471 585 77 893 355 47 344 530 678 599 109 666 113 286 104 50 268 662 973 979 -1 713 363 908 407 436 970 155 652 310 275 671 510 570 332 220 279 877 990 242 378 170 830 835 560 267 509 403 716 783 392 300 477 -1 979 504 600 -1 288 500 123 315 272 129 750 -1 835 274 798 658 92 359 -1 719 930 373 719 427 -1 424 75 555 811 712 945 57 713 637 -1 674 256 427 881 266 218 313 157 388 109 651 916 428 366 515 942 874 987 124 87 -1 915 92 115 933 739 49 972 666 -1 640 517 18 353 784 45 281 797 280 351 -1 640 479 -1 288 63 655 969
47 159 247 437 981 -1 303 -1 918 323 350 141 480 559 138 388 4 108 608 320 208 152 956 895 849 728 133 643 403 773 847 98 8 -1 812 497 640 139 863 703 57 460 722 239 62 316 351 188 467 -1 570 230 347 184 82 -1 935 36 814 451 456 313 267 659 725 815 103 320 35 -1 118 136 334 649 235 800 560 854 613 562 2 32 219 320 793 547 202 188 155 -1 2 336 731 900 491 736 246 902 987 120 34 235 361 582 555 574 352 168 732 234 471 186 -1 248 138 48 203 115 229 611 974 64 639 423 -1 440 376 -1 114 596 540 507 468 864 472 41 169 560 945 357 811 526 916 893 378 13 387 50 713 209 297 208 229 756 196 -1 785 -1 209 366 506 868 -1 968 644 806 598 927 933 865 660 938 443 979 250 471 759 441 -1 662 416 571 510 -1 195 599 234 167 897 784 619 224 728 588 177 772 804 803 197 164
427 654 331 791 781 956 407 194 601 832 803 694 316 54 376 676 -1 953 947 84 739 866 857 252 878 680 -1 792 570 566 25 762 309 592 86 510 439 706 745 852 562 183 784 220 979 340 605 601 928 691 507 946 108 978 -1 262 -1 -1 167 497 236 557 406 371 324 939 467 -1 -1 650 866 819 53 274 722 139 338 483 204 -1 -1 652 137 168 35 169 335 717 78 72 746 912 835 795 710 854 476 805 623 381 571 -1 602 7 543 -1 764 696 500 331 370 -1 833 -1 823 772 699 -1 643 872 541 728 93 950 317 155 377 950 869 271 715 470 545 200 318 693 788 314 524 260 324 680 751 285 551 -1 149 813 934 218 523 328 238 953 856 678 691 616 858 36 985 783 629 476 511 147 608 397 106 578 792 18 235 172 201 750 27 793 128 358 485 421 918 510 159 682 848 342 158 834 875 460 551 294 810 991 237 874 755 -1
632 298 -1 -1 921 -1 293 -1 397 229 -1 901 985 843 907 818 199 -1 179 282 459 107 835 863 4 687 156 994 746 226 109 776 112 499 795 199 648 -1 335 389 320 870 100 15 530 815 221 143 315 895 448 665 155 178 -1 298 542 76 587 684 427 979 485 903 9 286 729 981 514 786 46 242 995 96 684 833 665 188 274 1000 613 752 620 581 442 572 -1 682 224 424 235 779 585 211 -1 125 978 748 731 529 723 200 85 213 867 431 647 196 987 991 973 790 667 897 799 264 853 -1 843 595 364 108 332 -1 188 627 -1 15 569 64 447 288 59 709 -1 810 13 681 163 418 890 53 816 28 767 364 223 722 834 780 690 -1 134 230 445 993 327 381 51 714 382 -1 125 557 560 178 -1 812 352 274 844 657 907 513 967 8 599 169 681 701 773 771 948 520 56 182 -1 948 -1 202 178 798 332 501 505 533 982 625 635 35
713 303 308 480 807 987 -1 917 291 292 924 337 208 67 -1 224 803 575 929 546 -1 937 -1 518 448 350 790 781 843 -1 433 650 482 105 975 486 312 450 956 45 -1 12 -1 453 10 500 696 681 493 720 319 233 336 912 -1 154 -1 917 622 990 722 490 93 809 899 225 888 530 948 105 -1 913 709 879 641 585 -1 161 -1 814 890 964 974 708 283 720 710 274 -1 307 883 549 272 946 832 630 401 -1 397 274 867 607 396 71 34 780 325 325 823 266 981 941 838 181 -1 426 317 699 935 24 989 721 173 988 406 453 74 740 353 570 -1 265 445 654 813 855 269 -1 635 841 308 875 791 -1 268 -1 323 507 87 882 377 155 614 748 -1 324 853 651 467 87 206 641 330 989 531 253 359 240 47 385 766 385 358 583 546 262 320 293 391 547 254 357 329 161 198 906 843 859 149 310 237 218 400 315 348 678 874 306 323 168
-1 362 443 506 223 751 188 343 666 502 562 410 38 36 945 656 931 366 57 27 479 755 67 770 538 662 997 400 592 243 787 607 515 691 265 282 65 707 420 600 319 453 65 346 509 725 351 -1 134 530 657 242 -1 762 635 -1 15 440 556 814 249 845 44 935 484 249 128 927 657 979 261 632 947 130 844 -1 907 -1 793 316 -1 378 37 528 521 839 625 931 347 412 45 392 730 895 220 181 184 577 101 539 829 496 344 527 -1 294 735 320 266 833 547 945 387 79 783 356 456 903 -1 868 554 -1 626 735 958 43 177 271 702 570 710 1000 226 12 946 174 -1 523 249 3 756 359 997 99 233 431 954 -1 -1 91 842 394 269 440 691 672 555 777 248 -1 11 704 -1 872 846 56 361 -1 270 96 -1 340 -1 932 29 588 482 -1 32 22 337 808 493 687 415 404 907 967 25 128 467 97 206 562 427 768 504 304 599 52
103 189 175 224 851 325 511 761 133 242 839 406 131 93 892 517 634 327 752 204 764 906 710 35 690 233 712 539 471 924 530 216 218 77 602 493 407 816 384 87 256 90 596 216 322 956 666 429 916 124 743 536 78 -1 984 639 929 973 798 47 54 550 535 186 322 947 683 771 893 690 670 849 217 792 -1 286 -1 127 740 899 28 774 834 916 307 617 431 228 357 181 890 21 542 437 -1 -1 441 332 357 127 822 -1 725 757 875 739 498 201 437 623 555 378 674 425 896 746 33 85 662 805 -1 744 17 198 661 877 463 475 440 273 173 418 833 171 825 752 282 205 219 539 742 744 308 453 747 703 465 362 507 673 449 -1 22 71 398 48 522 -1 219 559 276 -1 951 79 844 689 508 986 792 767 707 971 473 271 578 872 402 689 575 937 81 749 760 411 912 820 271 963 929 219 655 953 244 747 557 11 500 937 23 360
471 327 921 42 863 284 221 376 110 976 594 744 811 291 105 825 233 690 681 917 112 348 18 369 46 214 891 236 -1 570 281 -1 524 336 656 370 660 718 329 226 228 289 260 227 740 87 575 372 -1 678 74 50 871 132 766 149 207 943 65 123 643 714 858 200 514 889 198 387 404 494 790 786 929 794 957 464 342 313 868 403 419 11 341 678 827 -1 -1 39 243 386 565 529 780 931 996 258 472 923 292 826 30 728 625 570 -1 205 926 347 544 809 -1 171 -1 904 293 77 727 647 463 315 467 286 -1 296 482 318 371 410 370 130 262 553 286 587 201 189 289 230 658 754 910 828 660 -1 714 39 612 261 274 258 590 790 384 251 44 612 883 780 873 601 80 864 74 628 90 203 363 446 716 351 65 492 287 12 456 937 958 183 100 108 312 156 216 857 957 39 597 254 858 712 365 194 240 282 -1 24 475 323 457 271
751 312 551 316 179 715 468 867 231 400 463 101 671 877 960 512 316 995 724 415 190 532 725 200 85 369 610 -1 -1 689 248 723 944 180 332 513 78 57 47 49 757 184 785 196 218 947 -1 358 698 -1 396 203 996 235 350 841 597 562 456 558 332 441 976 911 910 338 986 466 714 677 951 533 389 246 440 462 468 235 727 687 -1 551 28 106 -1 184 600 823 955 424 552 315 675 419 2 505 652 632 992 -1 437 674 409 506 540 605 56 474 -1 948 -1 -1 -1 889 62 630 912 539 941 950 945 95 896 599 335 51 115 667 819 664 411 728 819 5 41 748 400 272 549 718 83 709 751 122 496 299 656 641 567 849 228 660 986 738 46 34 377 674 993 15 123 625 480 556 519 656 -1 -1 138 23 -1 243 146 192 669 902 555 885 28 831 653 33 369 923 513 292 863 422 552 156 141 607 -1 279 388 690 245 452 619 419
347 95 150 701 798 -1 328 330 -1 516 -1 572 164 -1 521 718 7 631 -1 399 820 151 249 236 441 313 423 370 5 870 724 780 583 689 410 3 644 325 673 658 258 396 431 513 509 548 616 506 214 602 152 511 -1 447 939 954 859 499 805 415 541 905 436 602 951 719 -1 498 457 783 22 730 812 549 861 437 652 914 370 734 970 633 355 585 -1 757 -1 530 744 999 651 400 88 693 -1 747 703 669 531 662 690 651 334 668 696 401 475 757 -1 827 2 543 -1 431 90 263 707 252 419 395 -1 169 911 94 161 372 472 442 672 629 120 420 965 256 985 694 833 -1 410 69 631 471 403 799 -1 411 597 -1 501 41 239 716 340 970 -1 -1 210 127 575 33 974 920 719 257 456 602 -1 672 531 931 509 854 355 876 758 726 364 -1 746 749 994 276 998 342 980 472 527 -1 827 873 44 707 505 752 670 406 618 31 579 112
808 906 60 879 514 794 610 916 476 211 -1 208 105 50 554 35 931 506 -1 586 468 496 930 194 166 574 830 190 390 142 773 532 992 78 770 267 172 87 420 988 218 130 968 807 946 154 302 261 866 -1 836 19 136 738 955 -1 963 769 437 375 988 513 -1 845 78 388 -1 895 690 214 -1 884 421 444 696 440 748 600 148 671 409 857 591 188 460 292 781 -1 531 -1 168 -1 424 979 614 257 614 395 613 944 385 839 443 491 479 410 292 696 149 970 686 195 936 937 474 385 182 -1 895 -1 873 314 440 93 119 251 166 377 718 624 209 385 -1 -1 567 857 511 303 -1 872 217 310 775 88 369 35 -1 587 733 654 809 311 287 288 590 299 491 945 151 612 913 874 640 803 753 464 568 977 139 704 68 131 579 587 360 381 55 705 35 214 6 217 219 81 -1 919 346 793 815 354 140 165 816 211 419 123 115 778 601 64
739 218 760 386 125 370 732 -1 277 -1 866 572 466 298 363 473 158 592 588 -1 788 493 545 799 313 50 298 631 560 -1 249 867 953 368 513 680 741 995 238 677 900 169 264 443 319 967 -1 340 912 731 219 951 467 570 397 878 394 455 794 495 427 98 744 764 329 148 323 708 61 72 933 779 14 388 699 706 743 706 889 646 762 629 266 900 484 66 160 674 548 30 563 -1 163 125 347 944 933 -1 699 249 692 -1 983 964 271 841 730 874 28 359 997 569 627 86 201 655 709 130 290 68 564 726 531 641 437 931 405 75 182 911 -1 997 793 314 533 407 830 851 719 709 940 54 464 670 367 -1 765 827 838 154 838 56 256 76 440 782 610 44 -1 -1 443 709 887 -1 753 955 114 700 482 572 159 190 15 454 530 656 835 190 242 -1 769 653 74 40 253 642 897 970 -1 270 474 868 787 951 3 -1 877 975 95 414
161 526 516 57 132 669 335 384 624 510 146 985 505 947 702 506 242 407 394 267 650 18 492 828 -1 449 -1 991 63 -1 324 917 100 -1 437 856 588 554 626 29 -1 267 623 491 509 891 583 6 485 775 624 88 581 28 324 101 463 864 879 555 -1 -1 37 238 318 814 -1 84 -1 32 896 826 808 360 613 201 904 717 239 993 681 825 497 -1 132 571 344 329 558 120 628 -1 814 337 936 642 924 -1 802 409 504 334 419 182 35 456 306 149 490 618 555 18 451 134 621 910 -1 606 739 703 893 146 213 930 879 914 906 -1 418 158 -1 40 971 784 749 25 675 79 896 849 621 30 -1 302 871 527 782 645 414 460 610 824 645 859 795 960 -1 874 21 39 811 -1 471 392 754 564 684 382 291 882 494 453 119 453 666 811 203 665 546 156 417 695 648 -1 120 669 32 746 291 294 820 186 750 823 667 211 500 973 739 617
394 87 -1 977 496 461 366 348 539 90 516 556 655 252 69 989 807 914 132 152 821 -1 398 601 707 497 889 -1 693 377 400 -1 290 485 492 967 127 568 845 581 101 693 239 866 203 772 898 628 429 24 349 160 567 94 264 482 490 208 -1 555 106 554 733 382 471 117 507 120 931 424 403 700 706 171 528 624 192 567 -1 762 322 206 146 603 788 -1 -1 349 -1 406 611 596 140 271 -1 333 321 461 701 -1 689 95 -1 282 678 234 586 624 542 924 191 969 246 302 90 881 780 543 266 962 780 600 460 968 968 946 -1 712 115 396 109 280 331 125 771 404 -1 560 29 483 876 141 586 238 -1 737 115 741 697 3 930 505 806 721 297 857 126 133 -1 953 166 441 -1 434 -1 490 940 155 209 225 52 -1 993 202 830 834 571 174 56 701 395 829 686 700 544 730 864 138 501 842 9 904 999 403 584 253 -1 928 630 475
590 383 299 727 645 813 477 428 961 788 239 879 444 -1 255 442 842 -1 509 391 961 -1 292 430 478 39 659 748 19 -1 29 -1 281 983 659 585 706 479 255 724 213 624 272 302 945 861 164 586 597 898 964 73 332 602 847 193 556 526 560 209 854 126 710 263 509 40 141 200 27 508 547 705 595 992 7 807 280 826 994 442 511 435 533 211 450 539 346 854 3 785 428 17 126 955 -1 56 788 700 887 686 401 38 -1 536 329 697 568 539 -1 327 653 541 34 461 168 415 356 670 952 771 -1 92 208 584 39 555 807 160 80 967 382 288 723 14 -1 307 -1 726 922 825 20 236 934 863 507 260 186 985 846 444 936 730 305 -1 407 418 860 41 270 -1 252 697 464 473 428 61 974 562 397 -1 412 153 397 781 636 187 64 419 220 290 874 462 903 -1 894 -1 244 88 -1 166 135 579 -1 647 -1 898 1 447 306 315
46 121 564 316 389 387 492 731 898 808 697 366 73 694 552 783 301 753 -1 12 958 -1 576 94 925 788 -1 229 930 959 949 197 182 414 847 353 482 172 10 77 932 262 234 502 944 885 109 324 142 953 917 31 477 343 582 794 310 332 992 19 213 72 878 999 96 637 307 -1 4 625 919 714 135 199 454 -1 478 762 739 803 691 816 1 135 417 195 540 869 585 285 576 666 777 589 278 529 374 133 -1 554 455 915 198 961 190 208 773 719 44 359 404 837 506 52 -1 155 829 244 707 -1 114 207 -1 478 590 887 788 938 524 739 -1 472 625 914 975 169 717 89 772 922 316 749 157 440 199 29 71 -1 637 135 730 49 600 782 70 579 293 552 380 -1 896 848 770 67 502 574 668 500 117 -1 104 112 777 567 557 703 -1 823 780 -1 143 441 104 818 454 15 432 997 539 155 207 960 84 641 623 71 966 245 629 810
-1 -1 987 607 785 627 910 -1 862 399 43 -1 963 450 687 209 492 409 939 518 346 609 989 214 468 -1 973 753 743 852 194 878 869 450 586 367 316 389 227 923 -1 991 298 -1 408 38 31 -1 -1 157 -1 460 512 101 895 468 -1 306 739 524 972 393 18 37 454 174 781 969 700 -1 289 828 357 810 898 703 96 516 287 531 210 -1 328 338 487 939 23 19 881 114 224 138 -1 324 15 785 805 322 324 630 868 810 981 982 448 828 358 649 513 451 465 238 454 829 478 904 885 434 60 500 28 101 623 40 676 -1 325 936 -1 539 851 579 944 397 695 150 -1 107 -1 741 203 712 259 836 436 347 438 725 968 937 325 780 157 466 22 775 520 460 38 421 785 685 846 32 276 423 621 858 578 -1 450 697 735 933 327 81 355 549 228 616 -1 398 754 -1 497 330 -1 258 -1 948 238 406 320 89 85 90 61 396 587 -1
680 81 150 475 118 -1 44 666 613 -1 -1 760 631 764 652 919 786 601 -1 667 -1 213 -1 929 739 920 516 411 332 728 959 729 -1 61 60 866 38 292 -1 797 594 771 616 31 869 738 631 -1 809 661 615 143 555 912 382 879 552 632 305 230 986 660 -1 851 644 171 566 944 387 -1 315 527 -1 763 -1 80 543 428 807 423 -1 34 974 -1 623 597 553 145 658 861 219 576 834 325 733 149 841 2 427 501 -1 187 112 219 361 266 666 768 966 833 469 742 910 -1 770 299 768 -1 51 842 460 -1 384 686 -1 237 491 514 173 801 13 214 510 165 848 427 635 60 15 37 145 227 -1 563 24 821 647 814 278 381 808 779 524 698 619 768 -1 15 558 413 720 836 786 310 -1 462 967 178 809 -1 800 484 800 970 571 68 954 229 -1 747 410 573 909 973 998 849 858 106 -1 905 710 -1 720 846 321 717 249 263 50 286
508 -1 124 495 922 613 482 723 856 993 254 478 353 134 743 839 542 18 171 417 942 542 125 -1 703 704 77 80 215 143 447 906 844 795 98 595 238 -1 620 330 504 719 242 8 305 464 917 52 364 578 931 458 628 819 -1 62 912 655 -1 113 63 463 606 125 10 524 981 457 662 746 822 -1 738 -1 982 597 -1 108 137 712 606 761 485 90 -1 -1 16 296 811 491 505 142 696 22 224 703 -1 455 603 919 683 -1 532 937 953 474 342 484 601 940 551 598 99 164 68 -1 255 23 61 106 320 611 556 343 322 681 261 773 168 -1 150 430 715 436 162 -1 964 919 736 795 45 413 972 643 282 224 913 692 584 252 291 211 -1 272 916 389 114 549 614 615 -1 776 927 827 849 826 477 136 647 268 143 260 662 257 918 673 42 244 29 -1 581 -1 471 399 685 79 286 749 405 -1 902 701 -1 770 446 -1 883 160 927 518
724 970 501 202 20 393 -1 168 895 580 6 391 909 560 697 345 799 685 431 689 852 575 634 856 376 456 -1 824 402 -1 737 602 6 229 792 73 777 -1 800 1 386 599 63 684 392 99 826 55 557 523 594 946 189 106 898 -1 625 943 824 869 118 663 263 103 1000 187 327 208 607 622 -1 837 740 67 980 892 628 849 684 790 56 515 136 294 883 -1 429 223 -1 858 351 741 95 236 663 821 573 -1 -1 95 815 493 354 861 408 91 751 459 -1 -1 730 844 131 969 17 61 997 983 478 610 966 480 159 483 787 458 -1 555 421 367 383 728 759 961 809 295 288 699 56 -1 450 413 202 524 199 166 732 808 738 535 464 728 -1 482 949 267 126 -1 824 -1 148 256 944 436 526 679 815 195 693 377 522 640 419 784 528 184 915 22 697 90 848 614 194 529 360 531 649 46 594 -1 251 317 394 617 652 326 965 454 278 234
-1 446 476 385 794 215 669 650 863 -1 117 625 156 200 550 823 965 986 980 289 609 467 469 97 -1 216 868 266 448 -1 320 538 429 -1 848 617 401 483 625 861 430 253 532 589 78 945 385 386 486 899 515 553 67 326 81 862 184 586 592 655 432 445 722 704 -1 627 -1 980 834 483 766 44 60 435 -1 368 341 293 593 549 873 999 468 834 210 366 589 703 738 767 979 68 841 343 312 249 363 691 140 823 220 378 -1 -1 614 622 761 342 352 885 16 441 988 306 611 248 -1 616 -1 208 847 393 178 908 331 961 349 516 310 67 501 762 571 -1 848 692 360 337 -1 295 786 430 290 664 323 363 709 637 547 279 988 443 587 -1 232 398 256 529 672 -1 860 649 896 -1 83 383 331 -1 569 715 69 67 307 889 20 257 -1 -1 95 828 817 358 -1 700 624 546 -1 631 44 253 223 279 743 -1 814 486 402 157 593 -1
945 603 46 973 733 316 -1 65 582 601 469 179 956 310 307 450 -1 915 172 37 703 778 529 142 9 266 364 46 993 653 311 815 313 436 525 873 176 550 833 720 410 785 398 612 718 83 744 900 543 971 537 309 -1 995 233 -1 499 64 89 909 876 789 736 -1 143 -1 -1 967 488 99 981 495 392 566 204 618 107 233 905 900 486 461 -1 434 345 762 217 70 973 552 -1 380 899 389 -1 764 -1 157 511 546 81 525 526 96 717 -1 439 547 993 481 23 624 258 757 183 99 268 288 788 788 -1 447 459 549 -1 90 402 28 227 86 372 782 117 734 740 109 824 530 100 746 359 346 165 930 -1 441 739 693 -1 542 6 770 -1 271 112 107 924 444 501 336 652 721 81 459 664 280 147 388 357 296 270 498 795 898 973 467 434 568 158 60 241 179 524 567 589 -1 76 261 963 -1 988 189 94 967 -1 741 911 284 942 -1
832 -1 259 447 21 838 942 845 -1 757 459 930 145 281 614 -1 43 822 871 108 251 216 856 326 284 270 240 335 200 44 243 283 517 395 489 2 792 616 244 21 302 533 598 -1 221 462 575 735 334 155 443 133 208 729 928 -1 263 555 963 100 314 172 923 90 858 736 83 277 -1 757 921 748 547 992 195 875 959 838 734 604 52 477 -1 371 706 547 894 949 688 589 507 288 603 835 837 341 203 759 959 39 426 871 431 403 39 984 442 710 647 792 227 714 47 84 506 361 341 -1 364 594 595 725 789 469 608 82 645 -1 959 593 498 654 123 573 565 -1 -1 841 30 870 995 896 932 404 983 14 165 16 562 611 26 381 242 704 280 531 535 847 906 206 381 103 929 -1 314 561 134 894 397 488 650 474 852 459 364 110 366 369 158 779 517 742 438 498 169 822 84 699 -1 437 171 665 318 216 656 637 200 233 688 246
782 621 -1 154 672 763 938 31 135 -1 -1 -1 246 266 31 992 699 790 963 151 649 2 -1 497 489 741 463 59 107 546 152 -1 74 649 -1 938 460 323 171 -1 799 876 905 904 684 340 847 554 392 897 279 971 211 600 813 780 900 174 587 707 563 560 39 936 524 721 482 132 15 396 170 648 26 827 -1 939 346 970 388 145 -1 915 987 722 573 388 645 752 -1 461 140 326 610 901 -1 60 2 -1 671 897 893 552 547 684 255 790 800 -1 264 593 465 572 925 686 512 221 319 210 881 831 113 189 235 692 643 493 378 171 834 413 352 971 132 14 55 8 222 675 798 -1 582 818 176 848 539 798 605 993 261 251 610 679 875 541 636 773 733 127 52 588 943 119 212 195 524 -1 281 521 467 738 322 718 285 523 947 14 909 171 795 975 131 374 422 260 479 465 538 -1 1000 288 660 667 963 343 219 855 164 -1 284 429
681 -1 438 239 861 660 386 785 -1 -1 73 166 -1 105 661 574 779 379 657 315 709 577 829 221 580 41 658 701 612 155 490 69 876 978 687 266 22 963 482 34 846 930 523 562 615 553 17 35 301 -1 663 462 863 850 259 512 813 362 423 231 37 156 183 301 499 -1 -1 -1 -1 263 982 116 -1 120 167 70 -1 764 305 419 -1 649 160 -1 275 325 619 763 323 428 177 307 282 862 228 291 730 304 432 457 629 900 -1 -1 31 947 252 795 662 557 512 895 17 273 646 178 62 226 -1 647 -1 488 -1 703 110 428 248 691 803 924 143 235 595 335 355 650 -1 181 778 520 722 898 690 262 -1 -1 335 174 326 815 157 385 625 273 -1 185 731 343 367 692 384 474 36 909 507 499 203 28 73 981 -1 193 -1 370 -1 -1 64 339 674 954 994 85 -1 59 -1 988 624 237 886 -1 -1 938 98 741 671 983 783 738 -1 887
260 388 527 103 951 933 636 815 536 342 344 -1 -1 922 -1 999 554 144 289 -1 487 226 926 137 202 515 172 225 839 245 869 646 655 422 860 93 808 851 -1 590 217 -1 -1 574 990 74 398 325 855 783 998 815 447 798 859 984 999 82 12 423 646 76 -1 -1 561 862 521 93 850 316 -1 26 162 264 344 720 170 449 390 -1 901 -1 317 714 634 -1 4 366 608 -1 505 781 314 -1 -1 829 547 987 851 721 26 158 589 374 236 255 17 612 821 857 -1 785 764 -1 480 236 -1 239 451 805 318 865 977 614 76 910 222 169 383 598 498 888 552 861 -1 575 742 221 566 -1 490 467 -1 760 986 681 93 864 560 665 218 -1 991 196 145 768 -1 -1 679 851 791 472 196 531 920 222 921 11 815 203 738 98 -1 944 942 -1 353 774 629 832 209 559 268 807 12 388 229 -1 -1 638 3 -1 426 255 911 126 821 172 61 990
295 663 662 643 352 643 143 62 445 178 116 161 829 552 366 737 811 747 287 281 872 26 157 737 102 230 580 171 535 47 283 508 681 896 744 945 377 735 283 511 158 539 26 455 616 235 861 -1 188 428 191 621 723 905 479 -1 986 -1 270 517 -1 -1 510 -1 518 138 -1 339 141 68 -1 611 409 -1 627 837 388 846 492 790 23 275 59 -1 872 999 227 51 981 744 450 372 -1 792 731 404 -1 137 825 529 977 367 922 677 384 794 564 774 385 795 -1 -1 299 48 794 40 485 875 817 969 -1 457 673 51 491 -1 280 355 273 569 388 643 832 966 221 317 231 641 824 965 941 -1 961 6 860 393 192 43 747 463 79 10 -1 985 666 799 285 729 503 847 697 918 -1 219 422 80 209 58 274 601 93 942 683 786 -1 521 235 311 -1 103 947 409 408 881 329 514 -1 758 500 620 561 -1 192 353 198 269 623 228 316 870
184 -1 239 864 313 -1 168 897 981 357 284 157 -1 574 155 25 870 381 631 463 47 177 597 187 891 106 260 333 -1 875 468 458 963 -1 936 648 937 803 634 56 717 239 208 268 237 896 735 -1 307 169 224 439 358 -1 138 187 26 429 49 847 582 583 906 663 739 617 578 940 783 961 -1 848 863 921 195 537 504 -1 929 768 252 174 519 354 -1 272 832 923 188 -1 662 243 673 906 775 745 -1 578 -1 485 32 875 571 874 76 187 167 550 657 725 791 861 420 721 2 293 25 944 227 910 620 161 471 584 407 -1 490 605 304 679 967 236 76 711 762 588 975 659 824 -1 366 62 900 107 780 -1 728 362 324 473 226 758 -1 181 821 465 260 711 988 618 11 951 600 852 584 736 746 389 588 208 831 995 680 979 882 644 929 781 468 415 463 167 -1 -1 385 316 774 576 900 -1 987 516 123 171 744 732 867 183 823 690
773 11 986 845 196 931 472 819 136 242 689 981 467 185 938 438 340 705 -1 599 147 150 295 78 389 246 837 -1 107 345 -1 847 106 -1 617 701 693 565 900 906 374 81 474 516 464 12 679 369 412 -1 159 40 214 832 157 853 956 867 549 765 344 916 763 903 601 166 705 554 183 736 435 590 704 810 213 541 716 578 531 387 149 598 248 212 768 937 73 -1 -1 92 845 107 162 718 63 960 33 862 315 360 213 67 63 424 100 702 665 281 860 478 882 600 -1 350 131 -1 381 268 668 618 75 751 180 -1 -1 779 711 348 702 103 289 -1 455 361 731 854 695 -1 148 169 654 583 608 423 137 375 298 553 176 758 63 434 25 562 972 324 681 -1 -1 134 226 355 319 139 857 264 844 34 810 585 96 725 103 48 330 572 738 15 -1 416 222 731 573 776 818 892 -1 402 396 -1 -1 23 612 -1 566 -1 967 224 694 -1
579 378 71 -1 972 248 206 977 685 394 492 968 159 939 -1 117 346 227 545 -1 775 91 196 873 355 631 733 -1 708 452 42 366 946 277 854 41 389 337 108 904 5 -1 448 611 794 -1 -1 921 223 462 965 509 250 190 693 136 208 774 102 697 469 230 905 890 812 226 486 814 48 26 883 655 12 504 137 655 144 126 477 118 464 132 9 940 -1 420 776 267 479 832 472 210 994 15 331 587 667 93 413 22 -1 427 190 779 908 590 191 601 832 424 525 201 362 611 590 -1 270 600 601 -1 549 979 848 816 438 25 242 726 322 150 508 600 853 -1 508 349 618 -1 582 812 911 -1 272 -1 217 532 364 933 -1 224 103 28 626 297 660 707 182 112 836 989 913 167 810 260 23 432 891 395 920 611 101 442 625 331 41 96 372 36 998 234 662 140 858 548 111 563 -1 923 -1 568 846 30 629 863 517 23 910 71 301 758
827 453 703 -1 765 752 106 -1 747 -1 669 954 339 -1 910 996 384 486 129 374 499 21 430 649 451 453 -1 583 -1 548 627 408 -1 689 313 555 941 857 731 657 716 910 887 524 688 896 357 595 901 -1 528 704 917 801 196 845 718 914 637 644 26 732 530 997 600 -1 449 653 173 78 857 321 -1 109 121 743 120 427 614 223 762 37 806 724 448 872 462 414 954 108 807 98 -1 696 162 -1 938 716 397 705 132 68 496 713 740 774 884 535 373 916 814 202 230 72 621 352 357 765 -1 -1 468 151 487 989 372 846 345 114 409 448 263 86 554 125 818 119 -1 -1 33 807 26 531 100 392 473 628 251 251 22 137 913 -1 704 121 255 653 -1 309 -1 843 102 686 728 805 -1 115 473 927 986 364 252 -1 -1 274 -1 489 853 620 62 829 231 1 -1 1 153 918 808 52 37 663 228 421 -1 888 945 367 883 975 -1 163
-1 803 298 539 758 424 668 97 520 851 182 317 598 238 420 350 813 56 303 794 140 915 -1 198 909 -1 944 422 457 906 736 -1 749 652 208 -1 -1 969 484 588 525 765 985 242 383 332 778 680 18 443 508 161 685 820 247 71 877 928 -1 170 225 675 548 355 270 121 318 96 397 83 864 411 833 705 -1 315 946 419 -1 603 52 373 510 436 77 107 375 875 116 101 813 639 288 688 44 321 -1 262 378 887 731 613 224 309 222 232 951 -1 904 605 237 848 916 850 60 797 175 886 701 178 590 354 227 482 249 516 76 847 404 822 500 96 958 755 644 -1 785 718 910 99 100 755 970 883 378 450 359 640 726 111 447 630 811 -1 108 128 114 651 749 267 343 655 214 603 255 694 156 930 840 546 271 -1 449 674 347 983 -1 59 118 253 464 1 539 235 -1 441 -1 145 -1 776 689 986 144 658 237 792 875 673 675 444
59 27 586 445 961 459 700 621 721 297 917 153 367 222 348 400 398 512 690 574 14 593 833 461 162 498 805 513 -1 549 115 40 620 901 771 472 -1 162 -1 287 209 684 779 730 123 665 677 84 -1 303 494 965 -1 247 -1 552 -1 -1 418 98 767 320 398 -1 410 745 686 550 131 810 279 148 857 620 362 934 224 213 788 -1 99 817 897 797 671 856 -1 897 674 313 592 257 135 603 -1 95 256 970 135 326 747 826 419 618 879 -1 816 3 673 460 645 995 -1 591 761 242 760 113 961 660 490 126 263 365 1 440 980 597 36 629 578 687 542 645 956 -1 -1 539 749 423 957 -1 997 218 584 212 742 126 123 -1 287 602 641 522 845 876 39 869 943 141 467 219 13 838 470 273 266 73 509 493 806 378 885 745 948 422 153 335 -1 516 795 451 681 310 454 937 338 930 624 381 591 429 473 81 -1 435 740 268 138 998
868 797 367 48 227 521 773 609 775 12 -1 680 579 -1 157 548 334 598 -1 165 494 753 -1 268 84 977 371 299 315 950 902 68 540 449 458 111 746 293 337 128 651 396 -1 58 149 179 687 379 512 -1 161 671 356 742 -1 -1 199 531 247 521 6 768 96 -1 983 299 983 544 49 464 502 167 99 805 269 60 586 996 -1 -1 147 182 683 223 966 742 115 681 453 67 42 466 -1 -1 484 819 359 939 836 446 652 876 963 50 25 730 186 -1 796 279 210 710 303 888 646 -1 351 895 400 456 114 980 969 -1 889 -1 719 134 938 726 301 229 179 253 852 350 696 541 868 5 392 404 593 107 816 540 574 498 194 19 182 582 937 305 680 629 522 -1 117 508 674 475 60 407 59 486 656 287 133 -1 -1 414 727 287 969 951 17 880 729 130 188 -1 742 352 872 238 695 189 962 873 86 35 771 364 345 739 -1 36 498 969
952 238 673 -1 942 725 711 770 407 583 828 795 -1 493 423 222 717 958 314 273 159 -1 360 645 161 856 520 527 853 103 479 532 901 893 -1 215 65 123 515 403 181 838 904 -1 -1 89 708 223 959 69 798 599 407 -1 876 594 430 605 833 153 890 705 564 336 -1 906 966 781 214 196 968 529 553 698 698 402 993 580 575 835 -1 989 155 955 73 921 257 667 -1 531 855 -1 885 170 971 746 786 939 767 789 412 -1 211 128 627 25 233 906 -1 253 606 86 -1 951 793 283 29 802 463 155 923 -1 79 728 457 948 958 209 752 752 536 963 335 78 221 -1 928 36 329 479 872 -1 98 393 580 378 250 659 608 924 188 554 -1 169 87 246 -1 315 749 334 70 567 -1 -1 536 110 445 -1 407 405 -1 958 615 446 676 551 864 -1 652 -1 148 732 142 600 856 162 -1 482 108 199 837 981 496 -1 626 178 647 796 564 368
463 329 29 59 850 143 886 185 494 988 230 863 293 187 774 843 528 772 953 74 492 764 557 486 -1 490 77 446 194 707 338 392 861 668 554 308 182 755 13 683 -1 36 938 259 -1 103 25 449 -1 955 693 963 430 434 996 632 153 -1 773 919 727 577 656 592 377 601 538 973 335 123 463 487 -1 842 515 601 893 519 -1 47 -1 464 -1 846 736 453 181 974 -1 972 537 524 145 240 661 923 474 336 290 659 120 109 410 308 -1 76 214 484 972 455 270 275 700 429 661 615 866 539 133 -1 458 763 891 194 809 784 846 426 629 129 691 217 169 398 228 55 -1 686 745 197 183 626 801 -1 536 305 573 223 133 386 136 230 66 -1 -1 -1 -1 406 566 189 382 313 547 883 714 229 427 537 796 708 -1 906 939 -1 398 499 647 431 512 826 28 610 828 318 631 762 268 567 534 717 -1 898 516 87 -1 799 805 460 -1 375
1 606 600 -1 738 881 107 -1 776 380 321 717 897 -1 215 57 547 938 489 505 572 259 139 -1 611 805 773 814 306 -1 -1 983 442 872 407 875 514 792 599 706 967 758 300 60 230 772 379 500 232 904 238 912 954 88 626 531 897 872 715 25 80 722 678 336 -1 251 277 160 101 888 688 523 196 509 367 727 376 -1 402 869 122 938 186 840 242 428 -1 987 870 973 959 875 693 885 817 880 152 435 861 46 99 659 530 772 243 140 -1 787 205 914 571 -1 321 -1 154 235 -1 524 548 791 661 902 760 -1 481 115 277 940 376 210 373 576 522 639 338 194 856 344 -1 522 246 429 840 -1 463 -1 809 617 82 85 71 -1 779 536 714 -1 574 752 692 82 557 277 312 -1 -1 58 714 264 549 781 522 552 237 678 638 629 879 508 989 617 978 560 663 164 541 78 980 450 691 634 675 604 124 236 890 34 741 113 923 165
985 609 450 79 753 785 482 919 250 512 -1 503 486 887 445 265 374 590 603 350 1 314 871 282 809 510 801 215 864 -1 -1 475 243 170 595 -1 -1 967 880 893 -1 272 831 519 280 962 175 862 150 578 295 863 -1 623 393 -1 150 -1 459 491 110 14 870 236 521 747 412 787 -1 -1 -1 -1 272 -1 538 369 881 -1 632 130 337 -1 137 -1 850 824 568 225 380 923 856 -1 960 598 5 743 906 875 857 551 348 -1 -1 852 378 63 319 603 534 361 466 865 384 181 538 72 204 855 246 878 387 729 -1 529 380 -1 935 111 175 301 450 976 17 525 173 664 -1 489 302 666 566 -1 181 -1 112 -1 21 668 574 308 465 788 636 382 -1 775 720 542 174 891 906 514 -1 327 675 766 975 921 662 19 398 534 779 943 437 771 179 705 478 577 -1 688 717 -1 313 883 188 898 631 63 -1 393 518 812 322 196 619 622 997 232
559 193 850 631 630 -1 740 427 546 280 262 574 672 1 648 670 827 717 424 966 440 813 717 714 983 743 365 487 -1 223 -1 510 686 688 392 797 44 530 720 46 82 960 894 77 596 324 -1 295 371 37 26 865 938 425 526 907 972 742 961 804 -1 671 995 -1 719 870 345 283 137 203 552 831 191 410 382 311 113 368 446 228 835 260 217 82 680 -1 478 558 976 635 891 712 -1 545 -1 241 392 885 542 849 303 209 562 486 -1 683 816 976 398 52 140 660 381 467 501 -1 112 7 820 215 365 -1 112 323 810 865 595 240 329 464 460 697 31 -1 239 985 44 671 -1 216 936 145 48 847 286 859 708 632 -1 396 323 323 834 289 404 43 53 255 361 501 341 509 829 215 695 695 464 242 -1 310 -1 415 839 533 824 386 210 770 543 470 488 113 486 649 662 931 870 -1 11 350 325 -1 391 339 988 653 530 -1 -1 -1
322 199 716 699 -1 13 142 885 942 29 444 62 536 -1 584 530 -1 184 654 456 363 465 316 944 975 -1 686 89 368 966 201 -1 846 930 721 925 -1 269 719 707 152 927 461 436 307 -1 -1 488 996 -1 362 908 374 168 903 795 857 738 681 150 591 871 76 469 761 768 744 504 -1 700 254 529 248 -1 581 285 137 -1 343 972 860 832 216 893 970 595 -1 743 52 68 798 29 937 -1 790 759 161 599 274 481 256 -1 141 422 168 790 650 91 964 590 -1 984 226 207 533 831 78 143 927 19 874 262 897 816 532 941 241 965 922 18 -1 680 249 766 942 140 596 888 -1 -1 13 -1 948 -1 160 760 350 463 198 647 568 633 104 150 -1 194 892 549 625 513 988 53 603 207 211 372 385 290 664 156 630 -1 954 493 -1 13 498 663 718 331 823 904 767 323 470 395 304 424 92 242 622 903 712 483 855 -1 486 848 255 472
534 887 40 363 546 325 -1 976 115 130 266 573 -1 603 495 -1 806 633 357 250 111 -1 -1 591 865 60 711 -1 180 820 386 -1 -1 -1 -1 403 610 546 412 794 784 722 -1 476 189 232 997 757 686 328 117 617 44 859 -1 453 -1 414 559 547 909 821 254 737 157 285 633 16 949 209 898 54 -1 369 490 698 553 591 472 790 277 -1 207 174 784 403 177 959 857 961 771 750 712 891 613 349 145 405 332 86 202 786 953 690 813 687 710 287 108 800 998 1000 987 408 654 245 779 56 132 233 713 790 127 243 201 390 222 114 13 340 829 569 411 659 156 138 198 505 917 591 382 705 -1 361 373 580 702 234 119 7 -1 513 -1 323 185 -1 609 691 247 894 631 182 -1 718 704 910 936 841 616 689 793 314 -1 289 -1 212 318 12 70 771 277 -1 370 199 334 775 181 201 807 274 -1 477 537 839 299 -1 849 358 637 195
520 191 634 272 384 238 740 297 63 187 369 349 439 468 993 555 178 228 269 802 105 418 117 69 361 -1 118 619 866 642 235 470 604 809 507 209 332 440 797 830 -1 642 245 288 415 975 474 461 52 303 304 850 642 226 -1 444 -1 516 -1 -1 518 228 -1 316 11 221 -1 504 238 153 513 42 257 637 600 -1 569 52 -1 611 309 992 264 31 157 366 308 677 43 -1 400 657 374 743 320 5 477 336 225 715 2 900 548 270 671 436 171 833 110 171 752 410 -1 413 366 -1 1000 393 435 720 752 578 717 241 -1 561 747 782 360 525 -1 561 671 976 580 754 478 539 469 729 628 890 341 377 95 559 629 677 714 655 509 567 335 897 115 548 23 252 914 -1 -1 670 877 96 987 554 783 849 272 -1 420 841 924 42 703 905 883 27 -1 789 34 116 -1 30 140 -1 786 617 -1 848 434 829 -1 602 86 462 931 58 29 143
5 588 500 448 416 -1 781 68 252 1 466 -1 326 -1 829 678 57 447 907 612 870 538 523 105 265 65 391 94 -1 990 138 970 205 55 244 739 254 918 25 460 776 395 -1 825 896 585 485 708 471 219 525 682 735 699 401 114 292 172 793 743 60 348 936 296 152 658 911 159 883 266 943 399 -1 771 616 710 97 850 701 981 32 215 -1 645 809 -1 158 764 850 847 818 326 255 876 -1 935 198 611 324 113 824 -1 555 -1 -1 531 944 756 175 548 179 614 -1 308 490 52 781 907 121 565 366 960 538 585 391 223 360 467 338 865 925 514 -1 109 557 -1 680 601 256 529 428 292 140 75 117 109 459 138 525 472 748 358 431 3 -1 136 266 399 567 203 527 838 51 745 644 580 408 497 80 -1 171 116 819 20 264 862 -1 983 441 351 437 184 744 -1 821 186 546 110 907 756 996 842 402 200 -1 876 314 -1 692 417
157 306 518 922 531 664 -1 144 125 904 477 345 310 313 780 -1 406 909 -1 366 639 269 932 81 -1 542 -1 85 792 217 288 -1 -1 301 282 447 765 -1 461 815 -1 -1 16 118 600 851 540 622 12 341 649 171 162 320 108 949 403 943 81 8 648 53 828 679 158 436 -1 500 632 411 -1 601 191 785 91 861 347 585 858 376 33 749 105 437 833 7 957 345 562 36 784 288 446 729 469 599 -1 273 -1 42 732 909 141 441 322 246 574 981 368 743 823 74 478 971 -1 466 509 -1 545 6 319 540 344 594 477 602 800 818 315 229 646 67 857 455 836 627 -1 923 340 474 104 304 136 823 16 771 377 892 342 546 537 577 261 527 112 593 160 88 187 622 332 28 18 283 -1 300 984 140 328 19 441 477 182 836 665 344 158 171 291 88 829 628 863 767 181 721 507 362 -1 95 456 -1 874 433 645 172 792 788 197 614
196 -1 841 850 -1 815 203 464 745 911 592 668 476 844 -1 506 501 505 604 557 824 410 524 402 -1 336 877 935 536 216 -1 965 226 -1 799 674 370 358 647 976 474 371 906 -1 896 299 525 120 18 534 649 -1 263 912 273 759 -1 -1 502 553 595 283 109 552 -1 63 798 196 126 355 706 132 901 779 801 737 228 76 419 41 209 416 521 789 638 366 949 241 861 191 255 727 -1 230 287 -1 628 -1 625 875 96 529 177 566 758 693 -1 620 -1 741 456 572 -1 14 853 292 219 611 178 -1 447 131 -1 492 749 664 904 993 483 187 941 160 105 -1 18 469 475 -1 -1 64 349 595 794 15 616 30 118 -1 198 618 830 632 194 252 943 -1 948 199 633 -1 -1 263 700 144 277 116 897 933 668 478 550 577 -1 365 843 721 -1 211 453 263 652 289 541 791 644 189 578 84 -1 644 -1 470 528 178 542 442 464 752 -1 384
858 937 321 587 656 -1 -1 242 373 -1 899 436 431 673 -1 383 661 567 115 520 447 392 880 847 422 948 731 612 479 331 880 591 151 709 315 -1 78 627 927 422 804 900 400 970 566 396 971 417 133 55 726 939 614 175 475 13 894 857 818 798 4 310 144 460 914 193 596 578 867 887 715 -1 252 702 968 92 348 867 -1 102 112 449 126 994 288 447 492 592 606 537 625 891 432 447 917 443 706 997 400 578 150 341 971 233 250 6 340 -1 342 780 990 375 599 207 388 119 697 -1 705 473 577 622 585 -1 746 534 734 286 516 798 721 500 999 677 453 39 767 480 779 829 616 -1 426 708 809 661 203 -1 426 -1 98 44 986 929 171 922 -1 962 250 746 530 -1 67 855 972 358 107 544 813 526 64 362 826 189 678 919 708 388 123 425 841 874 979 875 685 13 576 833 508 710 199 457 475 510 926 -1 29 944 941 67
926 779 881 996 984 46 25 959 138 51 120 839 -1 100 296 913 -1 90 882 678 607 355 217 -1 525 90 904 -1 270 985 84 414 694 227 780 865 759 135 32 659 358 155 405 114 424 36 915 60 606 139 308 494 659 279 221 361 115 692 854 981 342 945 785 472 264 97 661 619 488 49 502 142 119 666 677 896 -1 -1 64 553 14 203 781 70 952 887 109 -1 -1 907 981 821 241 121 571 604 492 167 692 444 41 255 507 790 -1 133 821 88 378 917 22 652 994 225 233 470 16 271 -1 120 682 245 273 452 553 716 168 824 844 848 136 37 176 265 945 42 -1 775 619 941 169 188 -1 869 881 209 579 338 -1 -1 656 221 904 112 582 527 355 44 581 -1 722 310 603 468 983 125 423 843 571 24 739 5 455 876 545 594 826 250 91 698 554 1 -1 102 827 675 620 -1 -1 73 798 230 782 -1 857 -1 214 23 -1 254
853 678 825 230 394 295 702 -1 369 93 412 601 376 730 664 704 427 969 733 829 807 770 561 839 254 940 588 813 466 76 526 152 519 703 235 755 668 -1 -1 863 303 -1 494 61 957 162 256 737 312 589 898 198 671 206 -1 665 -1 942 766 749 161 586 685 190 215 -1 358 54 794 818 971 436 512 64 351 13 -1 310 196 449 688 425 82 274 829 825 317 135 217 372 14 812 509 -1 595 701 944 352 405 86 731 827 -1 24 961 755 160 414 153 952 42 870 82 85 379 264 619 -1 35 381 417 376 209 394 -1 87 770 891 655 479 484 -1 -1 -1 992 560 761 462 155 387 50 571 542 705 762 195 -1 908 671 43 73 222 283 932 638 335 849 399 939 165 369 259 -1 103 446 595 955 196 580 42 55 465 6 711 816 392 868 562 318 681 142 390 577 263 929 306 420 842 -1 240 401 342 421 390 185 448 186 118 679 493
346 819 478 763 346 643 635 -1 865 303 725 353 708 502 130 850 -1 591 -1 590 350 926 154 798 381 380 318 953 63 681 477 636 915 548 446 232 169 504 866 773 264 759 359 202 170 268 543 47 746 383 255 213 383 367 445 219 267 34 560 775 340 508 657 624 198 80 213 669 31 37 -1 818 177 131 535 296 132 770 270 332 899 866 702 783 203 309 -1 912 18 193 173 226 424 315 68 252 302 218 897 815 933 254 292 -1 921 795 92 343 -1 319 84 159 757 598 621 680 39 -1 555 897 278 785 652 703 -1 411 471 206 982 -1 719 6 209 885 -1 970 119 794 969 862 -1 582 870 -1 569 228 249 510 323 467 956 880 556 567 369 237 55 67 940 779 379 135 709 406 72 522 287 40 951 858 207 256 322 360 623 938 280 468 786 649 678 290 106 80 506 168 942 961 282 790 715 902 176 413 633 955 108 230 944 454
757 617 620 603 599 898 644 585 519 494 463 324 309 952 78 122 890 -1 865 -1 74 459 227 683 875 593 731 720 144 68 -1 120 330 67 261 906 -1 871 293 165 129 371 404 318 915 943 735 755 182 867 -1 14 15 657 924 656 427 272 324 765 828 -1 416 -1 716 703 812 37 872 -1 239 925 674 -1 -1 255 261 998 947 957 909 352 -1 507 835 891 891 618 658 48 823 647 549 784 717 349 637 715 268 139 31 247 789 45 724 1000 785 878 347 200 94 -1 815 515 591 696 995 897 89 285 935 65 625 -1 604 737 351 706 36 147 848 675 339 696 65 764 130 969 -1 -1 745 773 782 -1 -1 86 763 -1 413 526 260 799 569 276 800 168 90 955 559 54 508 866 103 335 536 837 306 90 835 560 606 329 150 910 -1 -1 782 607 658 825 665 27 983 377 202 -1 731 386 285 373 440 982 -1 474 706 162 706 736 328 908
898 136 889 277 460 114 523 245 773 767 148 647 314 303 981 300 847 289 690 358 783 573 968 619 841 516 329 595 90 725 -1 781 975 689 -1 643 600 -1 761 271 209 454 267 71 479 -1 322 -1 379 726 866 505 -1 758 437 443 853 692 -1 298 964 627 473 996 579 484 886 796 28 85 197 -1 233 28 811 -1 976 447 44 825 185 29 -1 -1 -1 390 90 359 298 755 953 504 228 206 981 138 322 558 468 677 840 125 547 15 454 613 -1 722 970 356 454 483 401 81 20 240 173 641 594 365 324 878 835 214 395 681 26 -1 238 187 326 397 308 619 593 814 787 876 495 -1 146 807 577 213 317 436 705 198 -1 207 785 868 630 252 941 189 751 634 914 -1 -1 929 585 138 276 772 146 -1 76 101 809 65 -1 667 844 556 834 94 207 -1 809 167 -1 756 832 804 508 606 40 956 501 357 -1 617 110 97 90 950 698 494
491 738 536 179 711 617 63 364 124 448 -1 525 290 84 291 704 275 372 158 824 162 6 323 206 996 440 762 438 576 878 564 145 147 895 995 885 893 147 85 871 567 711 253 406 703 185 43 512 71 535 732 540 789 660 421 160 249 39 467 402 86 733 445 468 799 113 207 520 658 262 -1 608 870 126 -1 -1 770 611 479 627 534 -1 858 165 578 29 558 973 -1 843 872 -1 -1 731 -1 474 -1 624 541 657 569 351 334 507 647 974 719 932 -1 391 155 70 254 115 813 379 735 501 226 -1 623 290 46 136 870 682 101 856 851 96 993 52 688 559 759 -1 373 429 639 155 152 -1 728 863 658 858 968 958 4 255 218 295 839 -1 912 149 836 230 134 726 709 179 171 937 958 -1 717 513 -1 554 617 506 204 839 498 746 520 127 113 562 100 531 905 529 182 16 485 96 356 859 904 603 737 -1 764 458 -1 -1 201 219
770 -1 809 806 130 120 985 554 79 -1 52 -1 262 565 -1 26 240 815 967 292 360 367 716 26 244 858 257 23 120 19 582 180 161 32 959 925 354 -1 669 823 445 537 657 -1 484 -1 642 727 887 512 339 -1 281 -1 17 799 463 888 144 152 -1 977 690 581 559 467 752 641 202 159 702 48 977 889 69 817 307 -1 658 657 272 845 44 385 498 573 -1 567 846 148 197 -1 121 -1 389 561 505 -1 77 723 892 37 -1 921 107 657 826 265 -1 243 992 303 463 376 244 611 911 -1 297 11 705 149 683 646 590 308 323 568 590 551 -1 626 755 -1 580 432 393 66 439 174 927 22 244 55 987 123 991 534 -1 775 734 901 596 224 351 627 109 225 837 125 40 576 639 104 34 -1 650 317 820 750 409 405 738 990 -1 603 161 439 209 485 232 507 935 -1 775 703 -1 750 309 458 137 591 520 955 986 26 837 409 269 395
771 -1 410 514 904 984 -1 101 741 511 319 920 871 868 543 289 553 753 -1 346 164 24 327 646 495 112 588 681 51 77 954 -1 981 397 178 615 416 701 568 835 749 658 200 160 927 559 524 525 142 937 140 456 243 -1 54 222 -1 262 265 907 394 462 835 149 -1 684 52 13 799 53 559 470 39 469 562 102 400 -1 1000 36 73 615 -1 964 702 -1 426 678 -1 890 436 244 450 508 783 786 652 337 -1 571 406 121 104 740 213 208 168 138 352 969 965 219 421 689 446 937 -1 909 104 764 316 21 -1 158 739 989 108 96 694 50 156 103 291 696 -1 791 330 198 -1 151 649 286 984 426 41 320 964 548 28 -1 551 941 902 -1 921 587 298 154 648 54 968 999 854 143 529 -1 -1 80 -1 259 -1 478 601 -1 21 573 868 61 74 26 -1 593 530 155 206 573 -1 169 499 190 76 33 870 352 545 7 730 488 826 406
591 618 299 360 749 918 -1 775 10 186 552 591 -1 -1 670 542 451 494 750 862 179 303 606 -1 588 -1 469 678 722 63 336 488 6 531 -1 155 618 293 -1 514 652 264 609 894 888 37 597 227 582 644 828 529 527 108 915 328 305 139 885 192 -1 777 731 706 786 727 892 560 551 56 62 884 718 622 705 673 64 106 632 568 606 180 63 108 387 524 984 203 487 943 274 483 317 -1 843 723 196 554 622 868 708 343 67 928 553 484 486 260 933 898 387 31 187 209 354 11 886 393 1000 351 79 926 469 719 -1 -1 817 760 948 415 303 865 917 749 -1 875 215 451 341 691 951 565 703 -1 650 462 524 384 543 416 262 19 -1 -1 487 -1 341 232 914 863 187 412 521 542 481 45 -1 939 23 468 853 583 700 -1 718 941 982 983 -1 179 718 832 273 90 763 361 335 530 6 29 234 -1 228 829 145 863 -1 632 281 106
-1 658 145 965 837 828 146 377 744 506 745 312 232 957 188 906 -1 316 475 326 69 9 256 740 289 122 795 327 837 554 62 595 624 825 521 472 157 -1 721 752 403 434 -1 816 839 232 89 362 869 721 626 812 -1 582 296 35 700 985 933 243 37 989 893 118 794 -1 -1 267 799 832 697 477 300 831 802 806 496 170 725 -1 370 640 -1 28 685 680 722 771 896 616 949 394 408 -1 16 -1 94 317 936 865 865 744 575 864 169 764 268 294 47 269 675 715 193 418 583 958 738 149 319 928 4 245 331 496 117 789 285 902 769 409 492 276 180 717 956 816 109 961 647 869 -1 282 919 234 426 983 93 892 288 887 794 73 348 351 513 413 -1 771 820 976 909 219 -1 212 535 469 752 673 14 598 912 777 909 37 597 581 244 80 851 915 738 620 722 716 317 699 493 214 508 984 402 382 528 755 -1 951 698 99 905 159
609 96 493 358 132 765 86 878 733 30 42 256 323 312 58 -1 320 232 284 980 305 689 850 700 -1 767 402 449 403 313 191 343 570 730 486 62 -1 4 564 358 444 436 684 712 708 469 733 823 405 -1 726 879 709 475 734 -1 950 216 286 768 719 198 203 916 1 587 446 995 606 708 594 760 393 341 394 110 -1 265 689 325 890 -1 715 860 614 573 241 443 792 456 989 561 136 789 840 -1 162 331 227 243 155 310 836 953 579 876 152 689 970 55 885 -1 916 268 459 -1 60 396 624 493 55 167 867 792 823 666 195 13 598 522 538 251 713 207 799 531 571 487 -1 144 141 873 522 76 389 467 62 930 707 677 838 683 796 137 976 455 986 715 307 353 518 -1 465 953 880 316 518 731 164 519 278 286 999 265 221 775 729 530 855 563 510 253 515 742 962 184 -1 81 916 320 979 -1 30 900 739 612 357 864 167 46
926 969 222 427 875 774 639 177 723 -1 814 62 923 118 986 488 -1 852 921 -1 847 538 114 115 216 834 899 494 -1 844 183 174 651 54 800 181 245 609 -1 121 -1 695 383 323 76 278 257 103 216 396 209 105 93 553 618 859 -1 161 190 70 302 -1 -1 -1 874 879 959 -1 -1 564 912 864 -1 807 774 445 175 47 766 250 -1 309 91 -1 145 927 412 527 416 210 539 878 900 61 -1 -1 584 41 157 82 869 31 109 736 358 116 89 678 440 284 52 678 554 662 585 148 140 191 510 663 985 730 420 182 100 659 983 696 708 149 68 578 297 775 699 137 381 599 498 731 -1 483 650 -1 748 155 229 605 154 291 760 534 756 766 771 484 261 -1 980 645 222 345 -1 -1 897 863 519 549 765 242 317 688 -1 886 318 945 549 478 -1 978 516 181 294 905 184 988 28 634 477 569 936 623 680 297 197 502 427 7 -1 520
794 816 208 330 415 -1 466 219 73 213 813 682 236 319 584 975 566 791 174 -1 437 804 130 420 937 402 578 968 902 475 231 548 428 941 330 672 932 268 509 52 866 588 31 977 706 730 768 -1 634 88 525 947 -1 595 856 880 599 939 51 83 -1 164 432 198 -1 584 -1 263 479 522 854 605 -1 835 180 303 115 677 -1 857 541 310 742 473 233 787 815 251 472 296 208 652 745 336 645 390 434 470 697 266 612 127 229 379 211 535 601 404 960 201 406 556 232 387 176 221 617 530 654 212 326 782 734 896 914 891 729 424 31 462 334 464 766 883 306 -1 783 -1 807 61 351 194 174 352 551 670 732 -1 563 434 656 161 550 542 -1 686 829 460 449 845 260 271 293 659 686 665 635 165 162 828 586 141 52 578 268 595 469 536 278 441 202 54 711 605 795 614 609 611 339 220 420 401 580 826 811 -1 676 676 737 259
805 700 447 342 587 139 368 783 930 775 165 899 -1 995 143 355 -1 435 177 955 328 662 763 684 625 -1 130 98 522 727 298 660 164 801 -1 74 193 -1 -1 810 219 735 958 576 883 119 870 232 291 289 848 647 -1 170 298 414 -1 631 864 214 217 635 371 220 351 -1 232 624 580 737 304 758 50 284 822 852 412 747 551 244 368 177 -1 12 91 779 686 665 779 196 430 955 975 409 -1 390 916 378 508 983 632 454 341 327 986 654 310 612 195 400 352 915 -1 945 533 901 852 356 929 290 624 51 237 -1 267 187 -1 268 607 -1 657 952 -1 915 -1 571 23 343 749 67 680 -1 131 227 93 148 778 21 215 145 232 830 106 395 969 22 589 402 779 -1 781 825 184 311 24 434 828 671 253 69 534 738 670 471 331 192 145 424 145 88 867 911 383 -1 -1 877 878 589 13 233 428 245 848 -1 451 825 422 236 893 848
95 241 869 997 902 260 363 572 -1 586 697 866 640 203 -1 803 813 725 363 647 62 266 266 205 800 88 161 537 748 488 576 779 527 496 207 559 365 128 400 101 455 648 235 198 499 117 488 275 -1 515 48 196 999 312 751 501 -1 68 106 42 983 791 23 255 658 916 -1 759 -1 490 380 221 36 552 443 35 439 627 354 293 286 452 239 161 539 431 456 923 400 421 177 992 277 915 315 988 633 580 551 672 974 743 102 -1 762 208 834 239 374 448 341 742 668 791 496 508 578 352 25 214 451 993 982 190 961 480 984 646 384 620 63 320 106 886 318 797 521 794 26 510 317 722 420 398 419 185 864 714 703 397 -1 274 515 917 -1 604 122 987 158 416 -1 875 -1 70 341 935 214 555 365 158 413 633 614 473 860 965 907 769 663 210 622 9 794 765 547 806 669 931 80 -1 136 127 541 837 888 105 211 558 558 14
476 542 653 495 886 307 37 457 661 188 -1 554 186 173 31 999 898 878 729 215 20 753 531 466 980 -1 260 161 -1 44 418 -1 395 259 244 190 798 -1 108 946 29 286 -1 507 728 36 96 113 265 749 -1 222 179 953 104 746 88 410 78 176 148 523 545 593 50 727 61 -1 -1 228 456 46 474 960 773 -1 853 830 605 229 953 979 627 180 306 388 900 57 -1 543 536 608 938 294 888 104 600 342 330 342 44 749 470 692 512 268 60 736 231 587 790 -1 -1 532 987 656 777 325 -1 359 654 736 897 243 149 140 650 108 449 692 679 831 262 695 177 1 996 225 638 243 404 171 811 92 653 543 722 545 163 596 809 910 298 390 -1 310 29 403 -1 561 305 824 709 787 103 -1 474 323 407 336 764 488 234 147 -1 926 -1 837 -1 114 18 587 967 709 619 697 619 187 525 52 21 130 329 776 549 682 419 824 -1 504
72 -1 518 257 -1 833 912 12 290 -1 999 810 105 31 197 889 469 101 941 340 424 924 356 -1 266 317 300 203 393 33 916 843 785 849 753 580 498 957 853 176 372 -1 748 164 401 618 249 806 499 184 348 599 376 76 734 -1 13 787 502 796 94 242 422 204 -1 533 -1 451 600 224 625 805 363 125 946 483 945 830 595 743 867 353 996 72 141 999 425 -1 894 286 760 996 717 520 57 5 -1 -1 -1 966 440 27 442 401 886 842 50 5 495 177 -1 391 269 689 240 62 218 775 -1 139 898 -1 877 861 996 749 -1 91 -1 616 129 595 134 273 143 383 -1 723 369 935 89 490 59 674 339 59 670 835 338 -1 -1 96 50 4 387 740 475 581 848 -1 140 231 813 378 948 683 -1 480 75 1 167 324 786 -1 121 147 694 660 155 891 658 584 14 412 240 494 841 693 345 532 209 -1 47 577 118 146 1 529 195 369
409 61 612 215 951 537 137 204 277 151 992 970 399 153 428 550 833 190 815 146 597 858 482 834 398 985 551 200 618 -1 -1 565 861 368 177 823 944 182 576 390 666 337 373 -1 565 828 531 909 916 79 702 52 -1 514 124 589 820 490 -1 977 764 -1 360 31 418 369 -1 998 474 82 249 411 451 767 520 598 187 750 393 819 459 723 305 -1 265 68 684 649 35 450 35 734 522 991 287 561 3 656 410 385 -1 -1 867 488 32 444 108 161 8 -1 186 161 581 -1 722 865 135 158 896 641 840 279 961 900 202 684 828 638 149 205 861 941 171 819 748 186 435 682 183 577 953 489 1 466 43 -1 -1 796 404 647 712 898 65 299 332 408 14 402 966 211 708 477 673 279 996 405 985 845 701 537 553 513 152 446 238 435 509 915 354 7 204 327 446 247 881 195 420 531 583 696 170 593 304 217 499 445 631 966 371 195
566 122 268 -1 994 236 744 941 -1 -1 572 732 128 332 633 474 287 -1 774 121 210 668 69 453 392 291 -1 814 453 786 455 375 496 61 737 639 344 -1 941 37 287 354 493 345 470 1000 956 883 906 788 546 207 769 57 -1 883 697 798 -1 866 221 792 159 363 635 395 33 360 956 -1 239 131 275 440 -1 49 809 542 331 175 382 269 462 630 65 892 245 538 52 311 411 652 844 -1 -1 805 737 32 470 199 197 917 419 426 107 608 649 403 865 197 787 181 46 624 406 553 486 364 916 937 747 593 523 243 616 -1 179 548 934 882 794 702 483 283 -1 17 924 463 30 436 364 420 767 532 138 643 212 655 733 342 133 407 876 189 753 524 27 499 31 971 488 868 345 610 -1 612 905 41 781 637 592 123 170 158 792 669 880 -1 300 77 -1 90 754 727 492 252 719 602 543 187 -1 -1 403 579 252 175 322 227 915 315
511 162 914 684 668 688 926 527 686 -1 363 470 757 525 304 323 341 514 -1 508 630 671 721 187 435 899 560 684 659 537 849 292 26 -1 432 227 910 711 414 876 435 285 219 634 427 598 377 366 783 358 155 600 80 499 483 981 556 581 -1 145 926 607 505 586 362 -1 408 498 503 512 372 853 485 101 503 424 915 48 111 789 390 987 466 603 920 607 645 955 675 868 408 800 476 775 421 140 911 268 957 865 -1 757 670 929 156 58 815 17 -1 206 905 -1 356 899 33 180 164 -1 273 726 810 666 94 281 945 824 656 877 648 498 466 65 -1 793 291 19 360 606 953 768 689 327 442 276 503 513 662 758 403 363 358 939 304 175 113 974 241 -1 845 949 112 787 705 182 162 126 552 190 446 -1 674 801 379 158 906 229 76 940 259 310 634 852 517 731 257 -1 -1 207 972 695 498 474 412 470 498 182 576 984 476 57
-1 346 9 418 -1 573 -1 835 760 189 536 63 40 970 583 31 335 529 827 589 904 -1 626 237 933 56 500 545 202 548 237 844 835 874 339 155 431 802 159 602 457 28 -1 636 231 -1 -1 869 616 928 683 -1 463 393 148 953 86 314 9 -1 81 -1 -1 278 590 586 862 156 577 820 977 871 750 432 644 847 33 208 926 259 938 869 469 -1 579 748 185 265 22 627 971 261 435 897 187 616 53 846 -1 307 925 665 -1 393 296 12 233 511 598 788 810 904 963 671 697 8 -1 443 260 386 36 719 744 64 708 113 955 967 584 21 617 674 488 728 245 426 115 -1 406 378 88 347 925 732 505 -1 617 338 -1 741 -1 533 443 445 464 -1 1000 540 997 905 -1 234 845 738 689 100 339 632 649 -1 758 391 834 55 616 229 523 606 -1 708 100 9 -1 979 -1 872 250 296 910 444 851 705 304 27 968 907 17 57 815 210
922 -1 -1 785 112 399 606 236 -1 916 575 933 456 128 975 316 279 260 672 421 956 322 20 -1 671 60 -1 975 192 527 666 621 -1 343 576 446 866 457 336 616 676 232 68 115 728 898 225 495 744 961 853 -1 229 438 482 687 840 738 806 565 167 918 852 263 702 35 589 939 288 378 -1 904 -1 199 127 378 771 -1 719 145 -1 772 146 82 891 922 824 511 934 316 -1 473 696 765 447 753 496 525 658 684 372 729 195 848 546 120 219 482 -1 749 311 108 549 940 872 160 341 212 730 666 407 -1 -1 742 35 656 391 217 262 986 494 556 -1 380 139 593 219 79 56 189 725 12 111 -1 378 895 934 464 316 637 735 247 620 742 134 487 13 81 423 153 718 566 966 860 786 59 768 897 155 254 656 175 886 614 -1 -1 246 964 272 614 743 402 562 24 484 725 840 630 455 490 485 355 183 774 620 807 457 613 45 659
-1 725 104 181 14 406 460 606 492 416 292 493 329 574 385 426 49 967 32 268 570 -1 -1 991 462 893 428 767 718 117 779 75 534 669 469 245 623 500 355 603 278 977 778 297 94 -1 -1 -1 868 246 633 -1 527 421 708 -1 840 412 327 774 512 762 -1 139 537 634 936 -1 704 635 364 872 572 364 826 786 -1 978 166 693 68 652 -1 -1 420 398 385 934 404 514 551 -1 694 769 -1 617 277 366 -1 19 325 460 895 597 585 809 742 543 -1 -1 291 196 846 213 76 -1 732 906 433 810 561 462 226 889 620 998 8 452 186 15 407 217 570 310 742 657 66 797 540 525 221 569 30 702 94 13 961 397 577 741 169 984 519 201 351 205 324 802 641 125 -1 397 941 737 946 644 536 295 -1 833 760 -1 789 969 800 -1 -1 398 629 979 95 500 634 607 -1 424 142 756 153 175 326 984 312 152 449 587 204 246 406 673
136 262 609 851 574 942 505 996 -1 980 635 960 393 192 719 787 397 300 941 693 298 339 168 375 6 856 941 814 803 315 377 349 275 601 192 238 83 466 212 466 101 620 286 6 359 941 -1 492 691 773 19 256 681 203 39 820 620 116 572 392 851 580 919 423 17 455 201 76 -1 625 648 875 282 568 -1 694 809 437 35 844 60 875 258 291 -1 620 2 -1 72 112 520 367 -1 951 802 772 124 761 311 462 414 367 864 543 269 225 812 47 397 736 74 315 454 601 878 414 919 135 268 714 86 973 132 -1 456 618 913 506 980 962 674 709 809 149 992 924 388 797 744 254 -1 330 640 785 701 162 764 -1 149 757 376 576 739 882 97 475 225 669 116 351 36 742 891 417 7 833 798 14 209 207 269 23 557 114 629 743 885 803 -1 121 558 745 232 441 -1 949 31 433 756 742 216 541 439 188 18 147 212 808 398 -1
816 636 632 -1 559 364 576 155 939 98 -1 257 674 241 847 826 580 231 364 116 871 486 263 86 329 633 292 216 38 895 644 766 238 257 564 206 215 192 817 216 -1 414 285 -1 335 363 721 473 692 890 767 547 17 629 476 257 -1 164 545 124 792 680 779 473 417 509 281 584 -1 551 -1 87 708 799 246 238 300 925 158 93 555 523 374 244 657 290 -1 193 772 532 25 719 366 225 209 -1 -1 538 566 696 948 304 901 527 856 -1 781 421 759 862 -1 226 809 540 56 287 975 697 275 723 440 635 46 738 261 483 135 568 438 903 498 266 -1 50 -1 811 95 608 834 -1 713 404 713 250 741 553 911 711 433 520 542 -1 881 630 175 783 475 -1 454 416 674 607 419 512 345 229 586 239 125 90 760 -1 734 439 892 595 922 191 772 44 921 629 256 473 966 618 588 978 325 873 81 504 678 62 -1 618 920 42 408 -1
470 883 192 666 30 873 291 202 969 409 -1 636 888 435 154 213 554 981 929 650 657 -1 739 786 391 14 -1 494 402 428 974 591 66 374 338 257 802 42 322 -1 160 913 443 824 -1 46 -1 93 830 276 933 574 299 940 150 -1 160 140 173 538 -1 683 464 498 460 396 498 608 474 649 122 513 793 372 631 125 786 920 -1 777 884 408 884 856 357 752 357 963 604 528 681 879 342 417 -1 762 593 446 -1 110 515 -1 285 863 926 -1 672 820 798 926 379 259 966 225 552 122 654 856 873 74 639 655 490 -1 -1 689 76 494 668 781 282 321 941 535 269 -1 872 346 481 -1 -1 956 195 9 980 637 175 920 563 365 556 447 25 848 577 620 992 -1 539 25 373 933 911 315 554 768 681 75 172 407 29 194 515 948 853 21 910 880 894 624 136 480 338 853 817 653 346 970 393 524 853 254 986 371 221 196 200 311 253 -1
926 -1 651 -1 227 -1 787 693 791 838 366 958 447 -1 -1 648 240 749 204 656 398 554 -1 20 402 622 815 991 402 948 164 943 383 6 98 836 36 607 879 912 432 732 530 639 936 921 619 80 189 274 998 943 575 87 405 810 -1 744 176 289 28 645 401 200 976 -1 992 15 876 180 561 814 519 404 892 -1 660 -1 606 -1 -1 507 900 763 519 769 539 815 129 487 934 318 913 965 859 931 989 410 482 563 951 402 301 975 942 -1 -1 939 361 582 461 -1 775 804 784 383 216 803 98 242 -1 166 144 -1 715 673 865 429 26 840 52 891 567 564 -1 613 886 855 630 122 498 966 604 -1 663 438 678 -1 472 635 68 263 803 -1 812 28 411 304 144 -1 609 224 867 727 884 317 -1 546 831 -1 629 997 771 288 169 934 362 -1 59 668 994 953 427 786 980 740 681 -1 193 817 843 721 547 99 309 276 342 673 -1 583
823 467 493 276 -1 312 318 -1 578 23 322 201 838 20 756 -1 701 264 246 297 492 914 255 527 575 670 887 619 663 861 884 454 -1 485 671 764 734 249 -1 457 984 344 227 895 48 232 -1 645 502 272 817 953 -1 269 555 39 -1 87 743 944 603 632 930 -1 780 950 223 635 899 16 683 144 77 -1 728 964 625 840 443 636 501 509 -1 104 -1 704 83 524 976 120 929 176 229 547 158 771 792 152 546 906 64 -1 896 163 208 488 199 301 444 769 757 852 119 348 213 813 -1 100 751 908 404 342 -1 975 227 356 22 875 8 792 911 405 -1 -1 121 359 300 679 448 612 741 -1 360 900 217 385 431 262 167 -1 969 343 -1 929 876 328 179 -1 754 120 636 632 649 956 401 83 659 113 313 807 -1 373 497 557 919 663 236 339 291 417 490 900 463 887 -1 -1 168 535 159 -1 591 603 21 808 975 104 678 801 848 -1
251 93 837 309 960 228 962 812 848 796 453 -1 213 90 -1 170 35 245 56 594 441 245 36 915 883 498 102 -1 358 967 258 855 942 213 660 838 -1 560 162 486 232 441 506 538 356 204 389 329 403 206 -1 930 469 458 538 791 -1 870 236 352 326 110 187 78 410 210 23 969 77 284 100 862 341 105 560 -1 191 -1 -1 795 921 272 740 150 694 956 171 19 646 713 -1 620 285 731 778 352 565 956 519 641 561 45 712 166 783 602 -1 542 356 659 318 542 870 819 113 910 334 446 653 23 641 676 241 865 782 312 719 962 -1 511 743 222 338 822 764 -1 795 869 980 882 418 76 398 309 923 560 793 647 303 919 378 343 22 84 763 99 819 735 -1 -1 441 859 -1 896 789 701 414 993 4 697 173 981 672 333 769 590 379 91 -1 965 440 448 643 16 791 753 118 120 382 451 635 658 85 877 258 260 58 255 562 878
597 32 792 448 969 -1 -1 716 403 218 96 46 534 795 557 37 554 668 818 547 866 57 826 981 95 508 715 484 439 796 845 511 142 186 145 368 108 665 -1 935 -1 366 289 288 798 291 806 405 756 -1 481 342 134 694 710 74 396 988 301 144 139 4 330 385 830 92 797 363 547 560 36 802 258 821 -1 147 52 150 867 32 -1 574 219 305 844 230 150 295 501 452 -1 18 120 635 959 628 42 155 294 676 720 368 913 566 629 655 329 676 17 158 605 852 541 32 298 159 224 226 117 407 808 488 596 600 370 417 234 520 979 438 -1 -1 542 32 14 441 524 521 106 -1 152 317 510 645 246 168 732 173 629 457 862 210 955 879 369 548 -1 364 154 655 987 162 821 525 498 489 881 552 980 218 861 407 639 -1 -1 214 463 500 742 623 97 270 775 -1 279 865 361 725 376 367 994 276 459 177 878 850 936 -1 26 538
124 608 -1 828 630 490 803 958 -1 91 -1 5 128 858 455 780 854 658 965 904 482 975 940 -1 148 540 66 998 563 96 560 442 358 832 104 -1 96 -1 205 18 259 286 668 -1 290 88 47 383 243 641 807 520 989 940 946 432 -1 580 507 561 490 145 504 532 709 88 757 184 284 910 328 914 817 582 739 604 224 115 -1 888 339 561 8 906 341 578 345 828 -1 395 999 823 138 -1 -1 168 387 994 90 169 881 722 256 976 293 821 -1 313 787 824 -1 452 926 942 -1 831 -1 -1 258 396 2 4 15 588 85 928 48 -1 513 -1 290 337 394 249 976 285 457 889 956 672 -1 166 -1 330 61 -1 330 269 996 161 679 263 123 561 824 884 -1 57 441 796 -1 -1 570 187 291 950 797 875 858 130 782 405 731 204 526 422 257 448 895 624 597 22 996 113 282 918 275 -1 438 220 -1 547 55 277 738 602 228 430 146 843
244 450 17 564 51 -1 312 590 770 942 219 887 617 920 161 469 553 -1 820 154 838 -1 472 78 -1 435 668 212 219 304 -1 837 62 6 475 476 466 699 473 996 52 241 -1 686 22 57 943 797 394 610 690 37 899 876 87 912 597 275 222 856 110 882 168 862 509 450 162 176 193 429 685 52 110 581 678 795 984 251 -1 898 36 30 886 609 354 728 542 667 424 136 244 982 -1 696 126 205 863 657 557 -1 197 780 832 890 453 475 338 550 441 113 367 174 889 531 509 868 373 656 951 328 634 357 689 347 158 466 120 16 329 -1 408 454 77 238 862 -1 3 -1 941 -1 554 134 115 261 -1 277 582 65 -1 913 9 507 264 443 360 987 2 350 409 856 611 6 875 38 569 904 317 602 94 740 953 456 475 11 43 653 900 697 848 785 561 79 58 978 584 846 661 516 377 762 697 -1 -1 633 393 595 -1 651 88 701
952 -1 -1 299 255 770 6 200 221 323 783 249 694 144 899 334 88 728 -1 234 181 184 716 92 927 -1 27 508 636 477 -1 138 686 940 198 901 583 778 -1 316 397 214 888 777 831 -1 333 412 121 243 551 -1 655 161 806 46 -1 93 627 358 967 404 37 -1 885 408 -1 174 783 718 285 447 -1 290 391 764 681 807 4 741 235 73 739 264 -1 741 510 -1 -1 353 204 631 694 33 632 701 361 873 194 396 269 407 980 171 405 702 433 67 941 451 235 14 48 -1 745 -1 154 -1 894 197 323 220 339 674 265 250 691 416 138 830 546 276 208 430 447 513 150 -1 109 223 920 712 392 227 -1 26 734 877 813 183 418 68 995 877 632 553 186 989 400 311 161 334 106 824 812 294 78 402 -1 70 891 578 842 307 558 75 823 909 843 173 115 -1 938 383 253 296 478 215 571 489 945 295 643 225 928 927 665 -1 825 304
326 424 422 921 952 332 317 289 749 410 -1 101 644 913 147 618 449 307 575 472 -1 775 643 761 541 927 692 559 672 474 984 286 234 544 404 820 -1 730 476 493 322 572 726 929 565 690 48 913 507 162 522 176 859 629 425 873 983 178 160 794 193 832 124 685 899 907 40 332 -1 694 774 165 635 383 836 767 372 958 183 961 659 -1 544 884 -1 703 29 286 -1 221 451 341 235 948 -1 13 410 118 -1 744 -1 951 960 -1 112 234 667 789 657 301 357 545 -1 991 743 474 159 404 911 933 626 96 331 757 452 685 131 302 -1 876 544 105 627 358 812 223 -1 208 244 -1 721 220 853 868 683 387 759 960 92 193 811 951 856 798 -1 331 178 82 921 861 -1 640 769 623 518 189 502 191 -1 438 -1 987 953 664 229 155 450 70 941 467 954 825 709 258 834 147 632 699 534 277 947 621 270 491 566 33 769 461 52 29
319 692 146 -1 463 232 146 689 204 787 749 143 288 792 850 229 7 61 815 447 329 1 607 193 487 691 307 322 618 258 391 686 212 36 207 74 664 379 44 911 14 44 471 486 19 592 -1 967 415 751 961 230 134 428 575 196 212 220 -1 604 568 788 992 795 988 150 861 840 577 959 705 144 171 627 964 637 514 -1 281 698 913 181 689 596 916 869 18 704 759 55 70 804 676 471 726 204 29 127 307 918 517 579 459 928 -1 234 229 65 608 161 348 148 -1 167 344 -1 -1 66 111 816 682 673 -1 731 657 661 848 378 156 888 623 616 154 272 787 293 389 867 790 819 117 177 451 -1 165 734 174 444 298 424 -1 839 645 563 965 276 -1 358 522 444 107 182 439 441 466 495 738 709 963 777 368 195 24 817 310 968 718 982 908 620 263 231 373 706 769 806 972 827 809 489 824 570 437 1000 -1 669 394 455 559 645
471 758 697 145 323 300 685 728 267 508 879 738 290 597 512 43 708 516 674 899 849 66 483 288 316 87 948 612 586 503 497 511 854 866 595 872 723 651 552 27 898 -1 85 694 227 589 341 575 530 60 275 228 370 -1 5 222 935 635 528 285 203 286 594 842 185 796 100 227 36 360 141 266 109 335 -1 266 252 195 548 208 771 357 343 507 982 163 921 -1 275 437 570 192 59 680 13 64 320 641 828 517 564 636 345 -1 332 -1 421 792 -1 -1 899 -1 369 398 194 274 36 819 475 284 925 58 934 940 783 905 903 176 819 443 527 840 951 646 44 333 -1 293 14 224 -1 214 605 580 238 411 878 357 585 -1 -1 540 196 173 625 735 -1 653 463 181 210 587 22 219 -1 509 365 -1 704 739 655 76 724 -1 736 864 982 -1 155 556 19 571 981 389 176 129 307 995 521 67 -1 115 935 -1 114 169 70 972 334 976
740 457 -1 475 287 455 -1 6 17 820 -1 308 408 668 298 338 865 684 396 930 769 490 38 946 888 987 784 736 765 746 666 599 590 -1 26 730 643 934 182 465 60 -1 777 910 683 900 807 675 970 306 796 266 373 778 239 793 534 949 37 647 -1 811 73 348 140 596 252 569 530 4 885 539 840 170 652 245 902 344 -1 -1 332 839 818 571 41 363 282 49 722 740 838 1000 939 750 677 298 208 979 716 584 946 305 407 718 720 531 -1 103 809 977 749 -1 265 87 674 199 278 805 59 809 831 254 52 650 -1 -1 775 753 405 842 667 581 209 849 -1 786 137 318 697 699 9 423 53 109 25 321 -1 -1 220 911 93 105 -1 467 21 142 651 533 164 762 14 164 971 659 584 97 -1 16 646 96 409 374 -1 501 633 824 672 -1 602 980 191 795 320 178 459 778 33 404 687 295 98 686 189 554 764 617 608 592 942 829
683 952 702 -1 552 525 968 60 680 239 111 70 776 117 668 191 -1 615 321 82 710 868 -1 962 67 668 312 -1 -1 -1 -1 66 102 417 569 592 -1 777 365 604 1000 825 562 829 123 566 871 726 383 455 781 736 67 -1 704 712 -1 829 482 964 414 398 -1 871 819 586 952 123 351 543 7 21 513 922 756 130 933 222 721 810 125 990 310 963 527 526 652 -1 460 -1 52 846 681 835 -1 506 630 593 158 182 569 683 343 985 19 64 43 -1 886 108 -1 618 766 914 965 833 538 112 107 592 737 37 331 392 908 73 526 551 441 471 383 234 55 432 821 290 486 -1 938 653 609 173 944 532 -1 845 396 -1 301 -1 415 588 699 473 -1 631 158 821 327 827 196 142 566 193 782 776 176 755 -1 359 140 176 515 874 705 503 999 838 27 842 196 841 863 782 190 836 -1 655 54 657 208 -1 672 61 858 254 33 732 924 233
335 408 979 105 120 606 246 -1 880 -1 291 850 233 900 217 962 478 480 -1 461 573 484 340 276 331 728 624 361 628 -1 707 631 350 966 494 -1 838 -1 578 265 373 582 753 385 28 114 565 -1 486 551 16 410 775 191 604 658 856 -1 -1 333 8 328 96 962 166 97 193 294 197 611 382 441 751 501 893 397 549 622 135 596 622 598 911 168 246 693 -1 -1 629 308 609 420 175 168 338 -1 740 844 9 934 440 866 495 910 122 800 784 25 152 809 785 411 32 899 -1 -1 870 269 877 321 585 767 444 95 610 411 584 774 910 826 520 701 742 597 688 758 487 38 785 68 748 -1 131 851 -1 176 907 688 483 270 753 711 226 319 928 27 88 793 820 650 496 421 506 -1 567 270 111 568 708 808 918 71 529 681 204 742 720 906 275 928 129 639 -1 623 -1 540 184 826 -1 420 782 793 352 369 832 887 576 859 -1 192
672 399 652 -1 613 643 601 205 964 917 512 653 232 475 486 999 621 786 -1 16 714 -1 -1 212 457 560 -1 532 491 571 723 406 358 127 788 979 646 733 139 770 955 -1 621 419 -1 659 555 763 538 568 661 74 875 763 325 519 73 395 839 299 249 -1 243 266 -1 265 162 290 257 -1 -1 258 484 564 928 612 926 685 887 434 943 505 844 485 947 660 475 406 774 988 207 600 884 720 968 156 987 119 -1 730 862 392 976 280 712 51 -1 224 930 923 87 865 677 371 261 751 237 3 163 705 191 499 921 419 657 840 789 537 995 231 850 347 237 120 615 965 466 237 608 -1 389 420 705 912 916 521 450 624 298 801 862 346 261 894 745 610 -1 940 790 772 164 692 534 953 783 54 267 875 889 478 -1 59 968 903 573 900 -1 287 747 -1 257 116 -1 52 990 -1 777 625 850 196 117 768 471 290 47 362 53 249 14 116
391 366 410 281 637 578 617 -1 48 821 562 741 535 249 182 73 441 621 764 28 -1 786 689 459 549 -1 909 -1 50 433 638 166 757 457 526 176 964 534 624 783 86 720 46 955 341 493 78 431 730 572 653 918 156 -1 160 425 955 184 125 575 -1 356 -1 816 274 254 896 64 835 709 746 502 774 377 69 887 701 155 7 -1 609 176 215 344 -1 284 128 540 293 371 36 440 467 979 -1 283 510 912 124 367 326 -1 195 719 150 -1 611 52 565 64 503 50 868 376 -1 448 623 71 -1 331 115 8 261 530 -1 393 1000 285 807 367 597 967 -1 566 482 206 46 321 422 160 666 693 80 296 -1 199 544 -1 881 976 952 976 563 443 34 -1 97 851 261 515 188 652 269 33 656 230 604 981 358 100 184 -1 392 397 -1 492 144 604 897 207 818 942 285 330 36 666 -1 326 62 545 886 -1 509 227 -1 366 148 342 351 -1
524 497 -1 260 -1 722 459 107 177 -1 688 912 992 440 213 707 153 843 494 403 143 395 321 189 981 143 808 519 26 -1 857 -1 464 869 688 84 -1 936 -1 298 432 140 105 67 292 424 992 836 208 628 581 578 526 936 884 124 709 179 106 388 -1 134 830 486 984 -1 228 449 766 691 944 309 1000 -1 797 503 416 259 463 556 961 772 942 576 498 416 206 83 687 76 571 948 905 -1 736 518 -1 197 651 234 386 597 950 898 643 8 199 543 590 655 678 784 284 -1 -1 995 150 417 -1 498 689 603 13 426 631 659 -1 152 560 679 -1 7 533 707 998 807 199 355 372 843 808 881 241 847 576 291 -1 717 311 318 558 976 8 513 912 781 913 867 293 418 308 329 885 753 591 105 833 570 612 613 423 995 -1 853 717 522 409 639 -1 47 623 365 984 719 995 467 441 263 138 410 265 21 259 282 513 11 958 362 756 353
756 524 791 629 198 854 -1 -1 111 684 573 995 57 120 183 576 107 62 302 819 587 307 782 388 199 37 -1 542 288 888 342 389 520 855 239 416 114 746 169 949 741 931 392 193 608 479 34 96 426 483 610 600 333 205 123 927 99 366 -1 739 86 745 -1 888 749 -1 -1 831 461 839 166 567 126 -1 866 915 322 836 159 804 469 -1 803 540 674 281 566 34 227 -1 503 393 682 769 736 -1 774 -1 646 613 922 670 143 325 651 727 811 20 398 753 990 54 749 -1 612 584 811 370 -1 598 820 473 538 373 703 389 930 685 -1 216 -1 734 131 706 612 613 272 768 881 -1 984 906 252 722 -1 881 507 -1 443 749 948 936 -1 -1 576 905 -1 649 403 582 -1 378 357 534 132 809 128 -1 719 740 -1 121 379 102 381 116 249 444 76 215 627 561 147 950 73 788 944 669 143 227 482 931 406 764 69 553 172 62 804 16
468 92 156 440 947 -1 807 924 653 844 993 925 245 360 883 567 980 873 688 432 -1 496 24 399 624 195 341 488 457 334 -1 286 185 314 929 195 70 366 316 635 413 208 163 522 411 98 455 504 392 41 463 51 581 878 204 425 353 922 622 583 230 806 275 809 993 322 274 341 76 359 702 101 446 840 24 971 893 815 7 906 815 249 590 356 472 345 100 -1 576 943 621 856 395 863 648 477 980 380 439 467 193 10 602 456 804 443 430 159 413 287 986 150 575 685 885 786 481 670 171 772 486 856 -1 839 554 829 291 -1 856 306 587 299 216 851 927 11 735 249 367 -1 196 363 538 819 -1 -1 191 575 980 828 226 833 269 58 325 201 352 143 523 -1 124 350 840 824 86 664 985 196 913 686 220 -1 731 408 255 883 465 441 640 -1 78 492 360 104 827 -1 542 29 326 835 143 881 784 901 48 329 842 -1 768 174
255 508 834 543 747 -1 394 149 802 132 481 823 202 762 -1 25 914 544 545 709 341 648 134 956 567 703 720 659 945 827 936 73 44 266 88 -1 95 246 480 362 651 213 772 345 356 808 851 221 495 362 424 409 830 713 656 711 832 -1 753 184 -1 67 714 515 773 134 577 916 105 736 773 337 15 822 384 250 150 686 857 15 744 850 597 767 901 955 519 668 314 569 557 157 506 726 159 642 327 284 239 414 51 847 479 979 893 -1 895 607 85 258 319 828 732 824 303 917 510 442 437 308 341 -1 -1 640 291 106 805 10 715 495 -1 233 129 887 427 360 83 776 264 597 941 864 225 735 657 -1 414 788 71 970 30 384 549 946 332 699 404 692 769 96 302 812 271 594 902 839 -1 409 1 994 652 444 641 391 858 453 291 -1 571 238 3 722 396 885 106 751 400 -1 964 881 77 160 889 608 680 268 31 87 -1 504
254 196 158 94 990 455 595 95 715 963 722 -1 497 112 767 271 264 251 -1 531 137 722 151 551 -1 900 587 -1 583 50 539 46 658 393 992 178 348 134 980 -1 629 641 140 90 20 788 303 435 543 152 406 385 376 951 360 152 242 432 -1 364 -1 144 -1 588 611 872 643 851 5 843 541 935 419 853 760 408 116 710 234 191 -1 469 345 247 992 808 565 66 680 536 -1 779 -1 917 178 814 375 -1 825 308 131 512 78 122 -1 959 777 362 166 585 899 -1 737 -1 -1 963 329 49 243 680 726 183 665 406 854 143 543 112 482 694 110 -1 353 456 -1 -1 692 502 767 327 574 168 920 118 -1 -1 514 211 365 415 77 -1 549 963 903 828 781 467 223 536 330 448 633 840 -1 427 917 -1 32 135 324 576 788 14 -1 680 437 782 116 659 203 255 404 910 986 863 275 917 866 783 527 112 314 707 953 114 998 -1 546 29
640 144 14 404 303 -1 734 87 386 294 913 577 672 -1 414 460 634 429 96 204 522 194 447 239 638 330 877 106 614 212 849 271 552 244 96 78 274 -1 732 987 151 720 997 9 325 384 411 465 722 403 121 955 247 137 48 378 133 869 165 928 -1 161 993 322 171 27 382 787 894 774 29 121 185 400 835 21 544 632 923 669 155 747 523 797 303 904 785 322 800 957 310 454 765 540 -1 417 190 756 454 26 617 302 840 431 708 -1 782 896 764 842 126 54 446 400 856 660 241 846 204 547 823 360 13 691 694 86 467 136 219 301 936 187 249 183 879 10 -1 772 329 195 818 79 -1 29 591 313 -1 827 956 897 829 -1 211 263 563 109 941 312 606 -1 827 153 438 813 638 921 71 988 228 868 281 553 71 543 -1 982 717 446 775 670 818 135 57 -1 591 -1 612 834 286 293 889 305 840 715 301 487 -1 422 934 845
626 620 693 157 703 688 -1 75 257 654 965 841 615 999 433 928 171 241 374 302 799 152 290 744 777 528 -1 713 399 389 623 -1 461 221 96 536 951 988 51 897 943 866 180 865 373 863 478 160 89 -1 363 293 831 795 1 609 456 45 4 815 -1 997 189 121 979 960 90 -1 264 207 -1 690 258 -1 -1 829 674 787 605 20 -1 421 690 311 158 695 925 437 655 309 315 642 76 864 295 448 877 126 721 611 488 394 -1 834 335 218 779 651 828 513 972 159 667 325 708 216 923 94 372 635 764 452 796 962 930 99 485 717 436 417 290 205 808 738 998 974 168 493 882 259 156 903 827 -1 271 77 988 989 713 595 -1 703 914 862 45 96 876 525 200 254 551 564 193 29 351 915 479 318 65 910 207 619 399 584 576 480 535 309 20 1000 -1 752 400 216 636 110 125 774 272 518 419 680 369 394 172 864 612 -1 33 -1
577 997 -1 339 855 147 -1 199 461 189 706 624 303 491 244 675 933 842 133 508 561 96 450 744 380 440 376 263 285 70 739 264 149 417 719 977 853 93 898 37 499 485 987 336 -1 930 2 734 -1 -1 617 705 229 590 228 280 132 400 987 189 203 284 -1 37 76 445 309 177 131 -1 495 544 643 14 302 127 342 949 31 311 117 214 115 221 248 708 864 -1 -1 439 55 137 295 467 725 33 -1 606 598 465 985 219 400 -1 911 675 718 330 785 234 206 -1 332 897 750 790 919 236 451 917 456 -1 833 549 106 821 -1 182 827 672 15 286 20 420 666 998 -1 731 -1 752 346 752 -1 997 897 -1 739 936 902 590 110 84 -1 894 399 430 308 741 26 743 756 620 814 494 227 -1 154 686 9 546 481 211 721 298 82 586 616 -1 201 215 168 421 461 61 240 91 770 437 570 308 137 199 462 509 602 946 102 -1 905 132
845 484 129 995 735 865 312 675 654 531 170 68 558 953 601 194 706 648 26 374 840 234 591 525 418 956 -1 623 -1 242 616 465 -1 766 498 991 840 596 474 807 898 -1 320 883 410 136 942 -1 409 546 -1 689 40 141 785 865 -1 589 50 807 155 878 -1 -1 -1 -1 838 893 895 725 720 476 975 372 654 905 902 214 89 827 411 939 419 898 103 820 -1 175 976 548 724 478 620 382 46 860 110 619 298 884 950 -1 916 283 786 810 69 802 832 293 -1 642 381 794 197 446 961 -1 887 -1 341 57 707 -1 -1 975 948 464 297 -1 966 700 71 37 -1 428 845 605 373 706 235 475 220 555 19 888 516 390 214 -1 513 715 76 833 311 489 648 827 454 804 472 835 -1 33 497 928 -1 413 329 643 246 527 612 10 578 715 671 47 945 177 -1 59 -1 736 147 881 242 808 329 973 797 145 365 34 584 -1 -1 274 746 997
724 306 533 282 567 846 150 323 355 564 940 625 782 465 711 194 134 853 665 371 416 511 969 32 11 379 363 593 949 51 -1 557 -1 250 345 337 574 -1 15 72 557 836 399 223 973 923 641 205 430 471 498 -1 744 622 426 536 727 166 580 -1 264 82 531 519 75 -1 317 760 733 587 725 546 -1 -1 528 934 116 767 783 -1 817 811 414 4 386 738 161 653 882 616 105 932 834 393 677 704 153 575 986 113 429 930 702 293 25 -1 -1 -1 946 894 289 807 83 519 563 774 471 696 331 896 238 335 346 570 771 244 920 227 -1 272 469 834 426 856 625 503 297 670 195 322 -1 -1 120 678 933 326 185 885 -1 591 539 980 545 243 802 155 146 171 894 283 361 522 284 757 -1 155 74 503 425 -1 501 171 197 -1 -1 264 995 962 137 522 508 469 471 810 571 473 452 90 -1 721 735 -1 362 991 845 686 795 16 591 80
136 970 281 798 608 858 934 279 741 984 497 -1 915 245 460 157 13 958 746 748 -1 694 326 748 -1 836 340 685 115 63 1000 89 187 318 817 17 877 786 760 117 925 360 172 993 908 54 758 29 -1 459 891 896 582 591 369 455 669 456 292 305 342 23 162 -1 149 507 8 161 895 47 892 636 833 538 91 944 105 501 15 492 737 739 605 869 69 728 60 234 336 91 800 744 371 806 4 426 108 76 70 240 23 330 559 427 112 759 347 49 311 434 236 598 483 227 588 377 931 137 841 795 621 28 222 517 481 140 895 930 800 1 339 911 100 447 386 10 226 790 539 38 738 -1 373 713 815 531 -1 958 676 959 421 344 168 424 70 208 606 292 411 922 646 47 2 516 796 -1 985 894 985 315 491 584 969 -1 931 772 321 584 299 663 531 951 938 482 390 945 162 807 939 786 422 385 31 682 658 456 457 154 406 885
724 59 920 572 505 7 643 942 351 851 -1 522 42 167 668 254 370 888 481 1 119 488 366 231 855 497 -1 -1 517 -1 -1 512 981 -1 182 478 166 -1 136 725 -1 124 -1 62 352 -1 594 496 905 656 160 -1 579 872 903 980 8 672 638 541 853 791 131 688 915 -1 48 199 209 -1 613 158 330 472 522 749 -1 307 597 660 174 519 82 475 58 529 399 -1 235 635 746 -1 41 792 623 527 -1 805 548 790 861 42 529 7 167 352 213 856 430 308 753 -1 883 874 312 134 36 375 845 747 259 864 929 -1 -1 312 917 476 262 761 -1 95 617 4 43 902 846 372 403 142 942 503 374 -1 725 987 251 422 -1 -1 770 758 64 562 235 830 3 388 -1 486 196 616 364 478 -1 898 134 -1 692 761 398 195 135 33 813 490 337 543 330 662 109 650 448 228 729 278 598 586 187 745 925 812 191 238 526 165 348 757 437 299
343 261 622 511 889 472 610 843 311 673 183 -1 120 175 485 390 914 30 -1 411 139 158 976 871 454 577 381 826 609 885 -1 896 305 -1 349 987 464 722 709 116 901 15 485 451 538 59 -1 537 798 795 -1 -1 799 576 47 281 81 116 752 676 691 -1 885 955 164 45 157 482 387 631 83 598 721 950 564 443 -1 994 504 732 529 160 807 -1 203 569 268 669 72 942 662 571 341 319 109 482 653 108 670 -1 447 449 281 447 284 446 179 434 319 332 689 243 546 613 378 438 961 483 1000 123 384 841 293 369 424 960 841 765 616 286 784 890 -1 60 99 -1 -1 215 789 86 655 190 101 209 981 405 238 966 107 409 -1 4 704 597 -1 205 562 304 768 162 884 344 710 627 747 42 953 637 80 60 259 -1 922 629 700 629 324 -1 370 156 145 853 390 603 844 106 15 -1 400 531 823 407 256 834 209 805 972 551 723 340
223 192 533 245 67 249 654 812 -1 721 878 66 978 741 204 711 74 -1 39 162 800 924 887 413 621 241 495 475 277 575 286 247 165 937 43 716 585 -1 641 623 218 700 682 81 640 613 430 72 42 -1 853 303 379 729 964 308 689 445 508 156 816 739 22 842 104 -1 263 580 453 602 566 711 563 150 917 429 893 94 656 310 -1 999 924 702 868 352 46 187 547 692 995 780 517 680 932 278 269 69 -1 910 974 143 377 558 503 64 222 -1 763 704 429 113 893 136 248 920 206 489 46 212 283 358 58 815 847 24 746 472 260 162 198 705 335 489 755 770 377 184 237 297 693 409 678 212 875 992 683 358 515 379 57 330 880 469 320 148 394 466 907 656 -1 973 153 158 306 17 164 998 225 -1 716 988 801 162 561 649 480 950 310 381 741 965 403 851 101 875 683 -1 688 203 830 362 463 136 -1 492 159 914 178 210
578 825 901 158 569 396 933 -1 680 41 594 474 169 5 467 450 -1 326 682 768 236 762 470 851 502 315 81 -1 6 763 585 204 803 121 317 568 81 29 208 439 606 432 710 855 699 -1 139 58 160 535 383 916 426 210 196 181 702 -1 5 898 442 312 517 204 -1 438 69 430 323 533 783 -1 319 918 549 957 126 -1 791 177 159 18 993 895 433 381 577 -1 341 301 -1 458 -1 887 56 880 692 584 716 809 -1 495 -1 745 482 805 289 226 826 963 860 183 611 330 188 -1 539 376 964 477 341 363 759 899 296 260 621 556 13 871 705 458 153 759 43 760 268 105 839 534 505 604 43 216 280 -1 -1 558 23 529 -1 296 142 452 -1 622 570 525 90 684 221 690 252 223 389 577 338 811 215 807 72 730 499 546 -1 416 264 445 -1 917 155 801 540 365 540 780 75 -1 367 731 501 -1 775 861 372 989 718 186 2 883
378 392 276 634 462 428 896 162 142 440 345 675 845 425 385 615 -1 310 248 65 613 86 842 546 127 591 881 684 943 707 678 797 812 652 405 202 898 -1 14 567 238 943 198 394 61 955 927 245 522 64 44 284 693 80 646 581 982 850 83 569 -1 961 307 21 60 -1 -1 164 306 968 866 851 917 620 -1 569 559 799 474 864 -1 627 338 794 -1 542 64 830 492 250 584 669 946 393 -1 874 451 446 -1 954 165 964 521 726 276 928 153 760 275 -1 115 271 -1 508 949 42 456 925 850 312 -1 170 189 488 787 474 406 871 718 971 303 304 411 606 439 97 934 129 188 157 883 314 41 603 498 564 644 19 119 147 36 586 450 226 -1 877 490 815 252 988 132 70 990 850 529 498 203 650 227 502 313 971 462 401 6 846 736 812 844 971 825 279 209 74 314 346 80 416 915 579 119 958 776 907 868 -1 702 572 423 109
472 709 903 663 648 639 695 525 729 358 985 338 343 16 429 781 988 136 854 -1 408 265 180 592 271 961 707 -1 -1 988 192 31 805 941 3 490 608 662 151 722 37 752 156 761 554 924 260 137 792 443 784 919 331 11 769 282 623 62 553 97 860 447 -1 447 233 335 983 55 176 -1 -1 311 82 335 534 798 563 -1 350 920 307 -1 863 865 314 555 789 331 834 81 -1 874 555 711 183 37 309 220 679 -1 734 637 -1 545 333 543 526 774 737 295 977 259 567 822 -1 276 234 410 5 821 735 146 146 377 584 955 -1 585 465 791 523 1 333 877 -1 349 852 316 59 906 47 -1 -1 114 546 155 669 95 685 650 985 959 717 -1 896 180 796 83 697 867 624 69 924 828 706 158 169 367 18 214 738 422 353 173 465 -1 51 341 894 518 230 371 223 100 152 627 -1 -1 461 395 343 281 392 351 152 389 662 733 204 576
-1 26 774 746 547 125 376 617 499 82 796 817 700 407 919 261 536 143 91 19 689 710 65 -1 670 316 -1 190 611 334 86 316 963 -1 -1 875 637 890 614 -1 -1 430 561 265 516 67 901 426 235 462 474 6 996 584 265 602 -1 414 339 -1 256 210 648 186 484 427 824 395 759 -1 560 -1 514 981 302 902 808 168 531 851 650 524 -1 859 -1 74 28 94 540 -1 316 685 634 506 617 340 383 337 925 477 128 425 228 754 37 760 752 519 -1 602 843 407 552 715 87 159 345 122 51 865 16 591 410 828 305 154 379 155 527 63 274 845 523 49 724 403 11 266 850 267 438 922 143 972 176 635 563 442 -1 609 564 121 493 348 152 806 601 697 817 688 390 111 878 -1 292 71 846 496 30 551 563 976 47 420 -1 651 521 -1 270 649 310 394 404 -1 676 885 460 882 312 896 48 -1 305 695 -1 518 323 746 472 519
959 331 365 292 -1 264 692 315 92 433 276 507 756 643 805 259 690 472 326 -1 79 652 324 41 222 -1 263 586 545 260 176 579 367 -1 713 618 740 235 633 59 565 -1 -1 993 19 648 736 748 208 691 20 609 155 868 804 132 996 202 -1 439 943 450 562 387 210 48 782 -1 918 585 149 112 -1 198 593 835 541 941 908 724 122 15 982 597 769 501 430 244 160 262 759 653 792 633 812 665 518 352 92 842 991 702 324 488 44 331 691 797 83 908 200 905 878 886 483 33 733 823 720 151 278 50 311 640 869 472 967 572 53 803 763 99 269 847 766 95 141 17 745 690 159 813 319 -1 119 82 995 228 512 541 179 909 -1 542 108 488 503 700 845 845 588 527 247 622 345 -1 476 329 -1 956 749 809 -1 776 865 528 881 335 919 663 13 950 723 900 372 647 727 28 99 560 710 792 114 352 767 194 800 40 241 21
629 770 752 614 139 135 361 795 -1 771 955 496 394 870 584 19 -1 577 960 107 851 -1 428 513 606 48 215 270 10 995 199 -1 258 589 506 841 279 199 544 353 729 259 112 71 320 276 422 865 644 163 297 765 213 13 107 775 755 25 996 353 394 428 10 -1 701 427 752 671 120 266 855 50 359 994 316 867 376 901 946 602 957 34 193 494 168 14 928 774 -1 958 900 595 706 972 452 616 -1 189 641 887 856 718 34 917 431 32 672 80 167 278 401 699 826 993 403 471 546 746 603 619 -1 847 386 133 693 745 985 455 420 132 262 513 285 300 568 989 69 583 204 127 584 971 219 532 840 485 36 433 563 715 410 482 -1 478 168 814 538 550 936 980 450 -1 719 297 728 920 115 683 720 565 154 -1 409 922 254 715 713 214 191 452 573 528 240 349 35 -1 873 897 845 973 466 157 177 649 348 908 7 114 948 1000
915 761 502 97 141 -1 107 280 942 309 47 293 -1 92 474 345 100 1 993 163 950 799 692 142 509 145 510 100 411 381 324 278 352 131 962 30 212 524 50 379 748 -1 583 975 997 455 860 582 441 803 474 118 445 493 588 199 585 322 215 349 701 540 318 -1 601 803 692 400 87 239 472 868 958 134 57 -1 796 25 570 251 29 161 376 487 590 284 383 324 187 402 722 -1 228 279 781 897 368 791 452 401 836 -1 890 164 496 620 5 -1 153 189 294 897 267 23 537 746 48 334 570 -1 656 43 158 -1 687 878 -1 949 612 -1 575 102 734 730 916 575 215 171 623 415 774 -1 46 151 804 241 883 791 839 92 479 885 843 526 299 -1 935 534 -1 676 357 326 723 132 927 612 483 945 21 371 906 487 68 -1 700 -1 686 571 20 547 512 106 26 168 713 233 804 495 889 213 306 -1 -1 768 588 974 445 394 229 208
-1 563 722 542 576 876 204 -1 234 110 876 349 -1 498 -1 718 1 982 -1 437 218 649 344 444 180 293 634 62 156 258 -1 181 -1 94 939 266 55 251 605 649 130 542 687 636 380 892 992 93 314 159 340 407 174 670 158 38 958 563 -1 1000 125 485 241 396 241 588 130 159 157 395 637 140 290 121 891 742 743 908 842 343 599 925 257 75 792 961 363 -1 872 2 948 827 647 769 737 51 -1 814 905 621 -1 90 -1 566 129 491 458 823 837 129 365 409 161 997 67 817 913 630 866 922 767 277 841 256 119 741 725 282 721 715 244 859 130 879 610 734 57 614 241 902 578 425 52 132 521 -1 153 274 76 988 172 517 197 917 129 43 93 584 -1 195 189 977 390 344 940 240 78 977 460 786 421 536 -1 827 958 129 62 1000 928 448 108 -1 607 -1 505 406 337 66 607 722 907 97 669 291 864 926 473 129 636 332
576 460 833 837 879 624 -1 178 -1 108 169 10 784 565 996 764 445 780 915 -1 187 733 988 580 363 121 266 357 399 440 556 4 188 693 466 959 285 712 708 -1 456 605 -1 956 875 -1 95 709 42 614 877 837 791 405 76 308 245 316 640 868 456 257 797 900 349 129 145 492 237 15 808 395 256 -1 688 318 561 807 477 -1 164 390 -1 178 165 525 84 739 682 563 254 622 240 133 19 172 594 299 851 936 558 492 450 146 598 588 808 -1 993 923 -1 770 746 239 323 146 722 354 -1 463 208 324 347 497 603 971 719 454 173 547 514 111 244 363 376 -1 405 675 775 11 238 -1 436 296 808 595 327 673 85 255 334 784 223 824 55 339 692 638 3 -1 121 608 524 812 971 698 138 19 973 149 177 514 55 573 241 622 650 258 286 240 396 441 606 840 118 349 717 646 808 852 796 73 688 623 1000 794 839 -1 351 462
399 890 146 558 -1 592 990 523 892 825 545 618 335 166 789 -1 398 883 61 -1 319 377 161 -1 90 620 520 -1 492 109 934 969 117 -1 456 275 736 982 -1 -1 930 830 234 207 734 -1 105 311 811 482 54 410 -1 881 167 389 -1 366 361 439 270 772 370 207 442 654 898 259 544 357 976 3 454 -1 533 771 852 536 711 218 9 189 841 598 759 -1 81 708 238 176 657 675 737 728 625 911 25 83 880 62 464 55 -1 206 785 470 615 453 573 -1 462 886 408 616 811 266 -1 649 680 888 375 901 655 622 222 39 748 948 237 946 971 362 406 81 -1 220 674 680 -1 966 667 276 223 911 327 267 870 672 243 332 8 70 418 -1 240 202 542 475 841 344 -1 787 585 332 109 785 597 979 924 317 215 592 742 880 161 -1 226 266 727 433 -1 413 318 618 -1 332 241 979 440 629 771 715 672 71 133 90 480 687 521 842
808 858 788 284 -1 -1 445 852 292 236 919 490 40 380 665 571 148 817 354 815 724 133 886 863 113 489 -1 -1 395 -1 -1 292 907 480 124 160 360 72 449 368 378 778 294 -1 891 63 118 318 670 554 787 765 66 545 923 129 -1 385 728 361 664 833 860 611 569 262 427 891 194 548 927 900 -1 999 191 323 -1 32 675 966 793 576 797 915 111 943 236 810 47 525 633 926 753 935 629 164 51 706 537 800 -1 179 -1 24 489 -1 785 312 660 839 447 23 537 47 413 93 435 737 762 381 414 -1 981 945 617 285 -1 732 191 694 -1 894 989 291 584 253 51 983 859 91 814 247 781 759 172 504 416 311 542 998 -1 474 -1 57 356 970 70 919 -1 823 477 508 573 304 744 368 -1 199 180 483 653 440 337 807 6 599 593 384 187 552 52 519 62 575 731 -1 918 255 220 576 771 702 114 593 524 783 833 -1 -1 118
166 901 132 827 339 664 -1 519 338 131 -1 930 822 614 898 394 702 243 686 539 492 547 516 383 600 242 739 660 827 774 986 150 63 775 538 121 -1 -1 21 81 -1 534 609 802 863 620 97 87 -1 942 166 41 390 14 922 931 731 607 749 349 951 89 450 86 763 175 151 312 165 887 877 -1 866 905 88 635 9 609 804 273 8 298 962 519 902 926 264 804 35 -1 310 536 188 680 609 -1 35 603 415 576 475 236 761 176 216 943 564 605 978 349 734 -1 246 21 780 419 9 161 665 212 918 369 722 263 682 366 817 643 478 141 -1 14 778 367 239 354 886 101 992 129 309 -1 105 533 380 10 964 323 720 226 224 535 -1 -1 947 813 511 573 739 243 478 508 -1 404 688 862 330 759 545 838 148 943 194 715 241 315 38 698 906 315 109 87 493 -1 91 94 334 745 45 843 379 501 638 570 579 553 588 724 190 208
94 -1 839 420 120 873 724 578 607 119 39 651 726 379 547 898 136 365 791 -1 762 776 69 231 424 216 952 361 736 -1 853 51 646 930 855 742 919 288 -1 870 254 727 48 297 540 350 704 195 603 990 611 412 237 -1 369 625 229 943 978 312 939 114 934 157 841 483 461 782 570 623 5 724 466 793 -1 252 -1 628 566 559 25 841 801 -1 405 364 337 219 956 879 906 746 329 999 708 650 -1 969 396 438 361 30 327 53 378 349 539 987 416 185 685 587 534 195 171 381 840 780 636 70 284 765 277 728 685 820 530 372 191 491 -1 510 353 185 68 -1 538 459 594 208 377 828 -1 375 823 48 819 802 670 -1 986 592 42 340 36 613 -1 435 405 939 276 262 -1 227 97 714 869 990 465 531 623 574 925 866 -1 586 -1 762 65 462 -1 949 28 947 212 740 256 201 -1 -1 811 609 588 735 792 127 315 687 607 428
949 886 757 771 377 789 60 735 503 509 269 56 908 914 585 500 139 188 211 272 73 -1 497 581 708 738 779 288 -1 370 891 330 750 142 816 213 579 847 580 193 48 130 15 149 459 264 914 275 425 289 789 -1 -1 81 407 229 286 -1 728 817 138 972 389 56 172 981 723 553 21 843 348 -1 908 534 822 790 -1 562 -1 -1 367 618 285 616 559 249 391 842 320 579 912 453 711 816 902 25 930 197 793 48 16 -1 81 525 870 595 -1 486 517 161 662 46 789 767 577 542 55 -1 757 326 465 216 777 626 502 928 -1 118 240 348 -1 500 166 -1 962 516 -1 819 261 615 180 629 364 931 -1 677 275 -1 252 -1 182 -1 -1 866 298 980 864 149 475 694 98 930 215 783 890 333 571 896 802 925 7 828 143 870 733 916 192 354 329 26 230 879 6 615 664 989 810 -1 340 241 -1 858 252 535 108 766 552 572 538 100
228 454 848 827 882 433 762 7 484 226 604 757 678 953 433 970 491 109 540 122 472 475 397 61 348 324 -1 313 316 667 974 139 672 388 -1 469 736 684 400 478 508 315 26 820 102 390 217 207 193 958 121 335 614 580 636 63 235 722 682 419 715 868 630 994 748 71 92 219 445 245 149 -1 318 653 870 231 356 228 404 -1 565 212 956 379 422 50 162 420 578 46 994 624 575 -1 20 813 972 967 338 415 696 202 607 995 505 42 432 152 167 251 751 85 149 150 953 900 115 312 818 39 966 42 -1 -1 79 454 618 149 286 991 537 574 341 589 111 955 684 855 879 38 635 679 535 978 -1 886 725 444 589 451 130 -1 770 534 974 831 412 563 152 749 215 138 758 87 33 273 1 117 529 589 898 560 853 99 818 807 205 901 977 789 216 60 566 673 755 884 992 410 217 138 440 238 23 28 551 861 959 248 421 674
846 833 550 455 768 279 486 567 947 917 812 569 420 6 911 841 269 411 603 252 513 140 -1 920 225 672 456 158 791 614 360 495 209 99 731 194 587 534 -1 264 -1 912 147 144 593 30 962 974 265 739 995 455 622 196 -1 100 634 112 482 702 7 322 329 -1 701 696 540 832 600 205 -1 976 22 27 382 310 234 500 692 905 871 -1 106 866 406 930 913 475 821 33 167 835 311 908 179 942 224 202 733 425 165 299 341 255 343 625 70 478 609 88 -1 366 834 784 754 453 731 -1 603 233 473 925 522 298 -1 -1 319 458 119 134 99 258 316 -1 362 689 793 350 225 865 905 945 975 604 799 -1 458 116 -1 166 -1 500 343 681 557 912 347 581 -1 923 -1 779 223 418 -1 583 482 189 -1 219 -1 919 245 505 580 850 492 912 -1 140 938 342 -1 986 672 367 -1 -1 220 411 404 474 -1 326 897 -1 746 743 996 954
440 -1 254 814 -1 89 283 4 868 731 969 4 540 941 111 886 908 298 861 -1 827 880 957 328 107 696 111 841 915 653 767 569 902 324 448 826 138 706 580 525 -1 613 105 282 -1 134 132 28 84 101 131 488 835 95 522 789 915 609 443 144 688 533 858 196 703 -1 36 797 136 388 -1 267 259 653 766 985 418 4 130 141 -1 425 653 700 240 121 856 999 162 184 452 263 523 513 845 607 426 819 881 995 -1 694 148 142 701 579 542 185 -1 229 346 24 -1 313 37 781 519 3 417 820 -1 380 662 960 449 906 926 669 601 330 616 414 176 612 874 230 385 101 93 850 398 -1 210 681 644 158 495 613 79 671 149 852 935 399 205 935 751 -1 16 949 633 531 113 51 213 429 101 719 -1 510 -1 8 277 -1 646 585 247 425 96 638 848 59 871 260 407 988 173 696 963 372 997 -1 444 224 185 627 924 88 603 241
891 391 659 101 -1 279 854 931 235 87 150 319 904 169 385 26 83 756 668 365 841 873 517 590 76 648 47 922 878 805 950 476 661 606 -1 314 -1 -1 690 19 344 837 845 823 553 606 256 898 384 -1 850 208 909 874 578 108 816 266 880 851 261 88 -1 -1 771 270 686 977 138 957 417 287 894 546 804 182 294 907 356 742 762 950 677 10 814 298 641 105 518 475 -1 600 111 663 362 -1 519 528 183 615 174 -1 984 -1 -1 317 770 715 263 277 762 707 602 104 754 97 753 318 670 604 596 -1 235 563 1 124 922 -1 473 332 485 985 848 708 -1 660 975 50 542 482 588 370 311 470 -1 71 -1 380 543 281 620 -1 958 949 723 293 383 554 459 52 874 315 101 928 376 115 773 669 101 580 -1 -1 541 4 868 769 981 267 425 575 210 692 55 -1 363 -1 387 712 687 491 808 834 604 695 671 -1 876 56 23 -1
833 959 296 341 810 983 769 332 105 931 18 915 253 140 521 137 881 111 807 271 971 940 18 784 187 26 978 530 -1 906 392 103 180 849 754 182 537 29 687 9 430 547 500 565 391 951 880 692 151 -1 639 732 -1 722 298 747 527 119 515 284 115 776 537 465 137 -1 82 261 410 564 470 144 761 -1 751 51 111 -1 739 987 366 385 671 815 985 290 363 127 54 205 -1 5 228 346 689 -1 420 513 472 769 323 200 377 186 339 148 -1 355 75 712 372 120 640 538 407 661 17 -1 701 617 260 -1 -1 917 999 519 829 585 285 440 46 604 959 215 453 332 347 18 546 495 878 -1 -1 910 837 175 908 90 -1 19 174 848 112 786 794 887 153 33 -1 85 -1 741 396 75 725 564 266 961 313 1000 815 37 44 359 -1 436 701 316 963 125 564 548 873 552 220 334 677 103 547 849 164 401 539 454 -1 307 322 76 -1 393
252 438 880 -1 382 295 289 747 190 895 847 -1 213 49 161 858 427 721 335 144 81 -1 457 804 228 -1 880 181 673 52 715 33 586 692 809 347 444 1 -1 831 859 246 -1 207 294 109 942 660 365 255 738 752 699 745 114 707 964 355 986 223 276 498 961 990 259 270 816 234 331 802 911 254 -1 311 445 -1 561 897 739 704 -1 274 738 93 979 567 152 37 100 503 524 991 788 702 34 149 362 154 806 381 741 844 -1 721 905 42 990 539 593 379 40 44 352 -1 704 287 155 714 963 639 527 1 681 659 332 749 775 583 802 551 900 434 111 68 389 846 94 961 450 344 207 755 528 354 735 343 524 938 566 -1 -1 494 78 599 324 815 -1 261 676 301 940 963 510 60 -1 252 650 636 193 -1 67 490 532 406 475 692 753 -1 -1 312 -1 -1 754 295 -1 45 863 535 -1 587 656 753 644 952 580 252 297 387 195 71
829 218 887 326 754 822 963 574 697 810 106 42 773 929 60 -1 26 100 -1 213 12 845 677 -1 209 985 936 16 168 422 824 462 -1 -1 658 866 550 785 970 -1 516 234 -1 424 805 145 313 651 746 923 583 302 44 995 400 226 310 768 698 4 716 987 354 645 203 311 815 104 197 664 205 27 979 489 3 700 237 856 550 585 -1 747 440 347 136 513 50 222 -1 342 67 109 248 610 772 942 488 654 117 210 538 767 510 210 478 950 477 108 943 128 49 94 889 -1 105 49 109 238 636 553 639 59 479 224 582 526 37 749 -1 258 645 928 783 737 995 643 593 -1 433 -1 400 250 784 350 203 714 641 773 271 4 895 93 272 553 206 443 77 400 1 96 55 796 -1 636 119 -1 268 16 657 377 53 332 513 -1 673 727 322 -1 -1 379 471 598 -1 443 283 788 479 435 489 517 319 597 935 117 845 694 461 233 266 671
484 254 166 880 62 422 613 125 412 708 123 594 711 32 520 564 794 220 942 873 40 311 997 104 925 639 567 -1 233 669 143 780 525 233 717 762 359 822 302 774 240 845 280 82 358 981 892 242 300 897 530 129 838 29 112 -1 -1 120 726 677 -1 244 101 893 545 853 624 927 87 182 656 244 937 876 371 165 249 61 300 500 523 72 977 970 135 847 -1 780 455 865 355 937 914 342 745 315 -1 609 927 112 186 804 144 708 779 745 916 210 922 176 511 802 291 413 518 286 396 412 181 574 429 645 403 -1 816 555 -1 207 423 876 720 105 767 784 942 93 696 733 147 622 669 236 574 99 474 12 258 741 70 -1 947 327 -1 556 524 660 229 918 394 824 192 180 631 815 944 741 363 816 301 781 75 304 124 460 838 821 497 760 146 605 400 41 -1 182 402 901 856 364 22 720 358 308 374 564 709 763 277 18 41 424
853 285 -1 755 526 985 -1 5 148 550 812 118 895 338 519 856 80 361 561 882 -1 300 283 277 133 335 463 217 370 644 963 534 163 929 495 514 237 315 498 107 82 122 521 982 121 421 -1 861 585 546 535 134 697 594 518 923 22 -1 693 387 579 -1 763 233 831 851 745 303 130 697 442 -1 -1 255 738 281 10 421 -1 571 203 698 221 466 729 820 616 333 472 895 22 752 473 7 278 321 371 490 -1 551 855 889 581 167 895 12 721 98 785 922 743 408 848 781 696 -1 776 954 -1 186 681 241 484 742 -1 448 935 -1 698 702 529 354 446 850 896 885 895 780 72 688 903 382 985 387 846 651 21 458 927 983 259 215 131 3 253 382 95 553 975 326 1000 946 898 -1 569 970 170 -1 -1 908 352 -1 639 523 438 735 204 288 -1 95 139 853 336 98 710 767 463 624 -1 918 -1 660 410 112 584 557 461 17 37 -1
212 -1 782 420 885 508 996 278 -1 958 874 81 622 666 883 -1 664 529 -1 207 105 657 623 360 214 109 -1 569 534 669 100 787 120 162 -1 -1 214 672 572 215 -1 771 760 -1 870 319 335 100 -1 175 778 -1 311 629 857 409 140 957 710 869 -1 22 75 16 331 398 525 71 -1 19 618 322 626 214 107 942 197 815 956 100 -1 240 634 297 -1 221 269 653 418 332 227 986 152 760 435 867 315 200 11 998 567 -1 766 76 747 727 970 -1 281 807 -1 718 563 515 679 836 160 732 97 654 826 432 684 -1 379 695 843 692 4 463 517 945 348 590 193 134 529 182 995 751 513 193 917 375 480 582 -1 493 393 986 601 783 862 -1 52 448 680 91 355 807 61 236 426 899 198 785 854 268 -1 -1 -1 323 257 282 611 116 494 666 -1 414 559 45 672 630 867 387 72 151 851 764 993 565 188 637 372 567 374 116 248 224
194 138 467 38 736 498 8 736 81 177 478 340 431 -1 788 791 545 955 87 528 29 352 322 373 16 495 107 656 187 20 704 686 64 532 889 550 310 146 759 966 367 -1 357 693 788 86 889 482 69 514 772 946 779 427 315 111 53 -1 -1 -1 875 903 369 764 527 240 294 468 600 128 397 721 799 528 405 634 397 381 649 626 757 459 782 -1 -1 877 172 898 12 176 -1 -1 877 202 554 473 651 -1 487 759 432 559 599 -1 414 69 247 667 434 24 737 154 669 550 919 677 210 145 154 550 85 172 -1 35 141 587 951 935 793 133 39 395 90 -1 194 554 -1 633 980 177 159 838 387 309 310 41 565 181 330 298 -1 756 398 312 666 -1 265 537 763 546 -1 951 581 932 728 515 187 548 560 766 529 88 938 330 335 24 -1 169 42 741 228 754 188 107 183 311 137 715 341 376 311 360 462 -1 652 358 524 883 506 674
709 294 509 867 156 80 -1 433 699 810 40 562 450 714 293 540 980 49 846 156 706 688 982 352 814 -1 252 17 252 -1 16 31 75 36 962 166 968 242 -1 667 674 -1 289 498 819 -1 -1 955 370 923 -1 800 742 244 516 81 338 116 659 904 452 685 41 41 -1 615 436 656 440 -1 394 170 706 432 -1 815 484 226 129 507 806 638 796 913 -1 975 235 967 247 119 654 90 193 966 25 970 951 476 463 321 -1 215 569 581 172 -1 206 273 -1 453 186 -1 370 977 64 941 -1 140 927 357 379 332 676 635 126 -1 568 50 122 595 608 -1 -1 -1 881 351 796 706 150 78 530 548 747 964 727 697 173 498 575 660 313 827 145 47 906 -1 261 289 524 279 504 555 546 339 830 761 -1 -1 360 881 913 391 986 151 571 361 17 120 526 292 578 439 112 480 47 -1 409 484 830 326 604 -1 309 944 32 228 972 918 217 -1
52 671 101 -1 372 324 112 804 59 264 45 702 551 377 922 826 248 359 625 892 571 892 761 -1 330 809 -1 472 588 559 902 328 309 496 780 811 18 287 538 106 56 617 -1 497 413 566 758 398 13 655 511 906 923 893 420 -1 421 770 764 394 710 446 491 817 266 662 25 165 656 950 719 481 539 278 452 790 822 297 -1 402 79 -1 667 648 548 85 -1 377 23 522 488 60 335 578 871 293 382 465 14 154 252 866 772 309 777 35 937 206 529 248 641 745 531 90 63 686 75 354 839 768 892 735 499 405 295 559 234 310 860 967 94 620 824 244 788 388 462 738 -1 75 848 622 351 415 32 577 643 445 517 547 808 258 65 752 719 90 59 861 533 578 9 731 490 422 601 847 557 835 320 495 -1 901 985 26 968 932 167 955 23 430 695 -1 274 889 20 419 36 323 403 447 985 594 -1 103 389 266 71 71 445 486
140 -1 297 424 968 726 24 142 979 788 158 317 607 286 795 534 140 40 109 -1 536 395 618 689 383 443 562 629 372 341 736 405 851 93 745 171 471 788 130 166 635 646 446 996 -1 783 330 523 435 36 142 -1 774 351 574 241 807 868 391 706 71 694 -1 -1 396 331 84 34 106 958 736 540 751 780 -1 243 434 517 626 303 960 849 8 917 740 272 478 90 -1 253 553 998 166 483 553 235 353 786 184 982 424 588 -1 303 920 631 266 279 275 351 10 650 611 598 153 -1 987 -1 758 95 934 660 479 778 66 -1 742 728 374 926 410 273 33 26 471 627 378 665 229 601 247 2 287 641 213 59 924 79 779 -1 268 831 144 46 292 -1 795 346 503 320 124 291 193 694 404 102 706 509 159 909 767 778 542 213 -1 455 446 237 995 547 -1 297 784 -1 781 474 426 1000 584 904 822 179 264 665 321 -1 258 83 330 212
723 985 836 594 190 93 542 167 929 165 -1 -1 167 666 444 887 959 314 4 665 893 283 674 449 27 806 637 337 233 456 667 166 42 835 989 913 883 773 685 378 288 922 170 500 829 260 752 611 -1 674 8 473 443 23 299 639 907 80 -1 41 639 944 11 695 95 964 974 90 418 437 947 45 928 913 -1 512 788 885 354 127 -1 904 12 364 622 -1 135 370 793 -1 474 95 364 227 -1 987 634 669 320 456 755 567 552 561 174 -1 297 609 292 211 100 291 614 258 95 515 370 487 304 93 241 -1 958 808 612 36 733 209 927 -1 800 -1 475 279 441 416 326 177 567 -1 612 695 160 251 545 804 982 861 900 86 350 754 460 571 293 805 -1 639 87 963 552 765 928 638 462 663 -1 527 156 474 164 -1 63 -1 276 42 614 307 365 57 552 716 323 -1 867 640 -1 -1 913 472 -1 608 45 825 733 -1 285 849 993 816
286 942 585 427 -1 878 473 848 113 152 411 560 508 419 951 460 216 74 426 548 -1 -1 151 -1 268 333 749 392 481 902 765 917 191 254 670 219 396 -1 493 255 879 801 793 404 779 195 382 235 843 969 153 484 642 25 341 285 115 635 -1 750 888 -1 467 520 853 508 912 991 457 389 129 304 9 999 171 675 181 509 -1 410 946 888 208 418 549 -1 510 586 449 -1 590 278 276 495 912 46 524 654 74 257 706 225 681 672 836 94 981 947 190 766 438 232 540 632 836 -1 677 943 104 803 661 -1 310 205 105 354 721 -1 587 454 438 59 628 474 161 900 626 553 578 101 452 367 586 513 240 415 973 -1 -1 816 164 856 886 895 677 262 -1 805 823 836 -1 -1 576 58 881 909 -1 10 670 617 662 26 308 147 170 663 104 907 377 343 419 59 874 450 -1 329 137 569 59 95 630 711 403 -1 818 971 540 768 281 916
281 806 59 837 310 145 -1 24 688 788 111 854 32 481 151 356 936 767 708 386 709 316 958 695 -1 487 37 841 28 434 661 34 422 -1 -1 396 738 540 758 688 122 168 720 63 233 401 557 504 -1 889 566 647 253 210 268 567 778 877 -1 410 415 -1 360 519 -1 643 262 909 167 252 -1 884 301 39 335 -1 754 -1 251 25 989 322 562 -1 826 254 828 137 191 879 31 754 940 957 433 204 173 525 639 355 372 579 604 672 324 893 665 -1 681 315 1000 390 795 333 -1 748 701 135 406 104 255 461 941 445 614 604 211 7 329 822 759 103 232 552 653 801 594 786 683 496 599 335 455 711 555 923 142 801 797 245 364 -1 988 903 -1 449 907 870 344 571 715 315 378 691 100 234 799 -1 574 723 748 913 -1 -1 689 -1 791 553 -1 852 686 985 264 -1 438 -1 210 250 684 202 954 168 553 822 489 900 436 959 751 846
907 943 705 731 912 53 343 234 589 -1 688 774 837 623 20 321 911 -1 596 834 930 428 144 158 869 105 344 867 831 933 724 544 802 769 678 227 591 811 451 672 450 467 666 593 -1 598 211 -1 50 535 -1 -1 -1 121 183 59 -1 953 112 316 772 308 542 826 594 101 609 287 336 440 889 -1 187 -1 990 -1 130 539 275 6 668 38 46 542 35 499 705 582 545 526 8 794 188 94 939 878 138 236 535 916 512 255 275 -1 538 472 679 489 482 139 154 -1 38 403 621 408 509 343 955 808 779 978 975 165 231 336 634 10 120 -1 710 63 -1 911 814 664 -1 867 581 826 494 999 702 684 541 40 290 989 383 231 -1 193 -1 572 605 703 935 136 95 712 -1 415 555 245 570 265 968 223 -1 642 721 126 570 145 923 889 -1 239 37 -1 3 558 552 554 -1 889 810 38 384 501 103 -1 425 432 590 192 705 525 252 791
-1 796 890 -1 239 469 800 739 544 130 44 144 406 -1 631 883 79 912 83 342 255 36 108 716 55 45 73 526 470 962 269 219 9 917 765 764 532 502 523 997 598 784 440 357 276 134 256 888 955 446 29 417 -1 201 855 975 825 541 -1 798 404 375 815 119 696 -1 378 884 915 440 -1 -1 191 998 616 358 887 800 962 785 -1 607 -1 607 374 214 324 483 816 358 656 941 437 882 792 155 -1 279 999 256 940 755 955 70 597 324 589 787 889 -1 750 825 -1 306 -1 -1 921 40 958 -1 844 67 198 785 611 814 955 843 921 962 978 586 907 185 -1 96 503 596 246 145 85 879 401 159 918 -1 131 354 989 762 342 945 169 478 714 531 -1 171 984 778 505 -1 537 218 320 522 -1 136 603 556 31 814 641 444 39 149 609 26 506 321 -1 147 3 250 -1 543 398 991 661 518 257 266 769 469 236 856 424 660 542 159
-1 938 -1 760 275 982 303 190 717 852 82 -1 526 414 609 -1 -1 787 -1 823 986 838 472 373 4 697 877 394 385 633 61 287 143 443 881 846 357 298 396 203 136 469 470 134 -1 513 283 527 259 305 608 132 674 -1 802 775 55 289 -1 975 -1 43 192 189 864 786 421 -1 307 -1 919 48 749 427 849 2 887 152 276 854 432 319 416 849 591 7 337 985 509 146 432 530 813 843 726 674 -1 964 805 211 -1 665 403 612 263 974 -1 274 -1 706 3 795 470 609 445 8 900 925 136 732 957 54 246 942 371 833 588 445 656 915 541 164 400 558 701 -1 199 -1 521 582 341 458 -1 28 -1 620 178 896 -1 676 369 911 25 355 -1 571 432 343 656 656 310 537 173 -1 552 -1 995 465 375 932 519 151 388 202 755 552 277 604 390 818 878 263 343 768 -1 346 274 169 388 459 946 954 8 -1 805 408 879 290 270 820
776 653 -1 161 -1 771 87 527 417 337 133 851 319 705 855 236 956 533 278 983 940 144 797 554 618 63 967 403 687 16 742 547 645 301 -1 456 937 126 997 723 647 394 272 153 881 -1 544 696 -1 882 446 348 302 762 1 738 -1 701 751 932 3 702 137 909 855 637 207 298 895 744 35 336 438 819 902 861 967 302 517 659 669 590 -1 923 847 766 -1 460 762 476 464 242 85 170 553 79 970 681 182 -1 325 305 880 504 -1 918 535 413 24 171 447 988 925 949 418 323 270 287 985 922 866 525 386 917 345 883 -1 816 932 358 583 123 584 737 374 375 532 957 474 658 452 807 328 702 555 717 667 925 490 757 795 709 576 512 531 4 -1 42 183 340 775 44 62 537 82 150 706 248 972 403 173 634 43 640 252 250 451 226 463 -1 -1 6 -1 948 -1 -1 279 452 527 98 151 626 985 -1 136 868 858 815 263 78
211 -1 876 292 405 744 635 625 859 313 315 854 382 858 80 -1 479 736 753 704 161 -1 140 543 158 717 147 481 108 379 975 -1 326 562 551 -1 884 971 -1 -1 917 322 686 -1 187 380 -1 -1 892 83 820 796 897 365 814 905 389 362 317 170 812 -1 159 101 63 160 712 610 140 326 526 399 110 105 479 405 343 553 410 -1 236 944 824 401 132 -1 274 777 -1 681 857 984 555 536 3 890 370 111 382 225 474 992 787 861 149 232 123 106 923 678 667 703 982 976 618 302 503 137 457 151 984 -1 255 76 310 805 -1 969 922 120 541 852 219 255 414 16 -1 816 678 825 426 711 536 116 742 -1 557 670 325 284 24 291 249 737 -1 694 53 595 -1 397 736 270 364 714 499 980 366 637 683 -1 -1 585 980 219 -1 -1 804 -1 59 376 471 776 62 506 108 920 94 90 740 910 262 441 -1 191 700 503 389 172 535 -1
-1 631 388 595 854 899 29 374 198 235 209 -1 418 106 294 509 575 359 225 -1 221 -1 835 56 292 263 786 658 -1 954 358 -1 373 901 605 858 448 451 545 660 -1 314 -1 -1 367 863 131 957 687 76 357 506 614 853 304 374 386 289 980 709 365 592 212 683 563 151 137 206 702 -1 433 90 513 405 776 363 543 635 -1 229 806 502 846 62 330 958 669 862 478 594 973 791 484 863 366 23 346 916 96 536 240 615 445 454 428 679 920 360 411 310 76 396 810 604 338 992 927 215 552 563 557 889 296 673 8 697 624 666 80 851 922 428 321 784 574 349 591 281 560 728 51 283 912 -1 691 324 454 453 54 718 -1 -1 597 54 358 684 -1 480 231 273 56 597 774 141 584 161 608 856 986 53 -1 -1 928 489 49 901 972 423 953 676 703 435 23 833 972 252 844 910 475 710 219 517 161 996 585 867 547 382 492 256
336 505 -1 237 244 463 413 356 157 881 409 176 382 368 408 594 747 282 -1 23 927 438 126 996 532 608 162 -1 421 406 850 488 495 76 491 562 666 708 604 959 110 369 87 860 926 953 -1 887 736 822 613 272 982 -1 -1 981 352 45 757 171 128 -1 906 197 122 649 -1 157 642 184 562 13 87 741 771 246 572 295 294 86 196 381 718 642 979 778 -1 791 558 839 856 879 613 117 377 379 515 -1 600 903 846 153 626 244 -1 290 741 807 526 621 693 181 366 848 -1 155 481 20 102 563 754 185 814 395 -1 796 409 572 321 42 374 481 827 407 545 144 336 644 342 747 23 498 781 690 850 590 59 67 -1 882 616 981 687 -1 542 82 925 143 763 117 581 841 476 -1 708 132 693 390 729 58 747 18 405 393 -1 -1 538 290 762 -1 32 871 549 725 304 -1 83 696 734 28 314 -1 -1 951 836 81 -1 161 530 259
73 148 535 -1 590 301 742 569 288 -1 927 218 885 256 337 264 736 660 404 681 522 155 601 747 429 220 673 873 -1 818 548 92 551 201 460 952 380 56 573 400 842 188 -1 830 -1 224 911 299 12 28 351 170 165 510 108 22 159 338 925 314 283 -1 2 515 981 224 595 579 877 364 363 305 113 -1 337 166 325 665 459 597 279 -1 523 874 622 167 792 -1 74 425 948 941 301 224 220 347 943 87 12 111 509 87 136 93 -1 494 948 600 364 475 876 28 93 228 335 951 600 735 596 804 777 413 562 686 856 484 163 404 654 479 221 115 -1 872 393 675 352 -1 655 -1 35 989 826 704 895 186 53 307 921 895 552 979 372 978 509 -1 513 375 760 557 901 566 109 485 923 64 331 23 589 223 288 -1 917 148 970 882 173 114 680 255 525 212 613 66 905 734 621 140 624 610 77 437 152 879 623 558 -1 3 181 39
802 202 916 972 -1 534 -1 574 673 729 123 65 663 362 -1 966 267 123 -1 14 957 727 312 -1 447 41 114 379 972 727 535 233 970 514 426 428 378 77 89 207 214 217 446 -1 301 335 405 660 328 411 612 19 363 807 278 839 751 173 286 -1 -1 581 796 288 732 697 90 34 230 402 -1 747 549 708 828 -1 379 671 353 40 359 211 957 556 373 696 884 789 97 -1 81 712 946 -1 861 1 367 129 756 -1 961 152 63 584 638 907 268 764 110 839 284 910 174 868 944 -1 870 297 -1 542 68 493 929 509 404 140 608 102 230 525 725 780 -1 285 -1 414 825 426 484 674 429 -1 389 567 592 1000 989 683 549 500 395 981 686 34 341 642 418 698 714 658 911 868 584 211 168 62 938 -1 -1 686 324 337 635 866 756 396 190 581 770 214 168 652 320 512 221 982 531 583 652 -1 368 -1 847 805 535 753 640 705 947 463
940 171 246 401 562 969 16 900 879 70 522 762 391 -1 61 375 560 855 885 29 268 794 -1 492 415 885 485 -1 699 361 722 140 -1 317 -1 32 390 635 459 654 313 522 384 -1 508 308 281 364 280 792 509 425 -1 315 649 641 876 209 -1 134 957 857 478 483 218 984 258 128 208 112 904 535 593 562 494 754 9 514 569 137 -1 947 216 739 332 873 559 318 31 194 397 282 398 669 797 158 969 958 452 590 509 98 150 730 341 44 91 427 302 958 728 477 528 841 436 555 207 932 453 627 540 821 884 158 936 539 238 501 564 800 737 712 36 501 -1 83 738 964 957 133 688 77 950 302 597 467 758 301 262 221 722 244 -1 506 496 398 470 401 257 100 198 661 452 65 28 551 -1 757 414 306 905 317 429 -1 742 700 -1 978 747 614 293 140 517 459 497 482 168 221 868 448 135 972 846 311 793 360 205 562 543 -1
910 721 166 -1 78 796 679 -1 536 882 755 997 279 963 -1 115 125 738 355 214 888 81 672 466 626 641 328 35 230 838 194 770 805 462 977 30 -1 271 124 890 183 639 -1 933 598 541 -1 77 703 646 16 531 758 362 330 82 219 817 987 194 31 828 236 104 388 94 -1 846 484 865 59 70 247 755 544 719 792 683 558 33 125 51 -1 906 207 948 193 951 445 898 306 595 628 65 389 230 394 798 110 841 -1 44 911 -1 523 -1 815 383 560 553 101 410 303 821 371 983 943 -1 499 303 565 796 102 192 549 651 264 639 658 237 772 541 214 153 223 316 843 627 761 450 790 397 408 499 566 126 -1 601 368 306 94 722 328 832 595 671 99 72 387 99 776 180 -1 20 832 764 777 378 457 -1 967 -1 251 297 549 508 636 25 483 169 346 -1 953 36 902 -1 495 856 774 403 112 245 273 603 -1 536 137 271 313 999
582 499 235 841 839 -1 1 417 912 727 734 270 300 564 681 775 14 149 392 538 79 333 515 475 156 557 123 476 918 324 429 -1 116 138 412 -1 968 988 968 -1 487 713 285 68 348 -1 380 305 189 853 345 449 829 147 949 262 640 787 313 406 685 867 603 845 112 861 272 515 448 34 566 377 351 762 645 345 150 129 940 764 571 719 732 243 419 65 801 -1 330 -1 573 321 17 246 206 234 67 435 12 681 94 571 453 304 683 457 519 -1 338 782 635 40 421 618 107 498 904 264 -1 73 -1 -1 604 13 768 8 234 111 318 250 750 116 623 361 55 545 107 350 829 60 801 559 365 339 196 585 -1 -1 153 873 374 345 687 -1 8 903 784 896 500 946 904 277 971 545 854 202 -1 947 95 851 400 285 310 946 74 330 477 752 939 -1 561 193 715 219 153 425 836 929 577 209 836 -1 241 368 848 69 673 791 776 987
616 844 838 568 717 -1 250 705 552 105 76 930 887 77 656 61 387 479 415 41 707 -1 710 82 514 346 -1 757 774 824 599 265 514 767 958 688 36 770 603 -1 214 724 492 289 978 133 344 339 287 385 373 318 864 -1 164 819 892 934 252 345 805 1000 302 377 26 909 385 -1 935 815 165 656 470 704 271 481 672 717 736 361 495 -1 287 476 905 -1 605 249 500 666 839 31 722 913 -1 556 874 992 644 375 807 193 294 479 -1 62 978 620 26 -1 912 -1 293 -1 -1 963 219 -1 581 -1 511 780 438 789 -1 809 352 743 -1 3 -1 950 789 820 477 712 773 -1 971 434 640 326 -1 528 721 696 222 -1 790 758 496 846 656 365 315 851 654 837 782 66 410 601 783 954 50 725 61 289 400 781 916 34 404 915 586 959 72 788 56 -1 876 280 538 728 39 469 472 346 647 375 66 204 519 253 874 570 873 139 517 506
923 490 939 543 517 248 211 483 871 789 627 130 267 716 228 582 75 339 359 -1 -1 876 491 -1 779 367 738 722 145 700 944 138 543 797 -1 791 497 451 422 507 247 303 432 805 585 450 382 785 147 733 10 34 871 174 760 270 220 611 47 513 891 218 98 484 328 953 -1 26 964 441 520 183 361 202 262 574 613 482 534 491 261 277 -1 81 619 434 751 357 695 87 -1 -1 603 423 979 958 735 575 789 244 897 498 107 428 78 517 -1 202 921 315 -1 203 411 31 669 100 516 642 503 785 862 991 337 303 191 392 376 -1 978 930 628 782 626 853 189 870 733 81 -1 585 938 -1 712 915 702 732 476 -1 599 190 405 864 805 346 289 371 958 916 470 604 296 -1 543 76 756 585 724 56 799 925 834 948 846 180 319 636 722 63 995 510 56 396 325 851 71 613 -1 468 423 45 752 339 542 604 610 44 913 163 57 136
131 978 618 884 848 703 278 378 988 99 631 176 246 -1 488 -1 69 -1 507 978 -1 -1 22 522 152 243 401 477 199 923 471 -1 173 479 612 -1 -1 -1 467 893 494 91 883 238 773 157 489 801 24 706 279 128 541 631 626 669 235 23 282 107 136 74 166 -1 487 677 879 509 350 313 658 295 916 250 911 701 903 156 624 473 370 966 -1 602 20 749 299 240 87 377 565 828 169 677 231 59 369 378 84 528 837 336 975 700 412 893 -1 79 667 439 945 694 964 911 50 13 811 849 467 843 775 539 280 641 877 817 -1 777 233 931 279 941 733 587 263 409 610 758 620 246 -1 -1 59 413 407 457 536 349 180 813 221 302 433 801 444 184 -1 986 453 302 48 723 841 343 279 594 548 599 160 593 423 709 212 177 -1 246 854 737 455 279 789 467 394 718 736 638 440 387 826 227 424 559 680 -1 917 253 679 757 131 467
820 453 791 90 -1 331 292 593 362 411 153 307 -1 193 572 580 868 236 434 654 938 992 679 276 787 937 781 72 420 138 538 779 921 220 901 343 132 340 12 90 539 756 707 187 720 354 92 395 408 203 169 786 816 798 394 701 277 860 304 328 499 759 535 102 941 149 434 620 500 438 -1 591 405 980 393 894 149 987 274 537 615 37 -1 -1 443 791 -1 933 181 875 525 127 533 709 766 913 634 89 631 859 811 52 744 872 530 510 390 -1 18 827 919 603 471 -1 866 528 279 922 455 378 542 997 156 646 371 541 816 364 84 535 9 693 400 406 176 71 300 202 -1 509 914 117 316 329 285 704 797 242 287 1000 781 819 117 708 1 654 666 754 606 699 126 104 -1 677 297 34 268 877 771 252 92 55 291 635 -1 435 945 700 206 651 540 865 376 907 163 764 776 366 865 262 513 412 723 53 404 889 754 554 323 721
605 956 980 104 197 563 632 632 650 832 913 688 440 353 837 543 34 835 -1 418 846 250 830 623 858 -1 86 711 26 348 718 727 535 312 -1 -1 823 218 991 714 465 974 895 96 800 429 840 572 642 539 921 644 828 978 802 979 447 601 721 727 551 410 89 126 99 812 304 183 6 -1 222 -1 7 228 914 417 -1 209 620 -1 360 673 901 362 538 829 -1 833 307 340 753 413 -1 573 907 634 533 677 834 834 808 -1 -1 768 -1 788 507 590 127 969 418 501 566 -1 629 677 219 989 4 144 74 143 -1 606 147 932 138 73 -1 -1 874 726 305 274 194 619 82 -1 118 834 480 363 331 182 422 592 725 -1 894 643 992 175 126 342 232 117 602 52 865 694 799 55 186 535 738 543 165 93 793 716 795 362 780 159 471 951 904 852 -1 153 835 973 337 387 621 167 690 622 -1 387 75 325 681 884 771 336 303 695 491 56
718 236 233 359 490 933 436 459 379 125 431 28 592 755 582 204 35 587 262 223 -1 795 7 40 285 666 595 305 64 769 869 469 328 496 619 718 428 838 181 343 -1 794 372 985 553 533 246 -1 544 933 182 285 9 65 -1 556 398 868 853 325 419 203 126 617 413 291 266 706 391 259 236 -1 120 665 532 797 374 -1 621 294 9 507 245 227 934 892 716 221 220 818 905 102 716 499 354 401 370 856 -1 337 524 834 86 -1 15 55 462 451 974 335 209 573 937 1000 477 881 48 829 166 173 954 977 95 874 993 -1 736 160 167 767 362 745 161 597 857 747 734 965 786 664 943 -1 867 39 -1 -1 292 658 302 173 554 868 -1 113 615 754 441 337 579 249 25 939 975 755 108 901 590 861 421 566 46 17 -1 769 643 678 339 684 114 773 709 54 712 -1 290 272 142 305 -1 474 987 131 639 482 -1 698 -1 265 467 874
